2025-09-03 18:54:16,008 - cyclops - INFO - Starting Cyclops Desktop Automation Application
2025-09-03 18:54:18,274 - utils.config_manager - INFO - Configuration loaded from config/default_config.json
2025-09-03 18:54:18,274 - utils.config_manager - INFO - Configuration manager initialized with: config/default_config.json
2025-09-03 18:54:18,275 - core.screen_capture - INFO - Screen resolution: 1920x1080
2025-09-03 18:54:18,275 - core.ocr_engine - INFO - Tesseract path set to: C:\Program Files\Tesseract-OCR\tesseract.exe
2025-09-03 18:54:18,275 - core.ocr_engine - INFO - OCR Engine initialized with language: eng
2025-09-03 18:54:18,276 - core.computer_vision - INFO - Computer Vision engine initialized
2025-09-03 18:54:18,276 - core.input_simulator - INFO - Input Simulator initialized
2025-09-03 18:54:18,277 - core.state_monitor - INFO - State Monitor initialized
2025-09-03 18:54:18,277 - core.computer_vision - INFO - Computer Vision engine initialized
2025-09-03 18:54:18,277 - automation.rune_creation - INFO - Rune Creation Automation initialized
2025-09-03 18:54:18,278 - automation.food_eating - INFO - Food Eating Automation initialized
2025-09-03 18:54:18,278 - automation.health_monitor - INFO - Health Monitor Automation initialized
2025-09-03 18:54:18,278 - automation.workflow_manager - INFO - All automation modules initialized
2025-09-03 18:54:18,279 - automation.workflow_manager - INFO - Workflow Manager initialized
2025-09-03 18:54:18,314 - gui.main_window - INFO - Main window initialized
2025-09-03 18:54:18,315 - cyclops - INFO - Application started successfully
2025-09-03 18:57:02,180 - cyclops - INFO - Starting Cyclops Desktop Automation Application
2025-09-03 18:57:02,876 - utils.config_manager - INFO - Configuration loaded from config/default_config.json
2025-09-03 18:57:02,876 - utils.config_manager - INFO - Configuration manager initialized with: config/default_config.json
2025-09-03 18:57:02,877 - core.screen_capture - INFO - Screen resolution: 1920x1080
2025-09-03 18:57:02,877 - core.ocr_engine - INFO - Tesseract path set to: C:\Program Files\Tesseract-OCR\tesseract.exe
2025-09-03 18:57:02,877 - core.ocr_engine - INFO - OCR Engine initialized with language: eng
2025-09-03 18:57:02,878 - core.computer_vision - INFO - Computer Vision engine initialized
2025-09-03 18:57:02,878 - core.input_simulator - INFO - Input Simulator initialized
2025-09-03 18:57:02,878 - core.state_monitor - INFO - State Monitor initialized
2025-09-03 18:57:02,879 - core.computer_vision - INFO - Computer Vision engine initialized
2025-09-03 18:57:02,879 - automation.rune_creation - INFO - Rune Creation Automation initialized
2025-09-03 18:57:02,879 - automation.food_eating - INFO - Food Eating Automation initialized
2025-09-03 18:57:02,879 - automation.health_monitor - INFO - Health Monitor Automation initialized
2025-09-03 18:57:02,880 - automation.workflow_manager - INFO - All automation modules initialized
2025-09-03 18:57:02,880 - automation.workflow_manager - INFO - Workflow Manager initialized
2025-09-03 18:57:02,891 - gui.main_window - INFO - Main window initialized
2025-09-03 18:57:02,891 - cyclops - INFO - Application started successfully
2025-09-03 18:57:29,378 - gui.main_window - INFO - Updated rune_creation.enabled = True
2025-09-03 18:57:30,644 - gui.main_window - INFO - Updated rune_creation.enabled = False
2025-09-03 18:57:42,531 - gui.main_window - INFO - Starting workflow: full_automation
2025-09-03 18:57:42,531 - automation.workflow_manager - INFO - Starting workflow: Full Automation
2025-09-03 18:57:42,532 - automation.workflow_manager - INFO - Running automation: rune_creation
2025-09-03 18:57:42,532 - automation.workflow_manager - INFO - Started automation: rune_creation
2025-09-03 18:57:42,533 - automation.rune_creation - WARNING - Rune creation automation is disabled in configuration
2025-09-03 18:57:42,533 - automation.workflow_manager - INFO - Running automation: food_eating
2025-09-03 18:57:42,533 - automation.workflow_manager - INFO - Started automation: food_eating
2025-09-03 18:57:42,533 - automation.food_eating - WARNING - Food eating automation is disabled in configuration
2025-09-03 18:57:42,534 - automation.workflow_manager - INFO - Running automation: health_monitor
2025-09-03 18:57:42,534 - automation.workflow_manager - INFO - Started automation: health_monitor
2025-09-03 18:57:42,534 - automation.health_monitor - WARNING - Health monitoring automation is disabled in configuration
2025-09-03 18:57:42,536 - automation.workflow_manager - INFO - Workflow 'full_automation' started successfully
2025-09-03 18:58:08,506 - gui.main_window - INFO - Stopping workflow: full_automation
2025-09-03 18:58:08,507 - automation.workflow_manager - INFO - Stopping workflow: Full Automation
2025-09-03 18:58:08,511 - automation.rune_creation - INFO - Stopping rune creation automation
2025-09-03 18:58:08,512 - automation.workflow_manager - INFO - Stopped automation: rune_creation
2025-09-03 18:58:08,512 - automation.food_eating - INFO - Stopping food eating automation
2025-09-03 18:58:08,512 - automation.workflow_manager - INFO - Stopped automation: food_eating
2025-09-03 18:58:08,513 - automation.health_monitor - INFO - Stopping health monitoring automation
2025-09-03 18:58:08,514 - automation.workflow_manager - INFO - Stopped automation: health_monitor
2025-09-03 18:58:08,514 - automation.workflow_manager - INFO - Workflow 'full_automation' stopped successfully
2025-09-03 21:06:29,399 - cyclops - INFO - Starting Cyclops Desktop Automation Application
2025-09-03 21:08:09,834 - cyclops - INFO - Starting Cyclops Desktop Automation Application
2025-09-03 21:12:54,898 - cyclops - INFO - Starting Cyclops Desktop Automation Application
2025-09-03 21:19:53,247 - cyclops - INFO - Starting Cyclops Desktop Automation Application
2025-09-03 21:20:16,941 - cyclops - INFO - Starting Cyclops Desktop Automation Application
2025-09-03 21:20:19,090 - cyclops - ERROR - Missing dependencies. Exiting.
2025-09-03 21:21:08,375 - cyclops - INFO - Starting Cyclops Desktop Automation Application
2025-09-03 21:21:08,570 - utils.config_manager - INFO - Configuration loaded from config/default_config.json
2025-09-03 21:21:08,570 - utils.config_manager - INFO - Configuration manager initialized with: config/default_config.json
2025-09-03 21:21:08,570 - core.screen_capture - INFO - Screen resolution: 1920x1080
2025-09-03 21:21:08,570 - core.ocr_engine - INFO - Tesseract path set to: C:\Program Files\Tesseract-OCR\tesseract.exe
2025-09-03 21:21:08,570 - core.ocr_engine - INFO - OCR Engine initialized with language: eng
2025-09-03 21:21:08,570 - core.computer_vision - INFO - Computer Vision engine initialized
2025-09-03 21:21:08,570 - core.input_simulator - INFO - Input Simulator initialized
2025-09-03 21:21:08,570 - core.state_monitor - INFO - State Monitor initialized
2025-09-03 21:21:08,571 - core.computer_vision - INFO - Computer Vision engine initialized
2025-09-03 21:21:08,571 - automation.rune_creation - INFO - Rune Creation Automation initialized
2025-09-03 21:21:08,571 - automation.food_eating - INFO - Food Eating Automation initialized
2025-09-03 21:21:08,571 - automation.health_monitor - INFO - Health Monitor Automation initialized
2025-09-03 21:21:08,571 - automation.workflow_manager - INFO - All automation modules initialized
2025-09-03 21:21:08,571 - automation.workflow_manager - INFO - Workflow Manager initialized
2025-09-03 21:21:08,590 - gui.main_window - INFO - Main window initialized
2025-09-03 21:21:08,590 - cyclops - INFO - Application started successfully
2025-09-03 21:21:15,483 - cyclops - INFO - Starting Cyclops Desktop Automation Application
2025-09-03 21:21:15,647 - utils.config_manager - INFO - Configuration loaded from config/default_config.json
2025-09-03 21:21:15,648 - utils.config_manager - INFO - Configuration manager initialized with: config/default_config.json
2025-09-03 21:21:15,648 - core.screen_capture - INFO - Screen resolution: 1920x1080
2025-09-03 21:21:15,648 - core.ocr_engine - INFO - Tesseract path set to: C:\Program Files\Tesseract-OCR\tesseract.exe
2025-09-03 21:21:15,648 - core.ocr_engine - INFO - OCR Engine initialized with language: eng
2025-09-03 21:21:15,648 - core.computer_vision - INFO - Computer Vision engine initialized
2025-09-03 21:21:15,649 - core.input_simulator - INFO - Input Simulator initialized
2025-09-03 21:21:15,649 - core.state_monitor - INFO - State Monitor initialized
2025-09-03 21:21:15,649 - core.computer_vision - INFO - Computer Vision engine initialized
2025-09-03 21:21:15,649 - automation.rune_creation - INFO - Rune Creation Automation initialized
2025-09-03 21:21:15,649 - automation.food_eating - INFO - Food Eating Automation initialized
2025-09-03 21:21:15,649 - automation.health_monitor - INFO - Health Monitor Automation initialized
2025-09-03 21:21:15,649 - automation.workflow_manager - INFO - All automation modules initialized
2025-09-03 21:21:15,649 - automation.workflow_manager - INFO - Workflow Manager initialized
2025-09-03 21:21:15,664 - gui.main_window - INFO - Main window initialized
2025-09-03 21:21:15,665 - cyclops - INFO - Application started successfully
2025-09-03 21:21:42,460 - cyclops - INFO - Starting Cyclops Desktop Automation Application
2025-09-03 21:21:42,621 - utils.config_manager - INFO - Configuration loaded from config/default_config.json
2025-09-03 21:21:42,622 - utils.config_manager - INFO - Configuration manager initialized with: config/default_config.json
2025-09-03 21:21:42,622 - core.screen_capture - INFO - Screen resolution: 1920x1080
2025-09-03 21:21:42,622 - core.ocr_engine - INFO - Tesseract path set to: C:\Program Files\Tesseract-OCR\tesseract.exe
2025-09-03 21:21:42,622 - core.ocr_engine - INFO - OCR Engine initialized with language: eng
2025-09-03 21:21:42,622 - core.computer_vision - INFO - Computer Vision engine initialized
2025-09-03 21:21:42,622 - core.input_simulator - INFO - Input Simulator initialized
2025-09-03 21:21:42,623 - core.state_monitor - INFO - State Monitor initialized
2025-09-03 21:21:42,623 - core.computer_vision - INFO - Computer Vision engine initialized
2025-09-03 21:21:42,623 - automation.rune_creation - INFO - Rune Creation Automation initialized
2025-09-03 21:21:42,623 - automation.food_eating - INFO - Food Eating Automation initialized
2025-09-03 21:21:42,623 - automation.health_monitor - INFO - Health Monitor Automation initialized
2025-09-03 21:21:42,623 - automation.workflow_manager - INFO - All automation modules initialized
2025-09-03 21:21:42,623 - automation.workflow_manager - INFO - Workflow Manager initialized
2025-09-03 21:21:42,640 - gui.main_window - INFO - Main window initialized
2025-09-03 21:21:42,640 - cyclops - INFO - Application started successfully
2025-09-03 21:32:49,207 - automation.workflow_manager - INFO - Stopping all workflows...
2025-09-03 21:32:49,207 - automation.workflow_manager - INFO - All workflows stopped
2025-09-03 21:32:49,208 - utils.config_manager - INFO - Configuration saved to config/default_config.json
2025-09-03 21:32:50,797 - gui.main_window - INFO - Configuration saved
2025-09-03 21:32:50,797 - gui.main_window - INFO - Application closing
2025-09-03 21:32:50,820 - cyclops - INFO - Application closed
2025-09-03 21:34:09,097 - cyclops - INFO - Starting Cyclops Desktop Automation Application
2025-09-03 21:34:09,280 - utils.config_manager - INFO - Configuration loaded from config/default_config.json
2025-09-03 21:34:09,280 - utils.config_manager - INFO - Configuration manager initialized with: config/default_config.json
2025-09-03 21:34:09,281 - core.screen_capture - INFO - Screen resolution: 1920x1080
2025-09-03 21:34:09,281 - core.ocr_engine - INFO - Tesseract path set to: C:\Program Files\Tesseract-OCR\tesseract.exe
2025-09-03 21:34:09,281 - core.ocr_engine - INFO - OCR Engine initialized with language: eng
2025-09-03 21:34:09,281 - core.computer_vision - INFO - Computer Vision engine initialized
2025-09-03 21:34:09,281 - core.input_simulator - INFO - Input Simulator initialized
2025-09-03 21:34:09,281 - core.state_monitor - INFO - State Monitor initialized
2025-09-03 21:34:09,281 - core.computer_vision - INFO - Computer Vision engine initialized
2025-09-03 21:34:09,282 - automation.rune_creation - INFO - Rune Creation Automation initialized
2025-09-03 21:34:09,282 - automation.food_eating - INFO - Food Eating Automation initialized
2025-09-03 21:34:09,282 - automation.health_monitor - INFO - Health Monitor Automation initialized
2025-09-03 21:34:09,282 - automation.workflow_manager - INFO - All automation modules initialized
2025-09-03 21:34:09,282 - automation.workflow_manager - INFO - Workflow Manager initialized
2025-09-03 21:34:09,304 - gui.main_window - INFO - Main window initialized
2025-09-03 21:34:09,304 - cyclops - INFO - Application started successfully
2025-09-03 21:34:36,808 - cyclops - INFO - Starting Cyclops Desktop Automation Application
2025-09-03 21:34:36,972 - utils.config_manager - INFO - Configuration loaded from config/default_config.json
2025-09-03 21:34:36,972 - utils.config_manager - INFO - Configuration manager initialized with: config/default_config.json
2025-09-03 21:34:36,972 - core.screen_capture - INFO - Screen resolution: 1920x1080
2025-09-03 21:34:36,972 - core.ocr_engine - INFO - Tesseract path set to: C:\Program Files\Tesseract-OCR\tesseract.exe
2025-09-03 21:34:36,972 - core.ocr_engine - INFO - OCR Engine initialized with language: eng
2025-09-03 21:34:36,972 - core.computer_vision - INFO - Computer Vision engine initialized
2025-09-03 21:34:36,972 - core.input_simulator - INFO - Input Simulator initialized
2025-09-03 21:34:36,972 - core.state_monitor - INFO - State Monitor initialized
2025-09-03 21:34:36,972 - core.computer_vision - INFO - Computer Vision engine initialized
2025-09-03 21:34:36,972 - automation.rune_creation - INFO - Rune Creation Automation initialized
2025-09-03 21:34:36,973 - automation.food_eating - INFO - Food Eating Automation initialized
2025-09-03 21:34:36,973 - automation.health_monitor - INFO - Health Monitor Automation initialized
2025-09-03 21:34:36,973 - automation.workflow_manager - INFO - All automation modules initialized
2025-09-03 21:34:36,973 - automation.workflow_manager - INFO - Workflow Manager initialized
2025-09-03 21:34:36,993 - gui.main_window - INFO - Main window initialized
2025-09-03 21:34:36,993 - cyclops - INFO - Application started successfully
2025-09-03 21:34:43,225 - gui.region_selector - INFO - Region selector initialized
2025-09-03 21:37:54,170 - gui.main_window - INFO - Region selection cancelled
2025-09-03 21:37:58,390 - gui.main_window - INFO - Health region cleared and reset to default
2025-09-03 21:38:05,304 - gui.region_selector - INFO - Region selector initialized
2025-09-03 21:38:14,936 - gui.main_window - INFO - Region selection cancelled
2025-09-03 21:39:48,364 - cyclops - INFO - Starting Cyclops Desktop Automation Application
2025-09-03 21:39:48,524 - utils.config_manager - INFO - Configuration loaded from config/default_config.json
2025-09-03 21:39:48,524 - utils.config_manager - INFO - Configuration manager initialized with: config/default_config.json
2025-09-03 21:39:48,524 - core.screen_capture - INFO - Screen resolution: 1920x1080
2025-09-03 21:39:48,525 - core.ocr_engine - INFO - Tesseract path set to: C:\Program Files\Tesseract-OCR\tesseract.exe
2025-09-03 21:39:48,525 - core.ocr_engine - INFO - OCR Engine initialized with language: eng
2025-09-03 21:39:48,525 - core.computer_vision - INFO - Computer Vision engine initialized
2025-09-03 21:39:48,525 - core.input_simulator - INFO - Input Simulator initialized
2025-09-03 21:39:48,526 - core.state_monitor - INFO - State Monitor initialized
2025-09-03 21:39:48,526 - core.computer_vision - INFO - Computer Vision engine initialized
2025-09-03 21:39:48,526 - automation.rune_creation - INFO - Rune Creation Automation initialized
2025-09-03 21:39:48,526 - automation.food_eating - INFO - Food Eating Automation initialized
2025-09-03 21:39:48,526 - automation.health_monitor - INFO - Health Monitor Automation initialized
2025-09-03 21:39:48,526 - automation.workflow_manager - INFO - All automation modules initialized
2025-09-03 21:39:48,527 - automation.workflow_manager - INFO - Workflow Manager initialized
2025-09-03 21:39:48,551 - gui.main_window - INFO - Main window initialized
2025-09-03 21:39:48,551 - cyclops - INFO - Application started successfully
2025-09-03 21:39:57,483 - automation.workflow_manager - INFO - Stopping all workflows...
2025-09-03 21:39:57,483 - automation.workflow_manager - INFO - All workflows stopped
2025-09-03 21:39:57,483 - utils.config_manager - INFO - Configuration saved to config/default_config.json
2025-09-03 21:39:58,430 - gui.main_window - INFO - Configuration saved
2025-09-03 21:39:58,430 - gui.main_window - INFO - Application closing
2025-09-03 21:39:58,460 - cyclops - INFO - Application closed
2025-09-03 21:40:15,082 - cyclops - INFO - Starting Cyclops Desktop Automation Application
2025-09-03 21:40:15,248 - utils.config_manager - INFO - Configuration loaded from config/default_config.json
2025-09-03 21:40:15,248 - utils.config_manager - INFO - Configuration manager initialized with: config/default_config.json
2025-09-03 21:40:15,248 - core.screen_capture - INFO - Screen resolution: 1920x1080
2025-09-03 21:40:15,249 - core.ocr_engine - INFO - Tesseract path set to: C:\Program Files\Tesseract-OCR\tesseract.exe
2025-09-03 21:40:15,249 - core.ocr_engine - INFO - OCR Engine initialized with language: eng
2025-09-03 21:40:15,249 - core.computer_vision - INFO - Computer Vision engine initialized
2025-09-03 21:40:15,249 - core.input_simulator - INFO - Input Simulator initialized
2025-09-03 21:40:15,249 - core.state_monitor - INFO - State Monitor initialized
2025-09-03 21:40:15,249 - core.computer_vision - INFO - Computer Vision engine initialized
2025-09-03 21:40:15,249 - automation.rune_creation - INFO - Rune Creation Automation initialized
2025-09-03 21:40:15,249 - automation.food_eating - INFO - Food Eating Automation initialized
2025-09-03 21:40:15,249 - automation.health_monitor - INFO - Health Monitor Automation initialized
2025-09-03 21:40:15,249 - automation.workflow_manager - INFO - All automation modules initialized
2025-09-03 21:40:15,249 - automation.workflow_manager - INFO - Workflow Manager initialized
2025-09-03 21:40:15,268 - gui.main_window - INFO - Main window initialized
2025-09-03 21:40:15,268 - cyclops - INFO - Application started successfully
2025-09-03 21:40:20,999 - gui.region_selector - INFO - Region selector initialized
2025-09-03 21:40:32,318 - gui.region_selector - INFO - Region selected: X:1350, Y:673, W:123, H:44
2025-09-03 21:40:39,179 - gui.main_window - INFO - Health region selected: {'x': 1350, 'y': 673, 'width': 123, 'height': 44}
2025-09-03 21:42:43,799 - cyclops - INFO - Starting Cyclops Desktop Automation Application
2025-09-03 21:42:43,968 - utils.config_manager - INFO - Configuration loaded from config/default_config.json
2025-09-03 21:42:43,968 - utils.config_manager - INFO - Configuration manager initialized with: config/default_config.json
2025-09-03 21:42:43,968 - core.screen_capture - INFO - Screen resolution: 1920x1080
2025-09-03 21:42:43,968 - core.ocr_engine - INFO - Tesseract path set to: C:\Program Files\Tesseract-OCR\tesseract.exe
2025-09-03 21:42:43,968 - core.ocr_engine - INFO - OCR Engine initialized with language: eng
2025-09-03 21:42:43,969 - core.computer_vision - INFO - Computer Vision engine initialized
2025-09-03 21:42:43,969 - core.input_simulator - INFO - Input Simulator initialized
2025-09-03 21:42:43,969 - core.state_monitor - INFO - State Monitor initialized
2025-09-03 21:42:43,969 - core.computer_vision - INFO - Computer Vision engine initialized
2025-09-03 21:42:43,969 - automation.rune_creation - INFO - Rune Creation Automation initialized
2025-09-03 21:42:43,969 - automation.food_eating - INFO - Food Eating Automation initialized
2025-09-03 21:42:43,969 - automation.health_monitor - INFO - Health Monitor Automation initialized
2025-09-03 21:42:43,969 - automation.workflow_manager - INFO - All automation modules initialized
2025-09-03 21:42:43,969 - automation.workflow_manager - INFO - Workflow Manager initialized
2025-09-03 21:42:43,995 - gui.region_selector - INFO - Region overlay created at (50, 50) - INACTIVE
2025-09-03 21:42:43,995 - gui.main_window - INFO - Persistent overlay created at (50, 50) - 200x20
2025-09-03 21:42:43,995 - gui.main_window - INFO - Main window initialized
2025-09-03 21:42:43,995 - cyclops - INFO - Application started successfully
2025-09-03 21:42:55,242 - automation.workflow_manager - INFO - Stopping all workflows...
2025-09-03 21:42:55,242 - automation.workflow_manager - INFO - All workflows stopped
2025-09-03 21:42:55,245 - utils.config_manager - INFO - Configuration saved to config/default_config.json
2025-09-03 21:42:56,028 - gui.main_window - INFO - Configuration saved
2025-09-03 21:42:56,028 - gui.main_window - INFO - Application closing
2025-09-03 21:42:56,068 - cyclops - INFO - Application closed
2025-09-03 21:43:29,672 - cyclops - INFO - Starting Cyclops Desktop Automation Application
2025-09-03 21:43:29,833 - utils.config_manager - INFO - Configuration loaded from config/default_config.json
2025-09-03 21:43:29,833 - utils.config_manager - INFO - Configuration manager initialized with: config/default_config.json
2025-09-03 21:43:29,833 - core.screen_capture - INFO - Screen resolution: 1920x1080
2025-09-03 21:43:29,834 - core.ocr_engine - INFO - Tesseract path set to: C:\Program Files\Tesseract-OCR\tesseract.exe
2025-09-03 21:43:29,834 - core.ocr_engine - INFO - OCR Engine initialized with language: eng
2025-09-03 21:43:29,834 - core.computer_vision - INFO - Computer Vision engine initialized
2025-09-03 21:43:29,834 - core.input_simulator - INFO - Input Simulator initialized
2025-09-03 21:43:29,834 - core.state_monitor - INFO - State Monitor initialized
2025-09-03 21:43:29,834 - core.computer_vision - INFO - Computer Vision engine initialized
2025-09-03 21:43:29,834 - automation.rune_creation - INFO - Rune Creation Automation initialized
2025-09-03 21:43:29,834 - automation.food_eating - INFO - Food Eating Automation initialized
2025-09-03 21:43:29,834 - automation.health_monitor - INFO - Health Monitor Automation initialized
2025-09-03 21:43:29,834 - automation.workflow_manager - INFO - All automation modules initialized
2025-09-03 21:43:29,834 - automation.workflow_manager - INFO - Workflow Manager initialized
2025-09-03 21:43:29,854 - gui.region_selector - INFO - Region overlay created at (1350, 673) - INACTIVE
2025-09-03 21:43:29,854 - gui.main_window - INFO - Persistent overlay created at (1350, 673) - 123x44
2025-09-03 21:43:29,854 - gui.main_window - INFO - Main window initialized
2025-09-03 21:43:29,855 - cyclops - INFO - Application started successfully
2025-09-03 21:43:35,598 - gui.region_selector - INFO - Region selector initialized
2025-09-03 21:43:42,768 - gui.region_selector - INFO - Region selected: X:1335, Y:664, W:142, H:68
2025-09-03 21:43:44,786 - gui.region_selector - INFO - Region overlay destroyed
2025-09-03 21:43:44,788 - gui.region_selector - INFO - Region overlay created at (1335, 664) - INACTIVE
2025-09-03 21:43:44,792 - gui.main_window - INFO - Persistent overlay created at (1335, 664) - 142x68
2025-09-03 21:43:44,833 - gui.main_window - INFO - Health region selected: {'x': 1335, 'y': 664, 'width': 142, 'height': 68}
2025-09-03 21:44:13,750 - gui.main_window - INFO - Updated health_monitoring.enabled = True
2025-09-03 21:44:22,315 - gui.main_window - INFO - Starting workflow: basic_gameplay
2025-09-03 21:44:22,315 - automation.workflow_manager - INFO - Starting workflow: Basic Gameplay
2025-09-03 21:44:22,316 - automation.workflow_manager - INFO - Running automation: health_monitor
2025-09-03 21:44:22,316 - automation.workflow_manager - INFO - Started automation: health_monitor
2025-09-03 21:44:22,316 - automation.health_monitor - INFO - Starting health monitoring automation
2025-09-03 21:44:22,317 - core.state_monitor - INFO - Registered condition: health_monitor
2025-09-03 21:44:22,317 - automation.workflow_manager - INFO - Running automation: food_eating
2025-09-03 21:44:22,317 - automation.workflow_manager - INFO - Started automation: food_eating
2025-09-03 21:44:22,317 - automation.health_monitor - INFO - Setup health monitoring with condition: health_monitor
2025-09-03 21:44:22,317 - automation.food_eating - WARNING - Food eating automation is disabled in configuration
2025-09-03 21:44:22,317 - automation.workflow_manager - INFO - Workflow 'basic_gameplay' started successfully
2025-09-03 21:44:22,321 - gui.region_selector - INFO - Region overlay created at (1335, 664) - ACTIVE
2025-09-03 21:44:22,321 - automation.health_monitor - INFO - Region overlay created
2025-09-03 21:46:08,702 - gui.main_window - INFO - Stopping workflow: basic_gameplay
2025-09-03 21:46:08,702 - automation.workflow_manager - INFO - Stopping workflow: Basic Gameplay
2025-09-03 21:46:08,703 - automation.health_monitor - INFO - Stopping health monitoring automation
2025-09-03 21:46:08,705 - gui.region_selector - INFO - Region overlay destroyed
2025-09-03 21:46:08,821 - automation.health_monitor - INFO - Health monitoring automation stopped. Emergency responses: 0
2025-09-03 21:46:08,821 - automation.workflow_manager - INFO - Stopped automation: health_monitor
2025-09-03 21:46:08,822 - automation.food_eating - INFO - Stopping food eating automation
2025-09-03 21:46:08,822 - automation.workflow_manager - INFO - Stopped automation: food_eating
2025-09-03 21:46:08,822 - automation.workflow_manager - INFO - Workflow 'basic_gameplay' stopped successfully
2025-09-03 21:46:11,326 - automation.workflow_manager - INFO - Stopping all workflows...
2025-09-03 21:46:11,327 - automation.workflow_manager - INFO - All workflows stopped
2025-09-03 21:46:11,329 - gui.region_selector - INFO - Region overlay destroyed
2025-09-03 21:46:11,330 - utils.config_manager - INFO - Configuration saved to config/default_config.json
2025-09-03 21:46:12,136 - gui.main_window - INFO - Configuration saved
2025-09-03 21:46:12,137 - gui.main_window - INFO - Application closing
2025-09-03 21:46:12,172 - cyclops - INFO - Application closed
2025-09-03 21:46:37,928 - cyclops - INFO - Starting Cyclops Desktop Automation Application
2025-09-03 21:46:38,113 - utils.config_manager - INFO - Configuration loaded from config/default_config.json
2025-09-03 21:46:38,113 - utils.config_manager - INFO - Configuration manager initialized with: config/default_config.json
2025-09-03 21:46:38,113 - core.screen_capture - INFO - Screen resolution: 1920x1080
2025-09-03 21:46:38,113 - core.ocr_engine - INFO - Tesseract path set to: C:\Program Files\Tesseract-OCR\tesseract.exe
2025-09-03 21:46:38,114 - core.ocr_engine - INFO - OCR Engine initialized with language: eng
2025-09-03 21:46:38,114 - core.computer_vision - INFO - Computer Vision engine initialized
2025-09-03 21:46:38,114 - core.input_simulator - INFO - Input Simulator initialized
2025-09-03 21:46:38,114 - core.state_monitor - INFO - State Monitor initialized
2025-09-03 21:46:38,114 - core.computer_vision - INFO - Computer Vision engine initialized
2025-09-03 21:46:38,114 - automation.rune_creation - INFO - Rune Creation Automation initialized
2025-09-03 21:46:38,114 - automation.food_eating - INFO - Food Eating Automation initialized
2025-09-03 21:46:38,114 - automation.health_monitor - INFO - Health Monitor Automation initialized
2025-09-03 21:46:38,115 - automation.workflow_manager - INFO - All automation modules initialized
2025-09-03 21:46:38,115 - automation.workflow_manager - INFO - Workflow Manager initialized
2025-09-03 21:46:38,139 - gui.region_selector - INFO - Region overlay created at (1335, 664) - Border only
2025-09-03 21:46:38,139 - gui.main_window - INFO - Persistent overlay created at (1335, 664) - 142x68
2025-09-03 21:46:38,140 - gui.main_window - INFO - Main window initialized
2025-09-03 21:46:38,140 - cyclops - INFO - Application started successfully
2025-09-03 21:47:02,738 - cyclops - INFO - Starting Cyclops Desktop Automation Application
2025-09-03 21:47:02,901 - utils.config_manager - INFO - Configuration loaded from config/default_config.json
2025-09-03 21:47:02,902 - utils.config_manager - INFO - Configuration manager initialized with: config/default_config.json
2025-09-03 21:47:02,902 - core.screen_capture - INFO - Screen resolution: 1920x1080
2025-09-03 21:47:02,902 - core.ocr_engine - INFO - Tesseract path set to: C:\Program Files\Tesseract-OCR\tesseract.exe
2025-09-03 21:47:02,902 - core.ocr_engine - INFO - OCR Engine initialized with language: eng
2025-09-03 21:47:02,902 - core.computer_vision - INFO - Computer Vision engine initialized
2025-09-03 21:47:02,902 - core.input_simulator - INFO - Input Simulator initialized
2025-09-03 21:47:02,902 - core.state_monitor - INFO - State Monitor initialized
2025-09-03 21:47:02,902 - core.computer_vision - INFO - Computer Vision engine initialized
2025-09-03 21:47:02,902 - automation.rune_creation - INFO - Rune Creation Automation initialized
2025-09-03 21:47:02,902 - automation.food_eating - INFO - Food Eating Automation initialized
2025-09-03 21:47:02,903 - automation.health_monitor - INFO - Health Monitor Automation initialized
2025-09-03 21:47:02,903 - automation.workflow_manager - INFO - All automation modules initialized
2025-09-03 21:47:02,903 - automation.workflow_manager - INFO - Workflow Manager initialized
2025-09-03 21:47:02,925 - gui.region_selector - INFO - Region overlay created at (1335, 664) - Border only
2025-09-03 21:47:02,926 - gui.main_window - INFO - Persistent overlay created at (1335, 664) - 142x68
2025-09-03 21:47:02,926 - gui.main_window - INFO - Main window initialized
2025-09-03 21:47:02,926 - cyclops - INFO - Application started successfully
2025-09-03 21:47:07,995 - gui.region_selector - INFO - Region selector initialized
2025-09-03 21:47:11,533 - gui.main_window - INFO - Region selection cancelled
2025-09-03 21:47:15,797 - gui.region_selector - INFO - Region selector initialized
2025-09-03 21:47:20,813 - gui.region_selector - INFO - Region selected: X:1334, Y:664, W:142, H:71
2025-09-03 21:47:23,182 - gui.region_selector - INFO - Region overlay destroyed
2025-09-03 21:47:23,184 - gui.region_selector - INFO - Region overlay created at (1334, 664) - Border only
2025-09-03 21:47:23,186 - gui.main_window - INFO - Persistent overlay created at (1334, 664) - 142x71
2025-09-03 21:47:23,245 - gui.main_window - INFO - Health region selected: {'x': 1334, 'y': 664, 'width': 142, 'height': 71}
2025-09-03 21:47:47,704 - gui.main_window - INFO - Starting workflow: basic_gameplay
2025-09-03 21:47:47,704 - automation.workflow_manager - INFO - Starting workflow: Basic Gameplay
2025-09-03 21:47:47,705 - automation.workflow_manager - INFO - Running automation: health_monitor
2025-09-03 21:47:47,705 - automation.workflow_manager - INFO - Started automation: health_monitor
2025-09-03 21:47:47,705 - automation.health_monitor - INFO - Starting health monitoring automation
2025-09-03 21:47:47,706 - core.state_monitor - INFO - Registered condition: health_monitor
2025-09-03 21:47:47,706 - automation.health_monitor - INFO - Setup health monitoring with condition: health_monitor
2025-09-03 21:47:47,706 - automation.workflow_manager - INFO - Running automation: food_eating
2025-09-03 21:47:47,706 - automation.workflow_manager - INFO - Started automation: food_eating
2025-09-03 21:47:47,706 - automation.food_eating - WARNING - Food eating automation is disabled in configuration
2025-09-03 21:47:47,707 - automation.workflow_manager - INFO - Workflow 'basic_gameplay' started successfully
2025-09-03 21:47:47,713 - gui.region_selector - INFO - Region overlay created at (1334, 664) - Border only
2025-09-03 21:47:47,714 - automation.health_monitor - INFO - Region overlay created
2025-09-03 21:48:10,119 - gui.main_window - INFO - Stopping workflow: basic_gameplay
2025-09-03 21:48:10,119 - automation.workflow_manager - INFO - Stopping workflow: Basic Gameplay
2025-09-03 21:48:10,119 - automation.health_monitor - INFO - Stopping health monitoring automation
2025-09-03 21:48:10,123 - gui.region_selector - INFO - Region overlay destroyed
2025-09-03 21:48:10,193 - automation.health_monitor - INFO - Health monitoring automation stopped. Emergency responses: 0
2025-09-03 21:48:10,193 - automation.workflow_manager - INFO - Stopped automation: health_monitor
2025-09-03 21:48:10,193 - automation.food_eating - INFO - Stopping food eating automation
2025-09-03 21:48:10,194 - automation.workflow_manager - INFO - Stopped automation: food_eating
2025-09-03 21:48:10,194 - automation.workflow_manager - INFO - Workflow 'basic_gameplay' stopped successfully
2025-09-03 21:49:11,912 - cyclops - INFO - Starting Cyclops Desktop Automation Application
2025-09-03 21:49:12,083 - utils.config_manager - INFO - Configuration loaded from config/default_config.json
2025-09-03 21:49:12,083 - utils.config_manager - INFO - Configuration manager initialized with: config/default_config.json
2025-09-03 21:49:12,083 - core.screen_capture - INFO - Screen resolution: 1920x1080
2025-09-03 21:49:12,083 - core.ocr_engine - INFO - Tesseract path set to: C:\Program Files\Tesseract-OCR\tesseract.exe
2025-09-03 21:49:12,083 - core.ocr_engine - INFO - OCR Engine initialized with language: eng
2025-09-03 21:49:12,084 - core.computer_vision - INFO - Computer Vision engine initialized
2025-09-03 21:49:12,084 - core.input_simulator - INFO - Input Simulator initialized
2025-09-03 21:49:12,084 - core.state_monitor - INFO - State Monitor initialized
2025-09-03 21:49:12,084 - core.computer_vision - INFO - Computer Vision engine initialized
2025-09-03 21:49:12,085 - automation.rune_creation - INFO - Rune Creation Automation initialized
2025-09-03 21:49:12,085 - automation.food_eating - INFO - Food Eating Automation initialized
2025-09-03 21:49:12,085 - automation.health_monitor - INFO - Health Monitor Automation initialized
2025-09-03 21:49:12,085 - automation.workflow_manager - INFO - All automation modules initialized
2025-09-03 21:49:12,085 - automation.workflow_manager - INFO - Workflow Manager initialized
2025-09-03 21:49:12,107 - gui.region_selector - INFO - Region overlay created at (1335, 664) - Border only
2025-09-03 21:49:12,107 - gui.main_window - INFO - Persistent overlay created at (1335, 664) - 142x68
2025-09-03 21:49:12,107 - automation.workflow_manager - INFO - Registered callback for health_monitoring
2025-09-03 21:49:12,107 - gui.main_window - INFO - Main window initialized
2025-09-03 21:49:12,107 - cyclops - INFO - Application started successfully
2025-09-03 21:49:30,129 - automation.workflow_manager - INFO - Stopping all workflows...
2025-09-03 21:49:30,129 - automation.workflow_manager - INFO - All workflows stopped
2025-09-03 21:49:30,137 - gui.region_selector - INFO - Region overlay destroyed
2025-09-03 21:49:30,138 - utils.config_manager - INFO - Configuration saved to config/default_config.json
2025-09-03 21:49:31,148 - gui.main_window - INFO - Configuration saved
2025-09-03 21:49:31,148 - gui.main_window - INFO - Application closing
2025-09-03 21:49:31,184 - cyclops - INFO - Application closed
2025-09-03 21:49:33,705 - cyclops - INFO - Starting Cyclops Desktop Automation Application
2025-09-03 21:49:33,873 - utils.config_manager - INFO - Configuration loaded from config/default_config.json
2025-09-03 21:49:33,873 - utils.config_manager - INFO - Configuration manager initialized with: config/default_config.json
2025-09-03 21:49:33,873 - core.screen_capture - INFO - Screen resolution: 1920x1080
2025-09-03 21:49:33,873 - core.ocr_engine - INFO - Tesseract path set to: C:\Program Files\Tesseract-OCR\tesseract.exe
2025-09-03 21:49:33,873 - core.ocr_engine - INFO - OCR Engine initialized with language: eng
2025-09-03 21:49:33,873 - core.computer_vision - INFO - Computer Vision engine initialized
2025-09-03 21:49:33,875 - core.input_simulator - INFO - Input Simulator initialized
2025-09-03 21:49:33,875 - core.state_monitor - INFO - State Monitor initialized
2025-09-03 21:49:33,875 - core.computer_vision - INFO - Computer Vision engine initialized
2025-09-03 21:49:33,875 - automation.rune_creation - INFO - Rune Creation Automation initialized
2025-09-03 21:49:33,875 - automation.food_eating - INFO - Food Eating Automation initialized
2025-09-03 21:49:33,875 - automation.health_monitor - INFO - Health Monitor Automation initialized
2025-09-03 21:49:33,875 - automation.workflow_manager - INFO - All automation modules initialized
2025-09-03 21:49:33,875 - automation.workflow_manager - INFO - Workflow Manager initialized
2025-09-03 21:49:33,899 - gui.region_selector - INFO - Region overlay created at (1334, 664) - Border only
2025-09-03 21:49:33,899 - gui.main_window - INFO - Persistent overlay created at (1334, 664) - 142x71
2025-09-03 21:49:33,899 - automation.workflow_manager - INFO - Registered callback for health_monitoring
2025-09-03 21:49:33,899 - gui.main_window - INFO - Main window initialized
2025-09-03 21:49:33,899 - cyclops - INFO - Application started successfully
2025-09-03 21:49:45,228 - gui.region_selector - INFO - Region selector initialized
2025-09-03 21:49:47,923 - gui.region_selector - INFO - Region selected: X:1503, Y:649, W:121, H:71
2025-09-03 21:49:51,721 - gui.region_selector - INFO - Region overlay destroyed
2025-09-03 21:49:51,723 - gui.region_selector - INFO - Region overlay created at (1503, 649) - Border only
2025-09-03 21:49:51,726 - gui.main_window - INFO - Persistent overlay created at (1503, 649) - 121x71
2025-09-03 21:49:51,784 - gui.main_window - INFO - Health region selected: {'x': 1503, 'y': 649, 'width': 121, 'height': 71}
2025-09-03 21:50:05,179 - gui.main_window - INFO - Starting workflow: basic_gameplay
2025-09-03 21:50:05,179 - automation.workflow_manager - INFO - Starting workflow: Basic Gameplay
2025-09-03 21:50:05,180 - automation.workflow_manager - INFO - Running automation: health_monitor
2025-09-03 21:50:05,180 - automation.workflow_manager - INFO - Started automation: health_monitor
2025-09-03 21:50:05,181 - automation.health_monitor - INFO - Starting health monitoring automation
2025-09-03 21:50:05,181 - core.state_monitor - INFO - Registered condition: health_monitor
2025-09-03 21:50:05,181 - automation.workflow_manager - INFO - Running automation: food_eating
2025-09-03 21:50:05,181 - automation.workflow_manager - INFO - Started automation: food_eating
2025-09-03 21:50:05,181 - automation.health_monitor - INFO - Setup health monitoring with condition: health_monitor
2025-09-03 21:50:05,181 - automation.food_eating - WARNING - Food eating automation is disabled in configuration
2025-09-03 21:50:05,182 - automation.workflow_manager - INFO - Workflow 'basic_gameplay' started successfully
2025-09-03 21:50:05,246 - gui.region_selector - INFO - Region overlay created at (1503, 649) - Border only
2025-09-03 21:50:05,247 - automation.health_monitor - INFO - Region overlay created
2025-09-03 21:50:42,220 - gui.main_window - INFO - Stopping workflow: basic_gameplay
2025-09-03 21:50:42,220 - automation.workflow_manager - INFO - Stopping workflow: Basic Gameplay
2025-09-03 21:50:42,220 - automation.health_monitor - INFO - Stopping health monitoring automation
2025-09-03 21:50:42,224 - gui.region_selector - INFO - Region overlay destroyed
2025-09-03 21:50:42,519 - automation.health_monitor - INFO - Health monitoring automation stopped. Emergency responses: 0
2025-09-03 21:50:42,519 - automation.workflow_manager - INFO - Stopped automation: health_monitor
2025-09-03 21:50:42,520 - automation.food_eating - INFO - Stopping food eating automation
2025-09-03 21:50:42,520 - automation.workflow_manager - INFO - Stopped automation: food_eating
2025-09-03 21:50:42,520 - automation.workflow_manager - INFO - Workflow 'basic_gameplay' stopped successfully
2025-09-03 21:50:46,770 - gui.region_selector - INFO - Region overlay destroyed
2025-09-03 21:50:46,771 - gui.region_selector - INFO - Region overlay created at (50, 50) - Border only
2025-09-03 21:50:46,771 - gui.main_window - INFO - Persistent overlay created at (50, 50) - 200x20
2025-09-03 21:50:46,771 - gui.main_window - INFO - Health region cleared and reset to default
2025-09-03 21:50:48,979 - gui.region_selector - INFO - Region selector initialized
2025-09-03 21:50:50,678 - gui.region_selector - INFO - Region selected: X:1511, Y:659, W:111, H:62
2025-09-03 21:50:51,944 - gui.region_selector - INFO - Region overlay destroyed
2025-09-03 21:50:51,947 - gui.region_selector - INFO - Region overlay created at (1511, 659) - Border only
2025-09-03 21:50:51,950 - gui.main_window - INFO - Persistent overlay created at (1511, 659) - 111x62
2025-09-03 21:50:52,010 - gui.main_window - INFO - Health region selected: {'x': 1511, 'y': 659, 'width': 111, 'height': 62}
2025-09-03 21:50:58,061 - gui.main_window - INFO - Starting workflow: basic_gameplay
2025-09-03 21:50:58,061 - automation.workflow_manager - INFO - Starting workflow: Basic Gameplay
2025-09-03 21:50:58,063 - automation.workflow_manager - INFO - Running automation: health_monitor
2025-09-03 21:50:58,063 - automation.workflow_manager - INFO - Started automation: health_monitor
2025-09-03 21:50:58,063 - automation.health_monitor - INFO - Starting health monitoring automation
2025-09-03 21:50:58,064 - core.state_monitor - INFO - Registered condition: health_monitor
2025-09-03 21:50:58,064 - automation.workflow_manager - INFO - Running automation: food_eating
2025-09-03 21:50:58,064 - automation.workflow_manager - INFO - Started automation: food_eating
2025-09-03 21:50:58,064 - automation.health_monitor - INFO - Setup health monitoring with condition: health_monitor
2025-09-03 21:50:58,064 - automation.food_eating - WARNING - Food eating automation is disabled in configuration
2025-09-03 21:50:58,065 - automation.workflow_manager - INFO - Workflow 'basic_gameplay' started successfully
2025-09-03 21:50:58,069 - gui.region_selector - INFO - Region overlay created at (1511, 659) - Border only
2025-09-03 21:50:58,070 - automation.health_monitor - INFO - Region overlay created
2025-09-03 21:51:03,049 - gui.main_window - INFO - Stopping workflow: basic_gameplay
2025-09-03 21:51:03,049 - automation.workflow_manager - INFO - Stopping workflow: Basic Gameplay
2025-09-03 21:51:03,050 - automation.health_monitor - INFO - Stopping health monitoring automation
2025-09-03 21:51:03,054 - gui.region_selector - INFO - Region overlay destroyed
2025-09-03 21:51:03,122 - automation.health_monitor - INFO - Health monitoring automation stopped. Emergency responses: 0
2025-09-03 21:51:03,122 - automation.workflow_manager - INFO - Stopped automation: health_monitor
2025-09-03 21:51:03,123 - automation.food_eating - INFO - Stopping food eating automation
2025-09-03 21:51:03,123 - automation.workflow_manager - INFO - Stopped automation: food_eating
2025-09-03 21:51:03,124 - automation.workflow_manager - INFO - Workflow 'basic_gameplay' stopped successfully
2025-09-03 21:51:08,419 - automation.workflow_manager - INFO - Stopping all workflows...
2025-09-03 21:51:08,419 - automation.workflow_manager - INFO - All workflows stopped
2025-09-03 21:51:08,427 - gui.region_selector - INFO - Region overlay destroyed
2025-09-03 21:51:08,428 - utils.config_manager - INFO - Configuration saved to config/default_config.json
2025-09-03 21:51:09,197 - gui.main_window - INFO - Configuration saved
2025-09-03 21:51:09,198 - gui.main_window - INFO - Application closing
2025-09-03 21:51:09,226 - cyclops - INFO - Application closed
2025-09-03 21:51:12,730 - cyclops - INFO - Starting Cyclops Desktop Automation Application
2025-09-03 21:51:12,889 - utils.config_manager - INFO - Configuration loaded from config/default_config.json
2025-09-03 21:51:12,889 - utils.config_manager - INFO - Configuration manager initialized with: config/default_config.json
2025-09-03 21:51:12,890 - core.screen_capture - INFO - Screen resolution: 1920x1080
2025-09-03 21:51:12,890 - core.ocr_engine - INFO - Tesseract path set to: C:\Program Files\Tesseract-OCR\tesseract.exe
2025-09-03 21:51:12,890 - core.ocr_engine - INFO - OCR Engine initialized with language: eng
2025-09-03 21:51:12,890 - core.computer_vision - INFO - Computer Vision engine initialized
2025-09-03 21:51:12,890 - core.input_simulator - INFO - Input Simulator initialized
2025-09-03 21:51:12,890 - core.state_monitor - INFO - State Monitor initialized
2025-09-03 21:51:12,890 - core.computer_vision - INFO - Computer Vision engine initialized
2025-09-03 21:51:12,890 - automation.rune_creation - INFO - Rune Creation Automation initialized
2025-09-03 21:51:12,890 - automation.food_eating - INFO - Food Eating Automation initialized
2025-09-03 21:51:12,890 - automation.health_monitor - INFO - Health Monitor Automation initialized
2025-09-03 21:51:12,890 - automation.workflow_manager - INFO - All automation modules initialized
2025-09-03 21:51:12,890 - automation.workflow_manager - INFO - Workflow Manager initialized
2025-09-03 21:51:12,914 - gui.region_selector - INFO - Region overlay created at (1511, 659) - Border only
2025-09-03 21:51:12,915 - gui.main_window - INFO - Persistent overlay created at (1511, 659) - 111x62
2025-09-03 21:51:12,915 - automation.workflow_manager - INFO - Registered callback for health_monitoring
2025-09-03 21:51:12,915 - gui.main_window - INFO - Main window initialized
2025-09-03 21:51:12,915 - cyclops - INFO - Application started successfully
2025-09-03 21:51:16,546 - gui.region_selector - INFO - Region overlay destroyed
2025-09-03 21:51:16,546 - gui.region_selector - INFO - Region overlay created at (50, 50) - Border only
2025-09-03 21:51:16,546 - gui.main_window - INFO - Persistent overlay created at (50, 50) - 200x20
2025-09-03 21:51:16,546 - gui.main_window - INFO - Health region cleared and reset to default
2025-09-03 21:53:37,994 - cyclops - INFO - Starting Cyclops Desktop Automation Application
2025-09-03 21:53:38,158 - utils.config_manager - INFO - Configuration loaded from config/default_config.json
2025-09-03 21:53:38,158 - utils.config_manager - INFO - Configuration manager initialized with: config/default_config.json
2025-09-03 21:53:38,159 - core.screen_capture - INFO - Screen resolution: 1920x1080
2025-09-03 21:53:38,159 - core.ocr_engine - INFO - Tesseract path set to: C:\Program Files\Tesseract-OCR\tesseract.exe
2025-09-03 21:53:38,159 - core.ocr_engine - INFO - OCR Engine initialized with language: eng
2025-09-03 21:53:38,159 - core.computer_vision - INFO - Computer Vision engine initialized
2025-09-03 21:53:38,159 - core.input_simulator - INFO - Input Simulator initialized
2025-09-03 21:53:38,159 - core.state_monitor - INFO - State Monitor initialized
2025-09-03 21:53:38,159 - core.computer_vision - INFO - Computer Vision engine initialized
2025-09-03 21:53:38,159 - automation.rune_creation - INFO - Rune Creation Automation initialized
2025-09-03 21:53:38,160 - automation.food_eating - INFO - Food Eating Automation initialized
2025-09-03 21:53:38,160 - automation.health_monitor - INFO - Health Monitor Automation initialized
2025-09-03 21:53:38,160 - automation.workflow_manager - INFO - All automation modules initialized
2025-09-03 21:53:38,160 - automation.workflow_manager - INFO - Workflow Manager initialized
2025-09-03 21:53:38,184 - gui.region_selector - INFO - Region overlay created at (1511, 659) - Border only
2025-09-03 21:53:38,184 - gui.main_window - INFO - Persistent overlay created at (1511, 659) - 111x62
2025-09-03 21:53:38,184 - automation.workflow_manager - INFO - Registered callback for health_monitoring
2025-09-03 21:53:38,184 - gui.main_window - INFO - Main window initialized
2025-09-03 21:53:38,184 - cyclops - INFO - Application started successfully
2025-09-03 21:55:12,798 - automation.workflow_manager - INFO - Stopping all workflows...
2025-09-03 21:55:12,798 - automation.workflow_manager - INFO - All workflows stopped
2025-09-03 21:55:12,802 - gui.region_selector - INFO - Region overlay destroyed
2025-09-03 21:55:12,803 - utils.config_manager - INFO - Configuration saved to config/default_config.json
2025-09-03 21:55:13,928 - gui.main_window - INFO - Configuration saved
2025-09-03 21:55:13,928 - gui.main_window - INFO - Application closing
2025-09-03 21:55:13,968 - cyclops - INFO - Application closed
2025-09-03 21:55:18,289 - cyclops - INFO - Starting Cyclops Desktop Automation Application
2025-09-03 21:55:18,454 - utils.config_manager - INFO - Configuration loaded from config/default_config.json
2025-09-03 21:55:18,454 - utils.config_manager - INFO - Configuration manager initialized with: config/default_config.json
2025-09-03 21:55:18,454 - core.screen_capture - INFO - Screen resolution: 1920x1080
2025-09-03 21:55:18,454 - core.ocr_engine - INFO - Tesseract path set to: C:\Program Files\Tesseract-OCR\tesseract.exe
2025-09-03 21:55:18,454 - core.ocr_engine - INFO - OCR Engine initialized with language: eng
2025-09-03 21:55:18,454 - core.computer_vision - INFO - Computer Vision engine initialized
2025-09-03 21:55:18,455 - core.input_simulator - INFO - Input Simulator initialized
2025-09-03 21:55:18,455 - core.state_monitor - INFO - State Monitor initialized
2025-09-03 21:55:18,455 - core.computer_vision - INFO - Computer Vision engine initialized
2025-09-03 21:55:18,455 - automation.rune_creation - INFO - Rune Creation Automation initialized
2025-09-03 21:55:18,455 - automation.food_eating - INFO - Food Eating Automation initialized
2025-09-03 21:55:18,455 - automation.health_monitor - INFO - Health Monitor Automation initialized
2025-09-03 21:55:18,455 - automation.workflow_manager - INFO - All automation modules initialized
2025-09-03 21:55:18,455 - automation.workflow_manager - INFO - Workflow Manager initialized
2025-09-03 21:55:18,490 - gui.region_selector - INFO - Region overlay created at (50, 50) - Border only
2025-09-03 21:55:18,490 - gui.main_window - INFO - Persistent overlay created at (50, 50) - 200x20
2025-09-03 21:55:18,490 - automation.workflow_manager - INFO - Registered callback for health_monitoring
2025-09-03 21:55:18,490 - gui.main_window - INFO - Main window initialized
2025-09-03 21:55:18,490 - cyclops - INFO - Application started successfully
2025-09-03 21:55:35,321 - gui.region_selector - INFO - Region selector initialized
2025-09-03 21:55:47,201 - gui.region_selector - INFO - Region selected: X:1519, Y:669, W:109, H:18
2025-09-03 21:55:48,746 - gui.region_selector - INFO - Region overlay destroyed
2025-09-03 21:55:48,748 - gui.region_selector - INFO - Region overlay created at (1519, 669) - Border only
2025-09-03 21:55:48,750 - gui.main_window - INFO - Persistent overlay created at (1519, 669) - 109x18
2025-09-03 21:55:48,794 - gui.main_window - INFO - Health region selected: {'x': 1519, 'y': 669, 'width': 109, 'height': 18}
2025-09-03 21:56:01,338 - gui.main_window - INFO - Starting workflow: basic_gameplay
2025-09-03 21:56:01,338 - automation.workflow_manager - INFO - Starting workflow: Basic Gameplay
2025-09-03 21:56:01,339 - automation.workflow_manager - INFO - Running automation: health_monitor
2025-09-03 21:56:01,339 - automation.workflow_manager - INFO - Started automation: health_monitor
2025-09-03 21:56:01,339 - automation.health_monitor - INFO - Starting health monitoring automation
2025-09-03 21:56:01,340 - core.state_monitor - INFO - Registered condition: health_monitor
2025-09-03 21:56:01,340 - automation.health_monitor - INFO - Setup health monitoring with condition: health_monitor
2025-09-03 21:56:01,340 - automation.workflow_manager - INFO - Running automation: food_eating
2025-09-03 21:56:01,340 - automation.workflow_manager - INFO - Started automation: food_eating
2025-09-03 21:56:01,340 - automation.food_eating - WARNING - Food eating automation is disabled in configuration
2025-09-03 21:56:01,340 - automation.workflow_manager - INFO - Workflow 'basic_gameplay' started successfully
2025-09-03 21:56:01,346 - gui.region_selector - INFO - Region overlay created at (1519, 669) - Border only
2025-09-03 21:56:01,346 - automation.health_monitor - INFO - Region overlay created
2025-09-03 21:56:26,983 - gui.main_window - INFO - Stopping workflow: emergency_only
2025-09-03 21:56:26,983 - automation.workflow_manager - WARNING - Workflow 'emergency_only' is not running
2025-09-03 21:56:30,252 - gui.main_window - INFO - Stopping workflow: basic_gameplay
2025-09-03 21:56:30,253 - automation.workflow_manager - INFO - Stopping workflow: Basic Gameplay
2025-09-03 21:56:30,253 - automation.health_monitor - INFO - Stopping health monitoring automation
2025-09-03 21:56:30,256 - gui.region_selector - INFO - Region overlay destroyed
2025-09-03 21:56:30,536 - automation.health_monitor - INFO - Health monitoring automation stopped. Emergency responses: 0
2025-09-03 21:56:30,536 - automation.workflow_manager - INFO - Stopped automation: health_monitor
2025-09-03 21:56:30,536 - automation.food_eating - INFO - Stopping food eating automation
2025-09-03 21:56:30,537 - automation.workflow_manager - INFO - Stopped automation: food_eating
2025-09-03 21:56:30,537 - automation.workflow_manager - INFO - Workflow 'basic_gameplay' stopped successfully
2025-09-03 21:56:37,454 - gui.main_window - INFO - Starting workflow: emergency_only
2025-09-03 21:56:37,454 - automation.workflow_manager - INFO - Starting workflow: Emergency Only
2025-09-03 21:56:37,455 - automation.workflow_manager - INFO - Running automation: health_monitor
2025-09-03 21:56:37,455 - automation.workflow_manager - INFO - Started automation: health_monitor
2025-09-03 21:56:37,455 - automation.health_monitor - INFO - Starting health monitoring automation
2025-09-03 21:56:37,455 - automation.workflow_manager - INFO - Workflow 'emergency_only' started successfully
2025-09-03 21:56:37,455 - core.state_monitor - INFO - Registered condition: health_monitor
2025-09-03 21:56:37,456 - automation.health_monitor - INFO - Setup health monitoring with condition: health_monitor
2025-09-03 21:56:37,513 - gui.region_selector - INFO - Region overlay created at (1519, 669) - Border only
2025-09-03 21:56:37,513 - automation.health_monitor - INFO - Region overlay created
2025-09-03 21:57:19,676 - gui.main_window - INFO - Stopping workflow: emergency_only
2025-09-03 21:57:19,676 - automation.workflow_manager - INFO - Stopping workflow: Emergency Only
2025-09-03 21:57:19,676 - automation.health_monitor - INFO - Stopping health monitoring automation
2025-09-03 21:57:19,681 - gui.region_selector - INFO - Region overlay destroyed
2025-09-03 21:57:19,766 - automation.health_monitor - INFO - Health monitoring automation stopped. Emergency responses: 0
2025-09-03 21:57:19,766 - automation.workflow_manager - INFO - Stopped automation: health_monitor
2025-09-03 21:57:19,767 - automation.workflow_manager - INFO - Workflow 'emergency_only' stopped successfully
2025-09-03 21:57:26,817 - gui.main_window - INFO - Starting workflow: full_automation
2025-09-03 21:57:26,817 - automation.workflow_manager - INFO - Starting workflow: Full Automation
2025-09-03 21:57:26,818 - automation.workflow_manager - INFO - Running automation: rune_creation
2025-09-03 21:57:26,818 - automation.workflow_manager - INFO - Started automation: rune_creation
2025-09-03 21:57:26,818 - automation.rune_creation - WARNING - Rune creation automation is disabled in configuration
2025-09-03 21:57:26,819 - automation.workflow_manager - INFO - Running automation: food_eating
2025-09-03 21:57:26,819 - automation.workflow_manager - INFO - Started automation: food_eating
2025-09-03 21:57:26,819 - automation.food_eating - WARNING - Food eating automation is disabled in configuration
2025-09-03 21:57:26,819 - automation.workflow_manager - INFO - Running automation: health_monitor
2025-09-03 21:57:26,819 - automation.workflow_manager - INFO - Started automation: health_monitor
2025-09-03 21:57:26,820 - automation.health_monitor - INFO - Starting health monitoring automation
2025-09-03 21:57:26,820 - automation.workflow_manager - INFO - Workflow 'full_automation' started successfully
2025-09-03 21:57:26,820 - core.state_monitor - INFO - Registered condition: health_monitor
2025-09-03 21:57:26,821 - automation.health_monitor - INFO - Setup health monitoring with condition: health_monitor
2025-09-03 21:57:26,880 - gui.region_selector - INFO - Region overlay created at (1519, 669) - Border only
2025-09-03 21:57:26,880 - automation.health_monitor - INFO - Region overlay created
2025-09-03 21:57:35,584 - gui.main_window - INFO - Stopping workflow: full_automation
2025-09-03 21:57:35,584 - automation.workflow_manager - INFO - Stopping workflow: Full Automation
2025-09-03 21:57:35,584 - automation.rune_creation - INFO - Stopping rune creation automation
2025-09-03 21:57:35,585 - automation.workflow_manager - INFO - Stopped automation: rune_creation
2025-09-03 21:57:35,585 - automation.food_eating - INFO - Stopping food eating automation
2025-09-03 21:57:35,585 - automation.workflow_manager - INFO - Stopped automation: food_eating
2025-09-03 21:57:35,585 - automation.health_monitor - INFO - Stopping health monitoring automation
2025-09-03 21:57:35,589 - gui.region_selector - INFO - Region overlay destroyed
2025-09-03 21:57:35,648 - automation.health_monitor - INFO - Health monitoring automation stopped. Emergency responses: 0
2025-09-03 21:57:35,648 - automation.workflow_manager - INFO - Stopped automation: health_monitor
2025-09-03 21:57:35,649 - automation.workflow_manager - INFO - Workflow 'full_automation' stopped successfully
2025-09-03 21:57:38,726 - automation.workflow_manager - INFO - Stopping all workflows...
2025-09-03 21:57:38,726 - automation.workflow_manager - INFO - All workflows stopped
2025-09-03 21:57:38,732 - gui.region_selector - INFO - Region overlay destroyed
2025-09-03 21:57:38,732 - utils.config_manager - INFO - Configuration saved to config/default_config.json
2025-09-03 21:57:39,359 - gui.main_window - INFO - Configuration saved
2025-09-03 21:57:39,359 - gui.main_window - INFO - Application closing
2025-09-03 21:57:39,391 - cyclops - INFO - Application closed
2025-09-03 21:57:56,794 - cyclops - INFO - Starting Cyclops Desktop Automation Application
2025-09-03 21:57:56,957 - utils.config_manager - INFO - Configuration loaded from config/default_config.json
2025-09-03 21:57:56,957 - utils.config_manager - INFO - Configuration manager initialized with: config/default_config.json
2025-09-03 21:57:56,957 - core.screen_capture - INFO - Screen resolution: 1920x1080
2025-09-03 21:57:56,958 - core.ocr_engine - INFO - Tesseract path set to: C:\Program Files\Tesseract-OCR\tesseract.exe
2025-09-03 21:57:56,958 - core.ocr_engine - INFO - OCR Engine initialized with language: eng
2025-09-03 21:57:56,958 - core.computer_vision - INFO - Computer Vision engine initialized
2025-09-03 21:57:56,958 - core.input_simulator - INFO - Input Simulator initialized
2025-09-03 21:57:56,958 - core.state_monitor - INFO - State Monitor initialized
2025-09-03 21:57:56,958 - core.computer_vision - INFO - Computer Vision engine initialized
2025-09-03 21:57:56,958 - automation.rune_creation - INFO - Rune Creation Automation initialized
2025-09-03 21:57:56,958 - automation.food_eating - INFO - Food Eating Automation initialized
2025-09-03 21:57:56,958 - automation.health_monitor - INFO - Health Monitor Automation initialized
2025-09-03 21:57:56,958 - automation.workflow_manager - INFO - All automation modules initialized
2025-09-03 21:57:56,958 - automation.workflow_manager - INFO - Workflow Manager initialized
2025-09-03 21:57:56,989 - gui.region_selector - INFO - Region overlay created at (1519, 669) - Border only
2025-09-03 21:57:56,989 - gui.main_window - INFO - Persistent overlay created at (1519, 669) - 109x18
2025-09-03 21:57:56,989 - automation.workflow_manager - INFO - Registered callback for health_monitoring
2025-09-03 21:57:56,990 - gui.main_window - INFO - Main window initialized
2025-09-03 21:57:56,990 - cyclops - INFO - Application started successfully
2025-09-03 21:58:03,069 - utils.config_manager - INFO - Configuration saved to config/default_config.json
2025-09-03 21:58:04,130 - gui.main_window - INFO - Configuration saved
2025-09-03 21:58:08,839 - gui.main_window - INFO - Starting workflow: full_automation
2025-09-03 21:58:08,840 - automation.workflow_manager - INFO - Starting workflow: Full Automation
2025-09-03 21:58:08,841 - automation.workflow_manager - INFO - Running automation: rune_creation
2025-09-03 21:58:08,841 - automation.workflow_manager - INFO - Started automation: rune_creation
2025-09-03 21:58:08,841 - automation.rune_creation - WARNING - Rune creation automation is disabled in configuration
2025-09-03 21:58:08,841 - automation.workflow_manager - INFO - Running automation: food_eating
2025-09-03 21:58:08,841 - automation.workflow_manager - INFO - Started automation: food_eating
2025-09-03 21:58:08,841 - automation.food_eating - WARNING - Food eating automation is disabled in configuration
2025-09-03 21:58:08,841 - automation.workflow_manager - INFO - Running automation: health_monitor
2025-09-03 21:58:08,841 - automation.workflow_manager - INFO - Started automation: health_monitor
2025-09-03 21:58:08,841 - automation.health_monitor - INFO - Starting health monitoring automation
2025-09-03 21:58:08,841 - automation.workflow_manager - INFO - Workflow 'full_automation' started successfully
2025-09-03 21:58:08,842 - core.state_monitor - INFO - Registered condition: health_monitor
2025-09-03 21:58:08,843 - automation.health_monitor - INFO - Setup health monitoring with condition: health_monitor
2025-09-03 21:58:08,851 - gui.region_selector - INFO - Region overlay created at (1519, 669) - Border only
2025-09-03 21:58:08,851 - automation.health_monitor - INFO - Region overlay created
2025-09-03 21:58:28,561 - gui.main_window - INFO - Stopping workflow: full_automation
2025-09-03 21:58:28,561 - automation.workflow_manager - INFO - Stopping workflow: Full Automation
2025-09-03 21:58:28,561 - automation.rune_creation - INFO - Stopping rune creation automation
2025-09-03 21:58:28,562 - automation.workflow_manager - INFO - Stopped automation: rune_creation
2025-09-03 21:58:28,562 - automation.food_eating - INFO - Stopping food eating automation
2025-09-03 21:58:28,563 - automation.workflow_manager - INFO - Stopped automation: food_eating
2025-09-03 21:58:28,563 - automation.health_monitor - INFO - Stopping health monitoring automation
2025-09-03 21:58:28,568 - gui.region_selector - INFO - Region overlay destroyed
2025-09-03 21:58:28,626 - automation.health_monitor - INFO - Health monitoring automation stopped. Emergency responses: 0
2025-09-03 21:58:28,626 - automation.workflow_manager - INFO - Stopped automation: health_monitor
2025-09-03 21:58:28,627 - automation.workflow_manager - INFO - Workflow 'full_automation' stopped successfully
2025-09-03 21:58:33,501 - automation.workflow_manager - INFO - Stopping all workflows...
2025-09-03 21:58:33,502 - automation.workflow_manager - INFO - All workflows stopped
2025-09-03 21:58:33,511 - gui.region_selector - INFO - Region overlay destroyed
2025-09-03 21:58:33,512 - utils.config_manager - INFO - Configuration saved to config/default_config.json
2025-09-03 21:58:34,391 - gui.main_window - INFO - Configuration saved
2025-09-03 21:58:34,391 - gui.main_window - INFO - Application closing
2025-09-03 21:58:34,418 - cyclops - INFO - Application closed
2025-09-03 22:00:01,520 - cyclops - INFO - Starting Cyclops Desktop Automation Application
2025-09-03 22:00:01,691 - utils.config_manager - INFO - Configuration loaded from config/default_config.json
2025-09-03 22:00:01,691 - utils.config_manager - INFO - Configuration manager initialized with: config/default_config.json
2025-09-03 22:00:01,692 - core.screen_capture - INFO - Screen resolution: 1920x1080
2025-09-03 22:00:01,692 - core.ocr_engine - INFO - Tesseract path set to: C:\Program Files\Tesseract-OCR\tesseract.exe
2025-09-03 22:00:01,692 - core.ocr_engine - INFO - OCR Engine initialized with language: eng
2025-09-03 22:00:01,692 - core.computer_vision - INFO - Computer Vision engine initialized
2025-09-03 22:00:01,692 - core.input_simulator - INFO - Input Simulator initialized
2025-09-03 22:00:01,692 - core.state_monitor - INFO - State Monitor initialized
2025-09-03 22:00:01,693 - core.computer_vision - INFO - Computer Vision engine initialized
2025-09-03 22:00:01,693 - automation.rune_creation - INFO - Rune Creation Automation initialized
2025-09-03 22:00:01,693 - automation.food_eating - INFO - Food Eating Automation initialized
2025-09-03 22:00:01,693 - automation.health_monitor - INFO - Health Monitor Automation initialized
2025-09-03 22:00:01,693 - automation.workflow_manager - INFO - All automation modules initialized
2025-09-03 22:00:01,693 - automation.workflow_manager - INFO - Workflow Manager initialized
2025-09-03 22:00:01,717 - gui.region_selector - INFO - Region overlay created at (1519, 669) - Border only
2025-09-03 22:00:01,717 - gui.main_window - INFO - Persistent overlay created at (1519, 669) - 109x18
2025-09-03 22:00:01,717 - automation.workflow_manager - INFO - Registered callback for health_monitoring
2025-09-03 22:00:01,717 - gui.main_window - INFO - Main window initialized
2025-09-03 22:00:01,717 - cyclops - INFO - Application started successfully
2025-09-03 22:00:29,394 - cyclops - INFO - Starting Cyclops Desktop Automation Application
2025-09-03 22:00:29,562 - utils.config_manager - INFO - Configuration loaded from config/default_config.json
2025-09-03 22:00:29,562 - utils.config_manager - INFO - Configuration manager initialized with: config/default_config.json
2025-09-03 22:00:29,562 - core.screen_capture - INFO - Screen resolution: 1920x1080
2025-09-03 22:00:29,562 - core.ocr_engine - INFO - Tesseract path set to: C:\Program Files\Tesseract-OCR\tesseract.exe
2025-09-03 22:00:29,562 - core.ocr_engine - INFO - OCR Engine initialized with language: eng
2025-09-03 22:00:29,562 - core.computer_vision - INFO - Computer Vision engine initialized
2025-09-03 22:00:29,562 - core.input_simulator - INFO - Input Simulator initialized
2025-09-03 22:00:29,562 - core.state_monitor - INFO - State Monitor initialized
2025-09-03 22:00:29,562 - core.computer_vision - INFO - Computer Vision engine initialized
2025-09-03 22:00:29,563 - automation.rune_creation - INFO - Rune Creation Automation initialized
2025-09-03 22:00:29,563 - automation.food_eating - INFO - Food Eating Automation initialized
2025-09-03 22:00:29,563 - automation.health_monitor - INFO - Health Monitor Automation initialized
2025-09-03 22:00:29,563 - automation.workflow_manager - INFO - All automation modules initialized
2025-09-03 22:00:29,563 - automation.workflow_manager - INFO - Workflow Manager initialized
2025-09-03 22:00:29,593 - gui.region_selector - INFO - Region overlay created at (1519, 669) - Border only
2025-09-03 22:00:29,594 - gui.main_window - INFO - Persistent overlay created at (1519, 669) - 109x18
2025-09-03 22:00:29,594 - automation.workflow_manager - INFO - Registered callback for health_monitoring
2025-09-03 22:00:29,594 - gui.main_window - INFO - Main window initialized
2025-09-03 22:00:29,594 - cyclops - INFO - Application started successfully
2025-09-03 22:00:36,149 - gui.region_selector - INFO - Region overlay destroyed
2025-09-03 22:00:36,149 - gui.region_selector - INFO - Region overlay created at (50, 50) - Border only
2025-09-03 22:00:36,150 - gui.main_window - INFO - Persistent overlay created at (50, 50) - 200x20
2025-09-03 22:00:36,150 - gui.main_window - INFO - Health region cleared and reset to default
2025-09-03 22:00:38,000 - gui.region_selector - INFO - Region selector initialized
2025-09-03 22:00:46,677 - gui.region_selector - INFO - Region selected: X:1517, Y:670, W:110, H:18
2025-09-03 22:00:48,040 - gui.region_selector - INFO - Region overlay destroyed
2025-09-03 22:00:48,044 - gui.region_selector - INFO - Region overlay created at (1517, 670) - Border only
2025-09-03 22:00:48,046 - gui.main_window - INFO - Persistent overlay created at (1517, 670) - 110x18
2025-09-03 22:00:48,130 - gui.main_window - INFO - Health region selected: {'x': 1517, 'y': 670, 'width': 110, 'height': 18}
2025-09-03 22:00:53,373 - utils.config_manager - INFO - Configuration saved to config/default_config.json
2025-09-03 22:00:54,172 - gui.main_window - INFO - Configuration saved
2025-09-03 22:01:02,692 - gui.main_window - INFO - Starting workflow: full_automation
2025-09-03 22:01:02,692 - automation.workflow_manager - INFO - Starting workflow: Full Automation
2025-09-03 22:01:02,693 - automation.workflow_manager - INFO - Running automation: rune_creation
2025-09-03 22:01:02,693 - automation.workflow_manager - INFO - Started automation: rune_creation
2025-09-03 22:01:02,693 - automation.rune_creation - WARNING - Rune creation automation is disabled in configuration
2025-09-03 22:01:02,694 - automation.workflow_manager - INFO - Running automation: food_eating
2025-09-03 22:01:02,694 - automation.workflow_manager - INFO - Started automation: food_eating
2025-09-03 22:01:02,694 - automation.food_eating - WARNING - Food eating automation is disabled in configuration
2025-09-03 22:01:02,694 - automation.workflow_manager - INFO - Running automation: health_monitor
2025-09-03 22:01:02,694 - automation.workflow_manager - INFO - Started automation: health_monitor
2025-09-03 22:01:02,694 - automation.health_monitor - INFO - Starting health monitoring automation
2025-09-03 22:01:02,694 - automation.workflow_manager - INFO - Workflow 'full_automation' started successfully
2025-09-03 22:01:02,695 - automation.health_monitor - INFO - Setting up health monitoring:
2025-09-03 22:01:02,695 - automation.health_monitor - INFO -   Region: {'x': 1517, 'y': 670, 'width': 110, 'height': 18}
2025-09-03 22:01:02,696 - automation.health_monitor - INFO -   Low health threshold: 30.0%
2025-09-03 22:01:02,696 - automation.health_monitor - INFO -   Max health: 245
2025-09-03 22:01:02,697 - core.state_monitor - INFO - Registered condition: health_monitor
2025-09-03 22:01:02,697 - automation.health_monitor - INFO - Setup health monitoring with condition: health_monitor
2025-09-03 22:01:02,751 - gui.region_selector - INFO - Region overlay created at (1517, 670) - Border only
2025-09-03 22:01:02,752 - automation.health_monitor - INFO - Region overlay created
2025-09-03 22:01:02,755 - automation.health_monitor - INFO - Starting health monitoring loop...
2025-09-03 22:01:02,757 - automation.health_monitor - INFO - Health check loop #1
2025-09-03 22:01:02,759 - automation.health_monitor - WARNING - Health status check returned False
2025-09-03 22:01:03,276 - automation.health_monitor - INFO - Health check loop #2
2025-09-03 22:01:03,276 - automation.health_monitor - WARNING - Health status check returned False
2025-09-03 22:01:03,785 - automation.health_monitor - INFO - Health check loop #3
2025-09-03 22:01:03,785 - automation.health_monitor - WARNING - Health status check returned False
2025-09-03 22:01:04,250 - automation.health_monitor - INFO - Health check loop #4
2025-09-03 22:01:04,250 - automation.health_monitor - WARNING - Health status check returned False
2025-09-03 22:01:04,707 - automation.health_monitor - INFO - Health check loop #5
2025-09-03 22:01:04,707 - automation.health_monitor - WARNING - Health status check returned False
2025-09-03 22:01:05,238 - automation.health_monitor - INFO - Health check loop #6
2025-09-03 22:01:05,238 - automation.health_monitor - WARNING - Health status check returned False
2025-09-03 22:01:05,733 - automation.health_monitor - INFO - Health check loop #7
2025-09-03 22:01:05,733 - automation.health_monitor - WARNING - Health status check returned False
2025-09-03 22:01:06,229 - automation.health_monitor - INFO - Health check loop #8
2025-09-03 22:01:06,229 - automation.health_monitor - WARNING - Health status check returned False
2025-09-03 22:01:06,761 - automation.health_monitor - INFO - Health check loop #9
2025-09-03 22:01:06,761 - automation.health_monitor - WARNING - Health status check returned False
2025-09-03 22:01:07,298 - automation.health_monitor - INFO - Health check loop #10
2025-09-03 22:01:07,298 - automation.health_monitor - WARNING - Health status check returned False
2025-09-03 22:01:07,841 - automation.health_monitor - INFO - Health check loop #11
2025-09-03 22:01:07,841 - automation.health_monitor - WARNING - Health status check returned False
2025-09-03 22:01:08,313 - automation.health_monitor - INFO - Health check loop #12
2025-09-03 22:01:08,313 - automation.health_monitor - WARNING - Health status check returned False
2025-09-03 22:01:08,817 - automation.health_monitor - INFO - Health check loop #13
2025-09-03 22:01:08,817 - automation.health_monitor - WARNING - Health status check returned False
2025-09-03 22:01:09,335 - automation.health_monitor - INFO - Health check loop #14
2025-09-03 22:01:09,335 - automation.health_monitor - WARNING - Health status check returned False
2025-09-03 22:01:09,819 - automation.health_monitor - INFO - Health check loop #15
2025-09-03 22:01:09,819 - automation.health_monitor - WARNING - Health status check returned False
2025-09-03 22:01:10,356 - automation.health_monitor - INFO - Health check loop #16
2025-09-03 22:01:10,356 - automation.health_monitor - WARNING - Health status check returned False
2025-09-03 22:01:10,811 - automation.health_monitor - INFO - Health check loop #17
2025-09-03 22:01:10,811 - automation.health_monitor - WARNING - Health status check returned False
2025-09-03 22:01:11,324 - automation.health_monitor - INFO - Health check loop #18
2025-09-03 22:01:11,324 - automation.health_monitor - WARNING - Health status check returned False
2025-09-03 22:01:11,868 - automation.health_monitor - INFO - Health check loop #19
2025-09-03 22:01:11,868 - automation.health_monitor - WARNING - Health status check returned False
2025-09-03 22:01:12,415 - automation.health_monitor - INFO - Health check loop #20
2025-09-03 22:01:12,415 - automation.health_monitor - WARNING - Health status check returned False
2025-09-03 22:01:12,916 - automation.health_monitor - INFO - Health check loop #21
2025-09-03 22:01:12,916 - automation.health_monitor - WARNING - Health status check returned False
2025-09-03 22:01:13,430 - automation.health_monitor - INFO - Health check loop #22
2025-09-03 22:01:13,430 - automation.health_monitor - WARNING - Health status check returned False
2025-09-03 22:01:13,954 - automation.health_monitor - INFO - Health check loop #23
2025-09-03 22:01:13,954 - automation.health_monitor - WARNING - Health status check returned False
2025-09-03 22:01:14,454 - automation.health_monitor - INFO - Health check loop #24
2025-09-03 22:01:14,454 - automation.health_monitor - WARNING - Health status check returned False
2025-09-03 22:01:14,982 - automation.health_monitor - INFO - Health check loop #25
2025-09-03 22:01:14,982 - automation.health_monitor - WARNING - Health status check returned False
2025-09-03 22:01:15,448 - automation.health_monitor - INFO - Health check loop #26
2025-09-03 22:01:15,448 - automation.health_monitor - WARNING - Health status check returned False
2025-09-03 22:01:15,912 - automation.health_monitor - INFO - Health check loop #27
2025-09-03 22:01:15,912 - automation.health_monitor - WARNING - Health status check returned False
2025-09-03 22:01:16,433 - automation.health_monitor - INFO - Health check loop #28
2025-09-03 22:01:16,433 - automation.health_monitor - WARNING - Health status check returned False
2025-09-03 22:01:16,970 - automation.health_monitor - INFO - Health check loop #29
2025-09-03 22:01:16,970 - automation.health_monitor - WARNING - Health status check returned False
2025-09-03 22:01:17,481 - automation.health_monitor - INFO - Health check loop #30
2025-09-03 22:01:17,481 - automation.health_monitor - WARNING - Health status check returned False
2025-09-03 22:01:17,946 - automation.health_monitor - INFO - Health check loop #31
2025-09-03 22:01:17,946 - automation.health_monitor - WARNING - Health status check returned False
2025-09-03 22:01:18,424 - automation.health_monitor - INFO - Health check loop #32
2025-09-03 22:01:18,424 - automation.health_monitor - WARNING - Health status check returned False
2025-09-03 22:01:18,901 - automation.health_monitor - INFO - Health check loop #33
2025-09-03 22:01:18,901 - automation.health_monitor - WARNING - Health status check returned False
2025-09-03 22:01:19,355 - automation.health_monitor - INFO - Health check loop #34
2025-09-03 22:01:19,355 - automation.health_monitor - WARNING - Health status check returned False
2025-09-03 22:01:19,837 - automation.health_monitor - INFO - Health check loop #35
2025-09-03 22:01:19,837 - automation.health_monitor - WARNING - Health status check returned False
2025-09-03 22:01:20,355 - automation.health_monitor - INFO - Health check loop #36
2025-09-03 22:01:20,355 - automation.health_monitor - WARNING - Health status check returned False
2025-09-03 22:01:20,724 - automation.workflow_manager - INFO - Stopping all workflows...
2025-09-03 22:01:20,724 - automation.workflow_manager - INFO - Stopping workflow: Full Automation
2025-09-03 22:01:20,726 - automation.rune_creation - INFO - Stopping rune creation automation
2025-09-03 22:01:20,726 - automation.workflow_manager - INFO - Stopped automation: rune_creation
2025-09-03 22:01:20,726 - automation.food_eating - INFO - Stopping food eating automation
2025-09-03 22:01:20,727 - automation.workflow_manager - INFO - Stopped automation: food_eating
2025-09-03 22:01:20,727 - automation.health_monitor - INFO - Stopping health monitoring automation
2025-09-03 22:01:20,735 - gui.region_selector - INFO - Region overlay destroyed
2025-09-03 22:01:20,875 - automation.health_monitor - INFO - Health monitoring automation stopped. Emergency responses: 0
2025-09-03 22:01:20,875 - automation.workflow_manager - INFO - Stopped automation: health_monitor
2025-09-03 22:01:20,876 - automation.workflow_manager - INFO - Workflow 'full_automation' stopped successfully
2025-09-03 22:01:20,876 - automation.workflow_manager - INFO - All workflows stopped
2025-09-03 22:01:20,882 - gui.region_selector - INFO - Region overlay destroyed
2025-09-03 22:01:20,883 - utils.config_manager - INFO - Configuration saved to config/default_config.json
2025-09-03 22:01:22,021 - gui.main_window - INFO - Configuration saved
2025-09-03 22:01:22,021 - gui.main_window - INFO - Application closing
2025-09-03 22:01:22,051 - cyclops - INFO - Application closed
2025-09-03 22:03:40,941 - cyclops - INFO - Starting Cyclops Desktop Automation Application
2025-09-03 22:03:41,110 - utils.config_manager - INFO - Configuration loaded from config/default_config.json
2025-09-03 22:03:41,110 - utils.config_manager - INFO - Configuration manager initialized with: config/default_config.json
2025-09-03 22:03:41,110 - core.screen_capture - INFO - Screen resolution: 1920x1080
2025-09-03 22:03:41,110 - core.ocr_engine - INFO - Tesseract path set to: C:\Program Files\Tesseract-OCR\tesseract.exe
2025-09-03 22:03:41,110 - core.ocr_engine - INFO - OCR Engine initialized with language: eng
2025-09-03 22:03:41,110 - core.computer_vision - INFO - Computer Vision engine initialized
2025-09-03 22:03:41,111 - core.input_simulator - INFO - Input Simulator initialized
2025-09-03 22:03:41,111 - core.state_monitor - INFO - State Monitor initialized
2025-09-03 22:03:41,111 - core.computer_vision - INFO - Computer Vision engine initialized
2025-09-03 22:03:41,111 - automation.rune_creation - INFO - Rune Creation Automation initialized
2025-09-03 22:03:41,111 - automation.food_eating - INFO - Food Eating Automation initialized
2025-09-03 22:03:41,111 - automation.health_monitor - INFO - Health Monitor Automation initialized
2025-09-03 22:03:41,111 - automation.workflow_manager - INFO - All automation modules initialized
2025-09-03 22:03:41,111 - automation.workflow_manager - INFO - Workflow Manager initialized
2025-09-03 22:03:41,146 - gui.region_selector - INFO - Region overlay created at (1517, 670) - Border only
2025-09-03 22:03:41,147 - gui.main_window - INFO - Persistent overlay created at (1517, 670) - 110x18
2025-09-03 22:03:41,147 - automation.workflow_manager - INFO - Registered callback for health_monitoring
2025-09-03 22:03:41,147 - gui.main_window - INFO - Main window initialized
2025-09-03 22:03:41,147 - cyclops - INFO - Application started successfully
2025-09-03 22:17:03,195 - cyclops - INFO - Starting Cyclops Desktop Automation Application
2025-09-03 22:17:03,364 - utils.config_manager - INFO - Configuration loaded from config/default_config.json
2025-09-03 22:17:03,364 - utils.config_manager - INFO - Configuration manager initialized with: config/default_config.json
2025-09-03 22:17:03,364 - core.screen_capture - INFO - Screen resolution: 1920x1080
2025-09-03 22:17:03,364 - core.ocr_engine - INFO - Tesseract path set to: C:\Program Files\Tesseract-OCR\tesseract.exe
2025-09-03 22:17:03,364 - core.ocr_engine - INFO - OCR Engine initialized with language: eng
2025-09-03 22:17:03,364 - core.computer_vision - INFO - Computer Vision engine initialized
2025-09-03 22:17:03,364 - core.input_simulator - INFO - Input Simulator initialized
2025-09-03 22:17:03,364 - core.state_monitor - INFO - State Monitor initialized
2025-09-03 22:17:03,364 - core.computer_vision - INFO - Computer Vision engine initialized
2025-09-03 22:17:03,365 - automation.rune_creation - INFO - Rune Creation Automation initialized
2025-09-03 22:17:03,365 - automation.food_eating - INFO - Food Eating Automation initialized
2025-09-03 22:17:03,365 - automation.health_monitor - INFO - Health Monitor Automation initialized
2025-09-03 22:17:03,365 - automation.workflow_manager - INFO - All automation modules initialized
2025-09-03 22:17:03,365 - automation.workflow_manager - INFO - Workflow Manager initialized
2025-09-03 22:17:03,392 - gui.region_selector - INFO - Region overlay created at (1517, 670) - Border only
2025-09-03 22:17:03,393 - gui.main_window - INFO - Persistent overlay created at (1517, 670) - 110x18
2025-09-03 22:17:03,393 - automation.workflow_manager - INFO - Registered callback for health_monitoring
2025-09-03 22:17:03,393 - gui.main_window - INFO - Main window initialized
2025-09-03 22:17:03,393 - cyclops - INFO - Application started successfully
2025-09-03 22:17:19,824 - gui.region_selector - INFO - Region overlay destroyed
2025-09-03 22:17:19,824 - gui.region_selector - INFO - Region overlay created at (50, 50) - Border only
2025-09-03 22:17:19,824 - gui.main_window - INFO - Persistent overlay created at (50, 50) - 200x20
2025-09-03 22:17:19,824 - gui.main_window - INFO - Health region cleared and reset to default
2025-09-03 22:17:21,905 - gui.region_selector - INFO - Region selector initialized
2025-09-03 22:17:24,942 - gui.region_selector - INFO - Region selected: X:1520, Y:666, W:107, H:22
2025-09-03 22:17:27,957 - gui.region_selector - INFO - Region overlay destroyed
2025-09-03 22:17:27,961 - gui.region_selector - INFO - Region overlay created at (1520, 666) - Border only
2025-09-03 22:17:27,963 - gui.main_window - INFO - Persistent overlay created at (1520, 666) - 107x22
2025-09-03 22:17:28,036 - gui.main_window - INFO - Health region selected: {'x': 1520, 'y': 666, 'width': 107, 'height': 22}
2025-09-03 22:17:37,126 - gui.main_window - INFO - Starting workflow: full_automation
2025-09-03 22:17:37,126 - automation.workflow_manager - INFO - Starting workflow: Full Automation
2025-09-03 22:17:37,127 - automation.workflow_manager - INFO - Running automation: rune_creation
2025-09-03 22:17:37,127 - automation.workflow_manager - INFO - Started automation: rune_creation
2025-09-03 22:17:37,127 - automation.rune_creation - WARNING - Rune creation automation is disabled in configuration
2025-09-03 22:17:37,127 - automation.workflow_manager - INFO - Running automation: food_eating
2025-09-03 22:17:37,127 - automation.workflow_manager - INFO - Started automation: food_eating
2025-09-03 22:17:37,127 - automation.food_eating - WARNING - Food eating automation is disabled in configuration
2025-09-03 22:17:37,128 - automation.workflow_manager - INFO - Running automation: health_monitor
2025-09-03 22:17:37,128 - automation.workflow_manager - INFO - Started automation: health_monitor
2025-09-03 22:17:37,128 - automation.health_monitor - INFO - Starting health monitoring automation
2025-09-03 22:17:37,128 - automation.workflow_manager - INFO - Workflow 'full_automation' started successfully
2025-09-03 22:17:37,128 - automation.health_monitor - INFO - Setting up health monitoring:
2025-09-03 22:17:37,129 - automation.health_monitor - INFO -   Region: {'x': 1520, 'y': 666, 'width': 107, 'height': 22}
2025-09-03 22:17:37,131 - automation.health_monitor - INFO -   Low health threshold: 30.0%
2025-09-03 22:17:37,132 - automation.health_monitor - INFO -   Max health: 245
2025-09-03 22:17:37,133 - core.state_monitor - INFO - Registered condition: health_monitor
2025-09-03 22:17:37,134 - automation.health_monitor - INFO - Setup health monitoring with condition: health_monitor
2025-09-03 22:17:37,138 - gui.region_selector - INFO - Region overlay created at (1520, 666) - Border only
2025-09-03 22:17:37,138 - automation.health_monitor - INFO - Region overlay created
2025-09-03 22:17:37,138 - automation.health_monitor - INFO - Starting health monitoring loop...
2025-09-03 22:17:37,139 - automation.health_monitor - WARNING - Health status check returned False (loop #1)
2025-09-03 22:17:42,194 - automation.health_monitor - WARNING - Health status check returned False (loop #11)
2025-09-03 22:17:47,172 - automation.health_monitor - WARNING - Health status check returned False (loop #21)
2025-09-03 22:17:52,099 - automation.health_monitor - WARNING - Health status check returned False (loop #31)
2025-09-03 22:17:57,750 - automation.health_monitor - WARNING - Health status check returned False (loop #41)
2025-09-03 22:18:02,746 - automation.health_monitor - WARNING - Health status check returned False (loop #51)
2025-09-03 22:18:07,566 - automation.workflow_manager - INFO - Stopping all workflows...
2025-09-03 22:18:07,566 - automation.workflow_manager - INFO - Stopping workflow: Full Automation
2025-09-03 22:18:07,567 - automation.rune_creation - INFO - Stopping rune creation automation
2025-09-03 22:18:07,568 - automation.workflow_manager - INFO - Stopped automation: rune_creation
2025-09-03 22:18:07,568 - automation.food_eating - INFO - Stopping food eating automation
2025-09-03 22:18:07,568 - automation.workflow_manager - INFO - Stopped automation: food_eating
2025-09-03 22:18:07,568 - automation.health_monitor - INFO - Stopping health monitoring automation
2025-09-03 22:18:07,576 - gui.region_selector - INFO - Region overlay destroyed
2025-09-03 22:18:07,856 - automation.health_monitor - INFO - Health monitoring automation stopped. Emergency responses: 0
2025-09-03 22:18:07,856 - automation.workflow_manager - INFO - Stopped automation: health_monitor
2025-09-03 22:18:07,857 - automation.workflow_manager - INFO - Workflow 'full_automation' stopped successfully
2025-09-03 22:18:07,857 - automation.workflow_manager - INFO - All workflows stopped
2025-09-03 22:18:07,862 - gui.region_selector - INFO - Region overlay destroyed
2025-09-03 22:18:07,863 - utils.config_manager - INFO - Configuration saved to config/default_config.json
2025-09-03 22:18:09,058 - gui.main_window - INFO - Configuration saved
2025-09-03 22:18:09,058 - gui.main_window - INFO - Application closing
2025-09-03 22:18:09,096 - cyclops - INFO - Application closed
2025-09-03 22:18:20,141 - cyclops - INFO - Starting Cyclops Desktop Automation Application
2025-09-03 22:18:20,304 - utils.config_manager - INFO - Configuration loaded from config/default_config.json
2025-09-03 22:18:20,304 - utils.config_manager - INFO - Configuration manager initialized with: config/default_config.json
2025-09-03 22:18:20,304 - core.screen_capture - INFO - Screen resolution: 1920x1080
2025-09-03 22:18:20,304 - core.ocr_engine - INFO - Tesseract path set to: C:\Program Files\Tesseract-OCR\tesseract.exe
2025-09-03 22:18:20,305 - core.ocr_engine - INFO - OCR Engine initialized with language: eng
2025-09-03 22:18:20,305 - core.computer_vision - INFO - Computer Vision engine initialized
2025-09-03 22:18:20,305 - core.input_simulator - INFO - Input Simulator initialized
2025-09-03 22:18:20,305 - core.state_monitor - INFO - State Monitor initialized
2025-09-03 22:18:20,305 - core.computer_vision - INFO - Computer Vision engine initialized
2025-09-03 22:18:20,305 - automation.rune_creation - INFO - Rune Creation Automation initialized
2025-09-03 22:18:20,305 - automation.food_eating - INFO - Food Eating Automation initialized
2025-09-03 22:18:20,305 - automation.health_monitor - INFO - Health Monitor Automation initialized
2025-09-03 22:18:20,305 - automation.workflow_manager - INFO - All automation modules initialized
2025-09-03 22:18:20,305 - automation.workflow_manager - INFO - Workflow Manager initialized
2025-09-03 22:18:20,330 - gui.region_selector - INFO - Region overlay created at (1520, 666) - Border only
2025-09-03 22:18:20,330 - gui.main_window - INFO - Persistent overlay created at (1520, 666) - 107x22
2025-09-03 22:18:20,331 - automation.workflow_manager - INFO - Registered callback for health_monitoring
2025-09-03 22:18:20,331 - gui.main_window - INFO - Main window initialized
2025-09-03 22:18:20,331 - cyclops - INFO - Application started successfully
2025-09-03 22:18:33,210 - cyclops - INFO - Starting Cyclops Desktop Automation Application
2025-09-03 22:18:33,373 - utils.config_manager - INFO - Configuration loaded from config/default_config.json
2025-09-03 22:18:33,374 - utils.config_manager - INFO - Configuration manager initialized with: config/default_config.json
2025-09-03 22:18:33,374 - core.screen_capture - INFO - Screen resolution: 1920x1080
2025-09-03 22:18:33,374 - core.ocr_engine - INFO - Tesseract path set to: C:\Program Files\Tesseract-OCR\tesseract.exe
2025-09-03 22:18:33,374 - core.ocr_engine - INFO - OCR Engine initialized with language: eng
2025-09-03 22:18:33,374 - core.computer_vision - INFO - Computer Vision engine initialized
2025-09-03 22:18:33,374 - core.input_simulator - INFO - Input Simulator initialized
2025-09-03 22:18:33,374 - core.state_monitor - INFO - State Monitor initialized
2025-09-03 22:18:33,374 - core.computer_vision - INFO - Computer Vision engine initialized
2025-09-03 22:18:33,374 - automation.rune_creation - INFO - Rune Creation Automation initialized
2025-09-03 22:18:33,374 - automation.food_eating - INFO - Food Eating Automation initialized
2025-09-03 22:18:33,374 - automation.health_monitor - INFO - Health Monitor Automation initialized
2025-09-03 22:18:33,374 - automation.workflow_manager - INFO - All automation modules initialized
2025-09-03 22:18:33,375 - automation.workflow_manager - INFO - Workflow Manager initialized
2025-09-03 22:18:33,406 - gui.region_selector - INFO - Region overlay created at (1520, 666) - Border only
2025-09-03 22:18:33,406 - gui.main_window - INFO - Persistent overlay created at (1520, 666) - 107x22
2025-09-03 22:18:33,406 - automation.workflow_manager - INFO - Registered callback for health_monitoring
2025-09-03 22:18:33,407 - gui.main_window - INFO - Main window initialized
2025-09-03 22:18:33,407 - cyclops - INFO - Application started successfully
2025-09-03 22:18:47,402 - gui.main_window - INFO - Starting workflow: full_automation
2025-09-03 22:18:47,402 - automation.workflow_manager - INFO - Starting workflow: Full Automation
2025-09-03 22:18:47,402 - automation.workflow_manager - INFO - Running automation: rune_creation
2025-09-03 22:18:47,402 - automation.workflow_manager - INFO - Started automation: rune_creation
2025-09-03 22:18:47,403 - automation.rune_creation - WARNING - Rune creation automation is disabled in configuration
2025-09-03 22:18:47,403 - automation.workflow_manager - INFO - Running automation: food_eating
2025-09-03 22:18:47,403 - automation.workflow_manager - INFO - Started automation: food_eating
2025-09-03 22:18:47,403 - automation.food_eating - WARNING - Food eating automation is disabled in configuration
2025-09-03 22:18:47,404 - automation.workflow_manager - INFO - Running automation: health_monitor
2025-09-03 22:18:47,404 - automation.workflow_manager - INFO - Started automation: health_monitor
2025-09-03 22:18:47,404 - automation.health_monitor - INFO - Starting health monitoring automation
2025-09-03 22:18:47,404 - automation.workflow_manager - INFO - Workflow 'full_automation' started successfully
2025-09-03 22:18:47,404 - automation.health_monitor - INFO - Setting up health monitoring:
2025-09-03 22:18:47,404 - automation.health_monitor - INFO -   Region: {'x': 1520, 'y': 666, 'width': 107, 'height': 22}
2025-09-03 22:18:47,405 - automation.health_monitor - INFO -   Low health threshold: 30.0%
2025-09-03 22:18:47,405 - automation.health_monitor - INFO -   Max health: 800
2025-09-03 22:18:47,405 - core.state_monitor - INFO - Registered condition: health_monitor
2025-09-03 22:18:47,406 - automation.health_monitor - INFO - Setup health monitoring with condition: health_monitor
2025-09-03 22:18:47,450 - gui.region_selector - INFO - Region overlay created at (1520, 666) - Border only
2025-09-03 22:18:47,450 - automation.health_monitor - INFO - Region overlay created
2025-09-03 22:18:47,450 - automation.health_monitor - INFO - Starting health monitoring loop...
2025-09-03 22:18:47,454 - automation.health_monitor - WARNING - Health status check returned False (loop #1)
2025-09-03 22:18:52,377 - automation.health_monitor - WARNING - Health status check returned False (loop #11)
2025-09-03 22:18:57,422 - automation.health_monitor - WARNING - Health status check returned False (loop #21)
2025-09-03 22:19:02,452 - automation.health_monitor - WARNING - Health status check returned False (loop #31)
2025-09-03 22:19:12,799 - automation.health_monitor - WARNING - Health status check returned False (loop #41)
2025-09-03 22:19:17,918 - automation.health_monitor - WARNING - Health status check returned False (loop #51)
2025-09-03 22:19:22,997 - automation.health_monitor - WARNING - Health status check returned False (loop #61)
2025-09-03 22:19:36,167 - cyclops - INFO - Starting Cyclops Desktop Automation Application
2025-09-03 22:19:36,325 - utils.config_manager - INFO - Configuration loaded from config/default_config.json
2025-09-03 22:19:36,325 - utils.config_manager - INFO - Configuration manager initialized with: config/default_config.json
2025-09-03 22:19:36,325 - core.screen_capture - INFO - Screen resolution: 1920x1080
2025-09-03 22:19:36,325 - core.ocr_engine - INFO - Tesseract path set to: C:\Program Files\Tesseract-OCR\tesseract.exe
2025-09-03 22:19:36,325 - core.ocr_engine - INFO - OCR Engine initialized with language: eng
2025-09-03 22:19:36,326 - core.computer_vision - INFO - Computer Vision engine initialized
2025-09-03 22:19:36,326 - core.input_simulator - INFO - Input Simulator initialized
2025-09-03 22:19:36,326 - core.state_monitor - INFO - State Monitor initialized
2025-09-03 22:19:36,326 - core.computer_vision - INFO - Computer Vision engine initialized
2025-09-03 22:19:36,326 - automation.rune_creation - INFO - Rune Creation Automation initialized
2025-09-03 22:19:36,326 - automation.food_eating - INFO - Food Eating Automation initialized
2025-09-03 22:19:36,326 - automation.health_monitor - INFO - Health Monitor Automation initialized
2025-09-03 22:19:36,326 - automation.workflow_manager - INFO - All automation modules initialized
2025-09-03 22:19:36,327 - automation.workflow_manager - INFO - Workflow Manager initialized
2025-09-03 22:19:36,348 - gui.region_selector - INFO - Region overlay created at (1520, 666) - Border only
2025-09-03 22:19:36,348 - gui.main_window - INFO - Persistent overlay created at (1520, 666) - 107x22
2025-09-03 22:19:36,348 - automation.workflow_manager - INFO - Registered callback for health_monitoring
2025-09-03 22:19:36,348 - gui.main_window - INFO - Main window initialized
2025-09-03 22:19:36,349 - cyclops - INFO - Application started successfully
2025-09-03 22:21:03,386 - cyclops - INFO - Starting Cyclops Desktop Automation Application
2025-09-03 22:21:03,548 - utils.config_manager - INFO - Configuration loaded from config/default_config.json
2025-09-03 22:21:03,548 - utils.config_manager - INFO - Configuration manager initialized with: config/default_config.json
2025-09-03 22:21:03,548 - core.screen_capture - INFO - Screen resolution: 1920x1080
2025-09-03 22:21:03,548 - core.ocr_engine - INFO - Tesseract path set to: C:\Program Files\Tesseract-OCR\tesseract.exe
2025-09-03 22:21:03,548 - core.ocr_engine - INFO - OCR Engine initialized with language: eng
2025-09-03 22:21:03,548 - core.computer_vision - INFO - Computer Vision engine initialized
2025-09-03 22:21:03,548 - core.input_simulator - INFO - Input Simulator initialized
2025-09-03 22:21:03,549 - core.state_monitor - INFO - State Monitor initialized
2025-09-03 22:21:03,549 - core.computer_vision - INFO - Computer Vision engine initialized
2025-09-03 22:21:03,549 - automation.rune_creation - INFO - Rune Creation Automation initialized
2025-09-03 22:21:03,549 - automation.food_eating - INFO - Food Eating Automation initialized
2025-09-03 22:21:03,549 - automation.health_monitor - INFO - Health Monitor Automation initialized
2025-09-03 22:21:03,549 - automation.workflow_manager - INFO - All automation modules initialized
2025-09-03 22:21:03,549 - automation.workflow_manager - INFO - Workflow Manager initialized
2025-09-03 22:21:03,573 - gui.region_selector - INFO - Region overlay created at (1520, 666) - Border only
2025-09-03 22:21:03,573 - gui.main_window - INFO - Persistent overlay created at (1520, 666) - 107x22
2025-09-03 22:21:03,573 - automation.workflow_manager - INFO - Registered callback for health_monitoring
2025-09-03 22:21:03,573 - gui.main_window - INFO - Main window initialized
2025-09-03 22:21:03,573 - cyclops - INFO - Application started successfully
2025-09-03 22:21:27,573 - gui.main_window - INFO - Starting workflow: full_automation
2025-09-03 22:21:27,573 - automation.workflow_manager - INFO - Starting workflow: Full Automation
2025-09-03 22:21:27,574 - automation.workflow_manager - INFO - Running automation: rune_creation
2025-09-03 22:21:27,574 - automation.workflow_manager - INFO - Started automation: rune_creation
2025-09-03 22:21:27,574 - automation.rune_creation - WARNING - Rune creation automation is disabled in configuration
2025-09-03 22:21:27,574 - automation.workflow_manager - INFO - Running automation: food_eating
2025-09-03 22:21:27,574 - automation.workflow_manager - INFO - Started automation: food_eating
2025-09-03 22:21:27,574 - automation.food_eating - WARNING - Food eating automation is disabled in configuration
2025-09-03 22:21:27,575 - automation.workflow_manager - INFO - Running automation: health_monitor
2025-09-03 22:21:27,575 - automation.workflow_manager - INFO - Started automation: health_monitor
2025-09-03 22:21:27,577 - automation.health_monitor - INFO - Starting health monitoring automation
2025-09-03 22:21:27,578 - automation.workflow_manager - INFO - Workflow 'full_automation' started successfully
2025-09-03 22:21:27,579 - automation.health_monitor - INFO - Setting up health monitoring:
2025-09-03 22:21:27,582 - automation.health_monitor - INFO -   Region: {'x': 1520, 'y': 666, 'width': 107, 'height': 22}
2025-09-03 22:21:27,584 - automation.health_monitor - INFO -   Low health threshold: 30.0%
2025-09-03 22:21:27,585 - automation.health_monitor - INFO -   Max health: 800
2025-09-03 22:21:27,587 - core.state_monitor - INFO - Registered condition: health_monitor
2025-09-03 22:21:27,589 - automation.health_monitor - INFO - Setup health monitoring with condition: health_monitor
2025-09-03 22:21:27,623 - core.state_monitor - INFO - State monitoring started
2025-09-03 22:21:27,627 - core.screen_capture - ERROR - Screen capture failed: region argument must be a tuple of four ints
2025-09-03 22:21:27,627 - core.state_monitor - ERROR - Health check failed: Failed to capture screen: region argument must be a tuple of four ints
2025-09-03 22:21:27,664 - gui.region_selector - INFO - Region overlay created at (1520, 666) - Border only
2025-09-03 22:21:27,664 - automation.health_monitor - INFO - Region overlay created
2025-09-03 22:21:27,665 - automation.health_monitor - INFO - Starting health monitoring loop...
2025-09-03 22:21:27,669 - automation.health_monitor - WARNING - Health status check returned False (loop #1)
2025-09-03 22:21:28,149 - core.screen_capture - ERROR - Screen capture failed: region argument must be a tuple of four ints
2025-09-03 22:21:28,149 - core.state_monitor - ERROR - Health check failed: Failed to capture screen: region argument must be a tuple of four ints
2025-09-03 22:21:28,670 - core.screen_capture - ERROR - Screen capture failed: region argument must be a tuple of four ints
2025-09-03 22:21:28,670 - core.state_monitor - ERROR - Health check failed: Failed to capture screen: region argument must be a tuple of four ints
2025-09-03 22:21:29,190 - core.screen_capture - ERROR - Screen capture failed: region argument must be a tuple of four ints
2025-09-03 22:21:29,190 - core.state_monitor - ERROR - Health check failed: Failed to capture screen: region argument must be a tuple of four ints
2025-09-03 22:21:29,711 - core.screen_capture - ERROR - Screen capture failed: region argument must be a tuple of four ints
2025-09-03 22:21:29,711 - core.state_monitor - ERROR - Health check failed: Failed to capture screen: region argument must be a tuple of four ints
2025-09-03 22:21:30,232 - core.screen_capture - ERROR - Screen capture failed: region argument must be a tuple of four ints
2025-09-03 22:21:30,232 - core.state_monitor - ERROR - Health check failed: Failed to capture screen: region argument must be a tuple of four ints
2025-09-03 22:21:30,753 - core.screen_capture - ERROR - Screen capture failed: region argument must be a tuple of four ints
2025-09-03 22:21:30,753 - core.state_monitor - ERROR - Health check failed: Failed to capture screen: region argument must be a tuple of four ints
2025-09-03 22:21:31,274 - core.screen_capture - ERROR - Screen capture failed: region argument must be a tuple of four ints
2025-09-03 22:21:31,274 - core.state_monitor - ERROR - Health check failed: Failed to capture screen: region argument must be a tuple of four ints
2025-09-03 22:21:31,794 - core.screen_capture - ERROR - Screen capture failed: region argument must be a tuple of four ints
2025-09-03 22:21:31,794 - core.state_monitor - ERROR - Health check failed: Failed to capture screen: region argument must be a tuple of four ints
2025-09-03 22:21:32,312 - core.screen_capture - ERROR - Screen capture failed: region argument must be a tuple of four ints
2025-09-03 22:21:32,312 - core.state_monitor - ERROR - Health check failed: Failed to capture screen: region argument must be a tuple of four ints
2025-09-03 22:21:32,676 - automation.health_monitor - WARNING - Health status check returned False (loop #11)
2025-09-03 22:21:32,834 - core.screen_capture - ERROR - Screen capture failed: region argument must be a tuple of four ints
2025-09-03 22:21:32,834 - core.state_monitor - ERROR - Health check failed: Failed to capture screen: region argument must be a tuple of four ints
2025-09-03 22:21:33,354 - core.screen_capture - ERROR - Screen capture failed: region argument must be a tuple of four ints
2025-09-03 22:21:33,354 - core.state_monitor - ERROR - Health check failed: Failed to capture screen: region argument must be a tuple of four ints
2025-09-03 22:21:33,875 - core.screen_capture - ERROR - Screen capture failed: region argument must be a tuple of four ints
2025-09-03 22:21:33,875 - core.state_monitor - ERROR - Health check failed: Failed to capture screen: region argument must be a tuple of four ints
2025-09-03 22:21:34,395 - core.screen_capture - ERROR - Screen capture failed: region argument must be a tuple of four ints
2025-09-03 22:21:34,396 - core.state_monitor - ERROR - Health check failed: Failed to capture screen: region argument must be a tuple of four ints
2025-09-03 22:21:34,917 - core.screen_capture - ERROR - Screen capture failed: region argument must be a tuple of four ints
2025-09-03 22:21:34,919 - core.state_monitor - ERROR - Health check failed: Failed to capture screen: region argument must be a tuple of four ints
2025-09-03 22:21:35,437 - core.screen_capture - ERROR - Screen capture failed: region argument must be a tuple of four ints
2025-09-03 22:21:35,437 - core.state_monitor - ERROR - Health check failed: Failed to capture screen: region argument must be a tuple of four ints
2025-09-03 22:21:35,957 - core.screen_capture - ERROR - Screen capture failed: region argument must be a tuple of four ints
2025-09-03 22:21:35,957 - core.state_monitor - ERROR - Health check failed: Failed to capture screen: region argument must be a tuple of four ints
2025-09-03 22:21:36,479 - core.screen_capture - ERROR - Screen capture failed: region argument must be a tuple of four ints
2025-09-03 22:21:36,479 - core.state_monitor - ERROR - Health check failed: Failed to capture screen: region argument must be a tuple of four ints
2025-09-03 22:21:37,000 - core.screen_capture - ERROR - Screen capture failed: region argument must be a tuple of four ints
2025-09-03 22:21:37,001 - core.state_monitor - ERROR - Health check failed: Failed to capture screen: region argument must be a tuple of four ints
2025-09-03 22:21:37,520 - core.screen_capture - ERROR - Screen capture failed: region argument must be a tuple of four ints
2025-09-03 22:21:37,520 - core.state_monitor - ERROR - Health check failed: Failed to capture screen: region argument must be a tuple of four ints
2025-09-03 22:21:37,903 - automation.health_monitor - WARNING - Health status check returned False (loop #21)
2025-09-03 22:21:38,047 - core.screen_capture - ERROR - Screen capture failed: region argument must be a tuple of four ints
2025-09-03 22:21:38,047 - core.state_monitor - ERROR - Health check failed: Failed to capture screen: region argument must be a tuple of four ints
2025-09-03 22:21:38,567 - core.screen_capture - ERROR - Screen capture failed: region argument must be a tuple of four ints
2025-09-03 22:21:38,567 - core.state_monitor - ERROR - Health check failed: Failed to capture screen: region argument must be a tuple of four ints
2025-09-03 22:21:39,087 - core.screen_capture - ERROR - Screen capture failed: region argument must be a tuple of four ints
2025-09-03 22:21:39,087 - core.state_monitor - ERROR - Health check failed: Failed to capture screen: region argument must be a tuple of four ints
2025-09-03 22:21:39,609 - core.screen_capture - ERROR - Screen capture failed: region argument must be a tuple of four ints
2025-09-03 22:21:41,250 - core.state_monitor - ERROR - Health check failed: Failed to capture screen: region argument must be a tuple of four ints
2025-09-03 22:21:41,774 - core.screen_capture - ERROR - Screen capture failed: region argument must be a tuple of four ints
2025-09-03 22:21:41,774 - core.state_monitor - ERROR - Health check failed: Failed to capture screen: region argument must be a tuple of four ints
2025-09-03 22:21:42,296 - core.screen_capture - ERROR - Screen capture failed: region argument must be a tuple of four ints
2025-09-03 22:21:42,296 - core.state_monitor - ERROR - Health check failed: Failed to capture screen: region argument must be a tuple of four ints
2025-09-03 22:21:42,817 - core.screen_capture - ERROR - Screen capture failed: region argument must be a tuple of four ints
2025-09-03 22:21:42,818 - core.state_monitor - ERROR - Health check failed: Failed to capture screen: region argument must be a tuple of four ints
2025-09-03 22:21:43,057 - automation.health_monitor - WARNING - Health status check returned False (loop #31)
2025-09-03 22:21:43,338 - core.screen_capture - ERROR - Screen capture failed: region argument must be a tuple of four ints
2025-09-03 22:21:43,338 - core.state_monitor - ERROR - Health check failed: Failed to capture screen: region argument must be a tuple of four ints
2025-09-03 22:21:43,858 - core.screen_capture - ERROR - Screen capture failed: region argument must be a tuple of four ints
2025-09-03 22:21:43,858 - core.state_monitor - ERROR - Health check failed: Failed to capture screen: region argument must be a tuple of four ints
2025-09-03 22:21:44,379 - core.screen_capture - ERROR - Screen capture failed: region argument must be a tuple of four ints
2025-09-03 22:21:44,380 - core.state_monitor - ERROR - Health check failed: Failed to capture screen: region argument must be a tuple of four ints
2025-09-03 22:21:44,900 - core.screen_capture - ERROR - Screen capture failed: region argument must be a tuple of four ints
2025-09-03 22:21:44,900 - core.state_monitor - ERROR - Health check failed: Failed to capture screen: region argument must be a tuple of four ints
2025-09-03 22:21:45,422 - core.screen_capture - ERROR - Screen capture failed: region argument must be a tuple of four ints
2025-09-03 22:21:45,423 - core.state_monitor - ERROR - Health check failed: Failed to capture screen: region argument must be a tuple of four ints
2025-09-03 22:21:45,942 - core.screen_capture - ERROR - Screen capture failed: region argument must be a tuple of four ints
2025-09-03 22:21:45,943 - core.state_monitor - ERROR - Health check failed: Failed to capture screen: region argument must be a tuple of four ints
2025-09-03 22:21:46,463 - core.screen_capture - ERROR - Screen capture failed: region argument must be a tuple of four ints
2025-09-03 22:21:46,463 - core.state_monitor - ERROR - Health check failed: Failed to capture screen: region argument must be a tuple of four ints
2025-09-03 22:21:46,981 - core.screen_capture - ERROR - Screen capture failed: region argument must be a tuple of four ints
2025-09-03 22:21:46,981 - core.state_monitor - ERROR - Health check failed: Failed to capture screen: region argument must be a tuple of four ints
2025-09-03 22:21:47,502 - core.screen_capture - ERROR - Screen capture failed: region argument must be a tuple of four ints
2025-09-03 22:21:47,502 - core.state_monitor - ERROR - Health check failed: Failed to capture screen: region argument must be a tuple of four ints
2025-09-03 22:21:47,971 - automation.health_monitor - WARNING - Health status check returned False (loop #41)
2025-09-03 22:21:48,022 - core.screen_capture - ERROR - Screen capture failed: region argument must be a tuple of four ints
2025-09-03 22:21:48,022 - core.state_monitor - ERROR - Health check failed: Failed to capture screen: region argument must be a tuple of four ints
2025-09-03 22:21:48,542 - core.screen_capture - ERROR - Screen capture failed: region argument must be a tuple of four ints
2025-09-03 22:21:48,542 - core.state_monitor - ERROR - Health check failed: Failed to capture screen: region argument must be a tuple of four ints
2025-09-03 22:21:49,060 - core.screen_capture - ERROR - Screen capture failed: region argument must be a tuple of four ints
2025-09-03 22:21:49,060 - core.state_monitor - ERROR - Health check failed: Failed to capture screen: region argument must be a tuple of four ints
2025-09-03 22:21:49,580 - core.screen_capture - ERROR - Screen capture failed: region argument must be a tuple of four ints
2025-09-03 22:21:49,580 - core.state_monitor - ERROR - Health check failed: Failed to capture screen: region argument must be a tuple of four ints
2025-09-03 22:21:50,101 - core.screen_capture - ERROR - Screen capture failed: region argument must be a tuple of four ints
2025-09-03 22:21:50,101 - core.state_monitor - ERROR - Health check failed: Failed to capture screen: region argument must be a tuple of four ints
2025-09-03 22:21:50,622 - core.screen_capture - ERROR - Screen capture failed: region argument must be a tuple of four ints
2025-09-03 22:21:50,623 - core.state_monitor - ERROR - Health check failed: Failed to capture screen: region argument must be a tuple of four ints
2025-09-03 22:21:51,143 - core.screen_capture - ERROR - Screen capture failed: region argument must be a tuple of four ints
2025-09-03 22:21:51,143 - core.state_monitor - ERROR - Health check failed: Failed to capture screen: region argument must be a tuple of four ints
2025-09-03 22:21:51,660 - core.screen_capture - ERROR - Screen capture failed: region argument must be a tuple of four ints
2025-09-03 22:21:51,661 - core.state_monitor - ERROR - Health check failed: Failed to capture screen: region argument must be a tuple of four ints
2025-09-03 22:21:52,184 - core.screen_capture - ERROR - Screen capture failed: region argument must be a tuple of four ints
2025-09-03 22:21:52,184 - core.state_monitor - ERROR - Health check failed: Failed to capture screen: region argument must be a tuple of four ints
2025-09-03 22:21:52,702 - core.screen_capture - ERROR - Screen capture failed: region argument must be a tuple of four ints
2025-09-03 22:21:52,702 - core.state_monitor - ERROR - Health check failed: Failed to capture screen: region argument must be a tuple of four ints
2025-09-03 22:21:52,899 - automation.health_monitor - WARNING - Health status check returned False (loop #51)
2025-09-03 22:21:53,222 - core.screen_capture - ERROR - Screen capture failed: region argument must be a tuple of four ints
2025-09-03 22:21:53,222 - core.state_monitor - ERROR - Health check failed: Failed to capture screen: region argument must be a tuple of four ints
2025-09-03 22:21:53,744 - core.screen_capture - ERROR - Screen capture failed: region argument must be a tuple of four ints
2025-09-03 22:21:53,745 - core.state_monitor - ERROR - Health check failed: Failed to capture screen: region argument must be a tuple of four ints
2025-09-03 22:21:54,265 - core.screen_capture - ERROR - Screen capture failed: region argument must be a tuple of four ints
2025-09-03 22:21:54,265 - core.state_monitor - ERROR - Health check failed: Failed to capture screen: region argument must be a tuple of four ints
2025-09-03 22:21:54,785 - core.screen_capture - ERROR - Screen capture failed: region argument must be a tuple of four ints
2025-09-03 22:21:54,786 - core.state_monitor - ERROR - Health check failed: Failed to capture screen: region argument must be a tuple of four ints
2025-09-03 22:21:55,307 - core.screen_capture - ERROR - Screen capture failed: region argument must be a tuple of four ints
2025-09-03 22:21:55,307 - core.state_monitor - ERROR - Health check failed: Failed to capture screen: region argument must be a tuple of four ints
2025-09-03 22:21:55,828 - core.screen_capture - ERROR - Screen capture failed: region argument must be a tuple of four ints
2025-09-03 22:21:55,828 - core.state_monitor - ERROR - Health check failed: Failed to capture screen: region argument must be a tuple of four ints
2025-09-03 22:21:56,349 - core.screen_capture - ERROR - Screen capture failed: region argument must be a tuple of four ints
2025-09-03 22:21:56,349 - core.state_monitor - ERROR - Health check failed: Failed to capture screen: region argument must be a tuple of four ints
2025-09-03 22:21:56,870 - core.screen_capture - ERROR - Screen capture failed: region argument must be a tuple of four ints
2025-09-03 22:21:56,870 - core.state_monitor - ERROR - Health check failed: Failed to capture screen: region argument must be a tuple of four ints
2025-09-03 22:21:57,390 - core.screen_capture - ERROR - Screen capture failed: region argument must be a tuple of four ints
2025-09-03 22:21:57,390 - core.state_monitor - ERROR - Health check failed: Failed to capture screen: region argument must be a tuple of four ints
2025-09-03 22:21:57,912 - core.screen_capture - ERROR - Screen capture failed: region argument must be a tuple of four ints
2025-09-03 22:21:57,912 - core.state_monitor - ERROR - Health check failed: Failed to capture screen: region argument must be a tuple of four ints
2025-09-03 22:21:57,927 - automation.health_monitor - WARNING - Health status check returned False (loop #61)
2025-09-03 22:21:58,434 - core.screen_capture - ERROR - Screen capture failed: region argument must be a tuple of four ints
2025-09-03 22:21:58,434 - core.state_monitor - ERROR - Health check failed: Failed to capture screen: region argument must be a tuple of four ints
2025-09-03 22:21:58,954 - core.screen_capture - ERROR - Screen capture failed: region argument must be a tuple of four ints
2025-09-03 22:21:58,954 - core.state_monitor - ERROR - Health check failed: Failed to capture screen: region argument must be a tuple of four ints
2025-09-03 22:21:59,474 - core.screen_capture - ERROR - Screen capture failed: region argument must be a tuple of four ints
2025-09-03 22:21:59,474 - core.state_monitor - ERROR - Health check failed: Failed to capture screen: region argument must be a tuple of four ints
2025-09-03 22:21:59,686 - automation.workflow_manager - INFO - Stopping all workflows...
2025-09-03 22:21:59,686 - automation.workflow_manager - INFO - Stopping workflow: Full Automation
2025-09-03 22:21:59,687 - automation.rune_creation - INFO - Stopping rune creation automation
2025-09-03 22:21:59,687 - automation.workflow_manager - INFO - Stopped automation: rune_creation
2025-09-03 22:21:59,687 - automation.food_eating - INFO - Stopping food eating automation
2025-09-03 22:21:59,687 - automation.workflow_manager - INFO - Stopped automation: food_eating
2025-09-03 22:21:59,688 - automation.health_monitor - INFO - Stopping health monitoring automation
2025-09-03 22:21:59,692 - gui.region_selector - INFO - Region overlay destroyed
2025-09-03 22:21:59,976 - core.state_monitor - INFO - State monitoring stopped
2025-09-03 22:21:59,976 - automation.health_monitor - INFO - Health monitoring automation stopped. Emergency responses: 0
2025-09-03 22:21:59,977 - automation.workflow_manager - INFO - Stopped automation: health_monitor
2025-09-03 22:21:59,977 - automation.workflow_manager - INFO - Workflow 'full_automation' stopped successfully
2025-09-03 22:21:59,978 - automation.workflow_manager - INFO - All workflows stopped
2025-09-03 22:21:59,982 - gui.region_selector - INFO - Region overlay destroyed
2025-09-03 22:21:59,982 - utils.config_manager - INFO - Configuration saved to config/default_config.json
2025-09-03 22:22:01,373 - gui.main_window - INFO - Configuration saved
2025-09-03 22:22:01,373 - gui.main_window - INFO - Application closing
2025-09-03 22:22:01,402 - cyclops - INFO - Application closed
2025-09-03 22:22:20,331 - cyclops - INFO - Starting Cyclops Desktop Automation Application
2025-09-03 22:22:20,494 - utils.config_manager - INFO - Configuration loaded from config/default_config.json
2025-09-03 22:22:20,495 - utils.config_manager - INFO - Configuration manager initialized with: config/default_config.json
2025-09-03 22:22:20,495 - core.screen_capture - INFO - Screen resolution: 1920x1080
2025-09-03 22:22:20,495 - core.ocr_engine - INFO - Tesseract path set to: C:\Program Files\Tesseract-OCR\tesseract.exe
2025-09-03 22:22:20,495 - core.ocr_engine - INFO - OCR Engine initialized with language: eng
2025-09-03 22:22:20,495 - core.computer_vision - INFO - Computer Vision engine initialized
2025-09-03 22:22:20,495 - core.input_simulator - INFO - Input Simulator initialized
2025-09-03 22:22:20,495 - core.state_monitor - INFO - State Monitor initialized
2025-09-03 22:22:20,495 - core.computer_vision - INFO - Computer Vision engine initialized
2025-09-03 22:22:20,496 - automation.rune_creation - INFO - Rune Creation Automation initialized
2025-09-03 22:22:20,496 - automation.food_eating - INFO - Food Eating Automation initialized
2025-09-03 22:22:20,496 - automation.health_monitor - INFO - Health Monitor Automation initialized
2025-09-03 22:22:20,496 - automation.workflow_manager - INFO - All automation modules initialized
2025-09-03 22:22:20,496 - automation.workflow_manager - INFO - Workflow Manager initialized
2025-09-03 22:22:20,518 - gui.region_selector - INFO - Region overlay created at (1520, 666) - Border only
2025-09-03 22:22:20,518 - gui.main_window - INFO - Persistent overlay created at (1520, 666) - 107x22
2025-09-03 22:22:20,519 - automation.workflow_manager - INFO - Registered callback for health_monitoring
2025-09-03 22:22:20,519 - gui.main_window - INFO - Main window initialized
2025-09-03 22:22:20,519 - cyclops - INFO - Application started successfully
2025-09-03 22:22:46,794 - automation.workflow_manager - INFO - Stopping all workflows...
2025-09-03 22:22:46,794 - automation.workflow_manager - INFO - All workflows stopped
2025-09-03 22:22:46,799 - gui.region_selector - INFO - Region overlay destroyed
2025-09-03 22:22:46,799 - utils.config_manager - INFO - Configuration saved to config/default_config.json
2025-09-03 22:22:47,817 - gui.main_window - INFO - Configuration saved
2025-09-03 22:22:47,817 - gui.main_window - INFO - Application closing
2025-09-03 22:22:47,855 - cyclops - INFO - Application closed
2025-09-03 22:23:32,264 - cyclops - INFO - Starting Cyclops Desktop Automation Application
2025-09-03 22:23:32,427 - utils.config_manager - INFO - Configuration loaded from config/default_config.json
2025-09-03 22:23:32,427 - utils.config_manager - INFO - Configuration manager initialized with: config/default_config.json
2025-09-03 22:23:32,428 - core.screen_capture - INFO - Screen resolution: 1920x1080
2025-09-03 22:23:32,428 - core.ocr_engine - INFO - Tesseract path set to: C:\Program Files\Tesseract-OCR\tesseract.exe
2025-09-03 22:23:32,428 - core.ocr_engine - INFO - OCR Engine initialized with language: eng
2025-09-03 22:23:32,428 - core.computer_vision - INFO - Computer Vision engine initialized
2025-09-03 22:23:32,428 - core.input_simulator - INFO - Input Simulator initialized
2025-09-03 22:23:32,428 - core.state_monitor - INFO - State Monitor initialized
2025-09-03 22:23:32,428 - core.computer_vision - INFO - Computer Vision engine initialized
2025-09-03 22:23:32,428 - automation.rune_creation - INFO - Rune Creation Automation initialized
2025-09-03 22:23:32,428 - automation.food_eating - INFO - Food Eating Automation initialized
2025-09-03 22:23:32,429 - automation.health_monitor - INFO - Health Monitor Automation initialized
2025-09-03 22:23:32,429 - automation.workflow_manager - INFO - All automation modules initialized
2025-09-03 22:23:32,429 - automation.workflow_manager - INFO - Workflow Manager initialized
2025-09-03 22:23:32,457 - gui.region_selector - INFO - Region overlay created at (1520, 666) - Border only
2025-09-03 22:23:32,457 - gui.main_window - INFO - Persistent overlay created at (1520, 666) - 107x22
2025-09-03 22:23:32,457 - automation.workflow_manager - INFO - Registered callback for health_monitoring
2025-09-03 22:23:32,457 - gui.main_window - INFO - Main window initialized
2025-09-03 22:23:32,457 - cyclops - INFO - Application started successfully
2025-09-03 22:23:48,841 - gui.main_window - INFO - Starting workflow: full_automation
2025-09-03 22:23:48,841 - automation.workflow_manager - INFO - Starting workflow: Full Automation
2025-09-03 22:23:48,842 - automation.workflow_manager - INFO - Running automation: rune_creation
2025-09-03 22:23:48,842 - automation.workflow_manager - INFO - Started automation: rune_creation
2025-09-03 22:23:48,842 - automation.rune_creation - WARNING - Rune creation automation is disabled in configuration
2025-09-03 22:23:48,842 - automation.workflow_manager - INFO - Running automation: food_eating
2025-09-03 22:23:48,842 - automation.workflow_manager - INFO - Started automation: food_eating
2025-09-03 22:23:48,842 - automation.food_eating - WARNING - Food eating automation is disabled in configuration
2025-09-03 22:23:48,843 - automation.workflow_manager - INFO - Running automation: health_monitor
2025-09-03 22:23:48,843 - automation.workflow_manager - INFO - Started automation: health_monitor
2025-09-03 22:23:48,843 - automation.health_monitor - INFO - Starting health monitoring automation
2025-09-03 22:23:48,843 - automation.workflow_manager - INFO - Workflow 'full_automation' started successfully
2025-09-03 22:23:48,843 - automation.health_monitor - INFO - Setting up health monitoring:
2025-09-03 22:23:48,844 - automation.health_monitor - INFO -   Region: (1520, 666, 107, 22)
2025-09-03 22:23:48,845 - automation.health_monitor - INFO -   Low health threshold: 30.0%
2025-09-03 22:23:48,845 - automation.health_monitor - INFO -   Max health: 800
2025-09-03 22:23:48,846 - core.state_monitor - INFO - Registered condition: health_monitor
2025-09-03 22:23:48,847 - automation.health_monitor - INFO - Setup health monitoring with condition: health_monitor
2025-09-03 22:23:48,873 - core.state_monitor - INFO - State monitoring started
2025-09-03 22:23:48,884 - core.state_monitor - INFO - Successfully captured region: (1520, 666, 107, 22), image shape: (22, 107, 3)
2025-09-03 22:23:48,957 - core.state_monitor - INFO - Saved captured image as 'debug_health_capture.png' for debugging
2025-09-03 22:23:49,008 - gui.region_selector - INFO - Region overlay created at (1520, 666) - Border only
2025-09-03 22:23:49,008 - automation.health_monitor - INFO - Region overlay created
2025-09-03 22:23:49,011 - automation.health_monitor - INFO - Starting health monitoring loop...
2025-09-03 22:23:49,012 - automation.health_monitor - WARNING - Health status check returned False (loop #1)
2025-09-03 22:23:49,301 - core.state_monitor - INFO - OCR raw output: '' (length: 0)
2025-09-03 22:23:49,301 - core.state_monitor - WARNING - Could not parse health number from OCR result: ''
2025-09-03 22:23:49,301 - core.state_monitor - WARNING - Could not read health number from image
2025-09-03 22:23:49,498 - automation.health_monitor - INFO - Health monitoring active - Current: 0.0%, Low: True
2025-09-03 22:23:49,498 - automation.health_monitor - WARNING - Executing emergency response sequence...
2025-09-03 22:23:49,701 - automation.health_monitor - INFO - Emergency response sequence completed
2025-09-03 22:23:49,701 - automation.health_monitor - WARNING - Emergency response executed (total: 1)
2025-09-03 22:23:49,901 - core.state_monitor - WARNING - Could not read health number from image
2025-09-03 22:23:50,503 - core.state_monitor - WARNING - Could not read health number from image
2025-09-03 22:23:51,102 - core.state_monitor - WARNING - Could not read health number from image
2025-09-03 22:23:51,698 - core.state_monitor - WARNING - Could not read health number from image
2025-09-03 22:23:51,764 - automation.health_monitor - WARNING - Executing emergency response sequence...
2025-09-03 22:23:51,965 - automation.health_monitor - INFO - Emergency response sequence completed
2025-09-03 22:23:51,965 - automation.health_monitor - WARNING - Emergency response executed (total: 2)
2025-09-03 22:23:52,301 - core.state_monitor - WARNING - Could not read health number from image
2025-09-03 22:23:52,900 - core.state_monitor - WARNING - Could not read health number from image
2025-09-03 22:23:53,502 - core.state_monitor - WARNING - Could not read health number from image
2025-09-03 22:23:54,098 - core.state_monitor - WARNING - Could not read health number from image
2025-09-03 22:23:54,507 - automation.health_monitor - WARNING - Executing emergency response sequence...
2025-09-03 22:23:54,695 - core.state_monitor - WARNING - Could not read health number from image
2025-09-03 22:23:54,712 - automation.health_monitor - INFO - Emergency response sequence completed
2025-09-03 22:23:54,712 - automation.health_monitor - WARNING - Emergency response executed (total: 3)
2025-09-03 22:23:55,296 - core.state_monitor - WARNING - Could not read health number from image
2025-09-03 22:23:55,896 - core.state_monitor - WARNING - Could not read health number from image
2025-09-03 22:23:56,497 - core.state_monitor - WARNING - Could not read health number from image
2025-09-03 22:23:56,790 - automation.health_monitor - WARNING - Executing emergency response sequence...
2025-09-03 22:23:56,992 - automation.health_monitor - INFO - Emergency response sequence completed
2025-09-03 22:23:56,992 - automation.health_monitor - WARNING - Emergency response executed (total: 4)
2025-09-03 22:23:57,096 - core.state_monitor - WARNING - Could not read health number from image
2025-09-03 22:23:57,696 - core.state_monitor - WARNING - Could not read health number from image
2025-09-03 22:23:58,295 - core.state_monitor - WARNING - Could not read health number from image
2025-09-03 22:23:59,390 - automation.health_monitor - WARNING - Executing emergency response sequence...
2025-09-03 22:23:59,592 - automation.health_monitor - INFO - Emergency response sequence completed
2025-09-03 22:23:59,592 - automation.health_monitor - WARNING - Emergency response executed (total: 5)
2025-09-03 22:23:59,956 - core.state_monitor - WARNING - Could not read health number from image
2025-09-03 22:24:00,555 - core.state_monitor - WARNING - Could not read health number from image
2025-09-03 22:24:01,156 - core.state_monitor - WARNING - Could not read health number from image
2025-09-03 22:24:01,756 - core.state_monitor - WARNING - Could not read health number from image
2025-09-03 22:24:02,051 - automation.health_monitor - WARNING - Executing emergency response sequence...
2025-09-03 22:24:02,253 - automation.health_monitor - INFO - Emergency response sequence completed
2025-09-03 22:24:02,253 - automation.health_monitor - WARNING - Emergency response executed (total: 6)
2025-09-03 22:24:02,354 - core.state_monitor - WARNING - Could not read health number from image
2025-09-03 22:24:02,953 - core.state_monitor - WARNING - Could not read health number from image
2025-09-03 22:24:03,091 - automation.workflow_manager - INFO - Stopping all workflows...
2025-09-03 22:24:03,091 - automation.workflow_manager - INFO - Stopping workflow: Full Automation
2025-09-03 22:24:03,093 - automation.rune_creation - INFO - Stopping rune creation automation
2025-09-03 22:24:03,093 - automation.workflow_manager - INFO - Stopped automation: rune_creation
2025-09-03 22:24:03,093 - automation.food_eating - INFO - Stopping food eating automation
2025-09-03 22:24:03,093 - automation.workflow_manager - INFO - Stopped automation: food_eating
2025-09-03 22:24:03,093 - automation.health_monitor - INFO - Stopping health monitoring automation
2025-09-03 22:24:03,098 - gui.region_selector - INFO - Region overlay destroyed
2025-09-03 22:24:03,454 - core.state_monitor - INFO - State monitoring stopped
2025-09-03 22:24:03,454 - automation.health_monitor - INFO - Health monitoring automation stopped. Emergency responses: 6
2025-09-03 22:24:03,455 - automation.workflow_manager - INFO - Stopped automation: health_monitor
2025-09-03 22:24:03,455 - automation.workflow_manager - INFO - Workflow 'full_automation' stopped successfully
2025-09-03 22:24:03,456 - automation.workflow_manager - INFO - All workflows stopped
2025-09-03 22:24:03,460 - gui.region_selector - INFO - Region overlay destroyed
2025-09-03 22:24:03,460 - utils.config_manager - INFO - Configuration saved to config/default_config.json
2025-09-03 22:24:04,498 - gui.main_window - INFO - Configuration saved
2025-09-03 22:24:04,498 - gui.main_window - INFO - Application closing
2025-09-03 22:24:04,528 - cyclops - INFO - Application closed
2025-09-03 22:25:10,337 - cyclops - INFO - Starting Cyclops Desktop Automation Application
2025-09-03 22:25:10,515 - utils.config_manager - INFO - Configuration loaded from config/default_config.json
2025-09-03 22:25:10,515 - utils.config_manager - INFO - Configuration manager initialized with: config/default_config.json
2025-09-03 22:25:10,515 - core.screen_capture - INFO - Screen resolution: 1920x1080
2025-09-03 22:25:10,515 - core.ocr_engine - INFO - Tesseract path set to: C:\Program Files\Tesseract-OCR\tesseract.exe
2025-09-03 22:25:10,515 - core.ocr_engine - INFO - OCR Engine initialized with language: eng
2025-09-03 22:25:10,515 - core.computer_vision - INFO - Computer Vision engine initialized
2025-09-03 22:25:10,516 - core.input_simulator - INFO - Input Simulator initialized
2025-09-03 22:25:10,516 - core.state_monitor - INFO - State Monitor initialized
2025-09-03 22:25:10,516 - core.computer_vision - INFO - Computer Vision engine initialized
2025-09-03 22:25:10,516 - automation.rune_creation - INFO - Rune Creation Automation initialized
2025-09-03 22:25:10,516 - automation.food_eating - INFO - Food Eating Automation initialized
2025-09-03 22:25:10,516 - automation.health_monitor - INFO - Health Monitor Automation initialized
2025-09-03 22:25:10,516 - automation.workflow_manager - INFO - All automation modules initialized
2025-09-03 22:25:10,517 - automation.workflow_manager - INFO - Workflow Manager initialized
2025-09-03 22:25:10,546 - gui.region_selector - INFO - Region overlay created at (1520, 666) - Border only
2025-09-03 22:25:10,546 - gui.main_window - INFO - Persistent overlay created at (1520, 666) - 107x22
2025-09-03 22:25:10,546 - automation.workflow_manager - INFO - Registered callback for health_monitoring
2025-09-03 22:25:10,546 - gui.main_window - INFO - Main window initialized
2025-09-03 22:25:10,546 - cyclops - INFO - Application started successfully
2025-09-03 22:26:25,540 - cyclops - INFO - Starting Cyclops Desktop Automation Application
2025-09-03 22:26:25,701 - utils.config_manager - INFO - Configuration loaded from config/default_config.json
2025-09-03 22:26:25,701 - utils.config_manager - INFO - Configuration manager initialized with: config/default_config.json
2025-09-03 22:26:25,701 - core.screen_capture - INFO - Screen resolution: 1920x1080
2025-09-03 22:26:25,702 - core.ocr_engine - INFO - Tesseract path set to: C:\Program Files\Tesseract-OCR\tesseract.exe
2025-09-03 22:26:25,702 - core.ocr_engine - INFO - OCR Engine initialized with language: eng
2025-09-03 22:26:25,702 - core.computer_vision - INFO - Computer Vision engine initialized
2025-09-03 22:26:25,702 - core.input_simulator - INFO - Input Simulator initialized
2025-09-03 22:26:25,702 - core.state_monitor - INFO - State Monitor initialized
2025-09-03 22:26:25,702 - core.computer_vision - INFO - Computer Vision engine initialized
2025-09-03 22:26:25,702 - automation.rune_creation - INFO - Rune Creation Automation initialized
2025-09-03 22:26:25,702 - automation.food_eating - INFO - Food Eating Automation initialized
2025-09-03 22:26:25,702 - automation.health_monitor - INFO - Health Monitor Automation initialized
2025-09-03 22:26:25,702 - automation.workflow_manager - INFO - All automation modules initialized
2025-09-03 22:26:25,702 - automation.workflow_manager - INFO - Workflow Manager initialized
2025-09-03 22:26:25,734 - gui.region_selector - INFO - Region overlay created at (1520, 666) - Border only
2025-09-03 22:26:25,734 - gui.main_window - INFO - Persistent overlay created at (1520, 666) - 107x22
2025-09-03 22:26:25,734 - automation.workflow_manager - INFO - Registered callback for health_monitoring
2025-09-03 22:26:25,734 - gui.main_window - INFO - Main window initialized
2025-09-03 22:26:25,734 - cyclops - INFO - Application started successfully
2025-09-03 22:26:49,481 - gui.main_window - INFO - Starting workflow: full_automation
2025-09-03 22:26:49,481 - automation.workflow_manager - INFO - Starting workflow: Full Automation
2025-09-03 22:26:49,482 - automation.workflow_manager - INFO - Running automation: rune_creation
2025-09-03 22:26:49,482 - automation.workflow_manager - INFO - Started automation: rune_creation
2025-09-03 22:26:49,482 - automation.rune_creation - WARNING - Rune creation automation is disabled in configuration
2025-09-03 22:26:49,483 - automation.workflow_manager - INFO - Running automation: food_eating
2025-09-03 22:26:49,483 - automation.workflow_manager - INFO - Started automation: food_eating
2025-09-03 22:26:49,483 - automation.food_eating - WARNING - Food eating automation is disabled in configuration
2025-09-03 22:26:49,483 - automation.workflow_manager - INFO - Running automation: health_monitor
2025-09-03 22:26:49,483 - automation.workflow_manager - INFO - Started automation: health_monitor
2025-09-03 22:26:49,483 - automation.health_monitor - INFO - Starting health monitoring automation
2025-09-03 22:26:49,483 - automation.workflow_manager - INFO - Workflow 'full_automation' started successfully
2025-09-03 22:26:49,484 - automation.health_monitor - INFO - Setting up health monitoring:
2025-09-03 22:26:49,484 - automation.health_monitor - INFO -   Region: (1520, 666, 107, 22)
2025-09-03 22:26:49,485 - automation.health_monitor - INFO -   Low health threshold: 30.0%
2025-09-03 22:26:49,487 - automation.health_monitor - INFO -   Max health: 800
2025-09-03 22:26:49,487 - core.state_monitor - INFO - Registered condition: health_monitor
2025-09-03 22:26:49,488 - automation.health_monitor - INFO - Setup health monitoring with condition: health_monitor
2025-09-03 22:26:49,516 - core.state_monitor - INFO - State monitoring started
2025-09-03 22:26:49,521 - core.state_monitor - INFO - Successfully captured region: (1520, 666, 107, 22), image shape: (22, 107, 3)
2025-09-03 22:26:49,526 - core.state_monitor - INFO - Saved captured image as 'debug_health_capture.png' for debugging
2025-09-03 22:26:49,564 - gui.region_selector - INFO - Region overlay created at (1520, 666) - Border only
2025-09-03 22:26:49,564 - automation.health_monitor - INFO - Region overlay created
2025-09-03 22:26:49,567 - automation.health_monitor - INFO - Starting health monitoring loop...
2025-09-03 22:26:49,570 - automation.health_monitor - WARNING - Health status check returned False (loop #1)
2025-09-03 22:26:49,616 - core.state_monitor - INFO - OCR attempt - grayscale + config1: '' (length: 0)
2025-09-03 22:26:49,689 - core.state_monitor - INFO - OCR attempt - grayscale + config2: '' (length: 0)
2025-09-03 22:26:49,767 - core.state_monitor - INFO - OCR attempt - grayscale + config3: '' (length: 0)
2025-09-03 22:26:49,841 - core.state_monitor - INFO - OCR attempt - grayscale + config4: '' (length: 0)
2025-09-03 22:26:49,920 - core.state_monitor - INFO - OCR attempt - grayscale + config5: '=' (length: 1)
2025-09-03 22:26:50,001 - core.state_monitor - INFO - OCR attempt - otsu_thresh + config1: '' (length: 0)
2025-09-03 22:26:50,077 - core.state_monitor - INFO - OCR attempt - otsu_thresh + config2: '' (length: 0)
2025-09-03 22:26:50,156 - core.state_monitor - INFO - OCR attempt - otsu_thresh + config3: '' (length: 0)
2025-09-03 22:26:50,229 - core.state_monitor - INFO - OCR attempt - otsu_thresh + config4: '' (length: 0)
2025-09-03 22:26:50,310 - core.state_monitor - INFO - OCR attempt - otsu_thresh + config5: 'Ps |' (length: 4)
2025-09-03 22:26:50,392 - core.state_monitor - INFO - OCR attempt - adaptive_thresh + config1: '' (length: 0)
2025-09-03 22:26:50,465 - core.state_monitor - INFO - OCR attempt - adaptive_thresh + config2: '' (length: 0)
2025-09-03 22:26:50,545 - core.state_monitor - INFO - OCR attempt - adaptive_thresh + config3: '' (length: 0)
2025-09-03 22:26:50,618 - core.state_monitor - INFO - OCR attempt - adaptive_thresh + config4: '' (length: 0)
2025-09-03 22:26:50,695 - core.state_monitor - INFO - OCR attempt - adaptive_thresh + config5: 'baal' (length: 4)
2025-09-03 22:26:50,777 - core.state_monitor - INFO - OCR attempt - inverted_thresh + config1: '' (length: 0)
2025-09-03 22:26:50,855 - core.state_monitor - INFO - OCR attempt - inverted_thresh + config2: '' (length: 0)
2025-09-03 22:26:50,931 - core.state_monitor - INFO - OCR attempt - inverted_thresh + config3: '' (length: 0)
2025-09-03 22:26:51,002 - core.state_monitor - INFO - OCR attempt - inverted_thresh + config4: '' (length: 0)
2025-09-03 22:26:51,079 - core.state_monitor - INFO - OCR attempt - inverted_thresh + config5: 'P|' (length: 2)
2025-09-03 22:26:51,079 - core.state_monitor - WARNING - All OCR attempts failed to read health number
2025-09-03 22:26:51,079 - core.state_monitor - WARNING - Could not read health number from image
2025-09-03 22:26:51,148 - automation.health_monitor - INFO - Health monitoring active - Current: 0.0%, Low: True
2025-09-03 22:26:51,148 - automation.health_monitor - WARNING - Executing emergency response sequence...
2025-09-03 22:26:51,351 - automation.health_monitor - INFO - Emergency response sequence completed
2025-09-03 22:26:51,351 - automation.health_monitor - WARNING - Emergency response executed (total: 1)
2025-09-03 22:26:51,680 - core.state_monitor - INFO - OCR attempt - grayscale + config1: '' (length: 0)
2025-09-03 22:26:51,754 - core.state_monitor - INFO - OCR attempt - grayscale + config2: '' (length: 0)
2025-09-03 22:26:51,831 - core.state_monitor - INFO - OCR attempt - grayscale + config3: '' (length: 0)
2025-09-03 22:26:51,905 - core.state_monitor - INFO - OCR attempt - grayscale + config4: '' (length: 0)
2025-09-03 22:26:51,983 - core.state_monitor - INFO - OCR attempt - grayscale + config5: '=' (length: 1)
2025-09-03 22:26:52,060 - core.state_monitor - INFO - OCR attempt - otsu_thresh + config1: '' (length: 0)
2025-09-03 22:26:52,135 - core.state_monitor - INFO - OCR attempt - otsu_thresh + config2: '' (length: 0)
2025-09-03 22:26:52,214 - core.state_monitor - INFO - OCR attempt - otsu_thresh + config3: '' (length: 0)
2025-09-03 22:26:52,287 - core.state_monitor - INFO - OCR attempt - otsu_thresh + config4: '' (length: 0)
2025-09-03 22:26:52,364 - core.state_monitor - INFO - OCR attempt - otsu_thresh + config5: 'Ps |' (length: 4)
2025-09-03 22:26:52,443 - core.state_monitor - INFO - OCR attempt - adaptive_thresh + config1: '' (length: 0)
2025-09-03 22:26:52,515 - core.state_monitor - INFO - OCR attempt - adaptive_thresh + config2: '' (length: 0)
2025-09-03 22:26:52,590 - core.state_monitor - INFO - OCR attempt - adaptive_thresh + config3: '' (length: 0)
2025-09-03 22:26:52,665 - core.state_monitor - INFO - OCR attempt - adaptive_thresh + config4: '' (length: 0)
2025-09-03 22:26:52,742 - core.state_monitor - INFO - OCR attempt - adaptive_thresh + config5: 'baal' (length: 4)
2025-09-03 22:26:52,820 - core.state_monitor - INFO - OCR attempt - inverted_thresh + config1: '' (length: 0)
2025-09-03 22:26:52,903 - core.state_monitor - INFO - OCR attempt - inverted_thresh + config2: '' (length: 0)
2025-09-03 22:26:52,981 - core.state_monitor - INFO - OCR attempt - inverted_thresh + config3: '' (length: 0)
2025-09-03 22:26:53,052 - core.state_monitor - INFO - OCR attempt - inverted_thresh + config4: '' (length: 0)
2025-09-03 22:26:53,131 - core.state_monitor - INFO - OCR attempt - inverted_thresh + config5: 'P|' (length: 2)
2025-09-03 22:26:53,131 - core.state_monitor - WARNING - Could not read health number from image
2025-09-03 22:26:53,728 - core.state_monitor - INFO - OCR attempt - grayscale + config1: '' (length: 0)
2025-09-03 22:26:53,804 - core.state_monitor - INFO - OCR attempt - grayscale + config2: '' (length: 0)
2025-09-03 22:26:53,838 - automation.health_monitor - WARNING - Executing emergency response sequence...
2025-09-03 22:26:53,880 - core.state_monitor - INFO - OCR attempt - grayscale + config3: '' (length: 0)
2025-09-03 22:26:53,954 - core.state_monitor - INFO - OCR attempt - grayscale + config4: '' (length: 0)
2025-09-03 22:26:54,032 - core.state_monitor - INFO - OCR attempt - grayscale + config5: '=' (length: 1)
2025-09-03 22:26:54,040 - automation.health_monitor - INFO - Emergency response sequence completed
2025-09-03 22:26:54,040 - automation.health_monitor - WARNING - Emergency response executed (total: 2)
2025-09-03 22:26:54,109 - core.state_monitor - INFO - OCR attempt - otsu_thresh + config1: '' (length: 0)
2025-09-03 22:26:54,187 - core.state_monitor - INFO - OCR attempt - otsu_thresh + config2: '' (length: 0)
2025-09-03 22:26:54,262 - core.state_monitor - INFO - OCR attempt - otsu_thresh + config3: '' (length: 0)
2025-09-03 22:26:54,334 - core.state_monitor - INFO - OCR attempt - otsu_thresh + config4: '' (length: 0)
2025-09-03 22:26:54,412 - core.state_monitor - INFO - OCR attempt - otsu_thresh + config5: 'Ps |' (length: 4)
2025-09-03 22:26:54,492 - core.state_monitor - INFO - OCR attempt - adaptive_thresh + config1: '' (length: 0)
2025-09-03 22:26:54,565 - core.state_monitor - INFO - OCR attempt - adaptive_thresh + config2: '' (length: 0)
2025-09-03 22:26:54,642 - core.state_monitor - INFO - OCR attempt - adaptive_thresh + config3: '' (length: 0)
2025-09-03 22:26:54,715 - core.state_monitor - INFO - OCR attempt - adaptive_thresh + config4: '' (length: 0)
2025-09-03 22:26:54,795 - core.state_monitor - INFO - OCR attempt - adaptive_thresh + config5: 'baal' (length: 4)
2025-09-03 22:26:54,875 - core.state_monitor - INFO - OCR attempt - inverted_thresh + config1: '' (length: 0)
2025-09-03 22:26:54,952 - core.state_monitor - INFO - OCR attempt - inverted_thresh + config2: '' (length: 0)
2025-09-03 22:26:55,028 - core.state_monitor - INFO - OCR attempt - inverted_thresh + config3: '' (length: 0)
2025-09-03 22:26:55,102 - core.state_monitor - INFO - OCR attempt - inverted_thresh + config4: '' (length: 0)
2025-09-03 22:26:55,180 - core.state_monitor - INFO - OCR attempt - inverted_thresh + config5: 'P|' (length: 2)
2025-09-03 22:26:55,181 - core.state_monitor - WARNING - Could not read health number from image
2025-09-03 22:26:55,780 - core.state_monitor - INFO - OCR attempt - grayscale + config1: '' (length: 0)
2025-09-03 22:26:55,856 - core.state_monitor - INFO - OCR attempt - grayscale + config2: '' (length: 0)
2025-09-03 22:26:55,932 - core.state_monitor - INFO - OCR attempt - grayscale + config3: '' (length: 0)
2025-09-03 22:26:56,009 - core.state_monitor - INFO - OCR attempt - grayscale + config4: '' (length: 0)
2025-09-03 22:26:56,088 - core.state_monitor - INFO - OCR attempt - grayscale + config5: '=' (length: 1)
2025-09-03 22:26:56,168 - core.state_monitor - INFO - OCR attempt - otsu_thresh + config1: '' (length: 0)
2025-09-03 22:26:56,247 - core.state_monitor - INFO - OCR attempt - otsu_thresh + config2: '' (length: 0)
2025-09-03 22:26:56,325 - core.state_monitor - INFO - OCR attempt - otsu_thresh + config3: '' (length: 0)
2025-09-03 22:26:56,400 - core.state_monitor - INFO - OCR attempt - otsu_thresh + config4: '' (length: 0)
2025-09-03 22:26:56,478 - core.state_monitor - INFO - OCR attempt - otsu_thresh + config5: 'Ps |' (length: 4)
2025-09-03 22:26:56,548 - automation.health_monitor - WARNING - Executing emergency response sequence...
2025-09-03 22:26:56,557 - core.state_monitor - INFO - OCR attempt - adaptive_thresh + config1: '' (length: 0)
2025-09-03 22:26:56,631 - core.state_monitor - INFO - OCR attempt - adaptive_thresh + config2: '' (length: 0)
2025-09-03 22:26:56,709 - core.state_monitor - INFO - OCR attempt - adaptive_thresh + config3: '' (length: 0)
2025-09-03 22:26:56,751 - automation.health_monitor - INFO - Emergency response sequence completed
2025-09-03 22:26:56,751 - automation.health_monitor - WARNING - Emergency response executed (total: 3)
2025-09-03 22:26:56,782 - core.state_monitor - INFO - OCR attempt - adaptive_thresh + config4: '' (length: 0)
2025-09-03 22:26:56,862 - core.state_monitor - INFO - OCR attempt - adaptive_thresh + config5: 'baal' (length: 4)
2025-09-03 22:26:56,943 - core.state_monitor - INFO - OCR attempt - inverted_thresh + config1: '' (length: 0)
2025-09-03 22:26:57,021 - core.state_monitor - INFO - OCR attempt - inverted_thresh + config2: '' (length: 0)
2025-09-03 22:26:57,098 - core.state_monitor - INFO - OCR attempt - inverted_thresh + config3: '' (length: 0)
2025-09-03 22:26:57,171 - core.state_monitor - INFO - OCR attempt - inverted_thresh + config4: '' (length: 0)
2025-09-03 22:26:57,251 - core.state_monitor - INFO - OCR attempt - inverted_thresh + config5: 'P|' (length: 2)
2025-09-03 22:26:57,251 - core.state_monitor - WARNING - Could not read health number from image
2025-09-03 22:26:57,852 - core.state_monitor - INFO - OCR attempt - grayscale + config1: '' (length: 0)
2025-09-03 22:26:57,938 - core.state_monitor - INFO - OCR attempt - grayscale + config2: '' (length: 0)
2025-09-03 22:26:58,015 - core.state_monitor - INFO - OCR attempt - grayscale + config3: '' (length: 0)
2025-09-03 22:26:58,087 - core.state_monitor - INFO - OCR attempt - grayscale + config4: '' (length: 0)
2025-09-03 22:26:58,167 - core.state_monitor - INFO - OCR attempt - grayscale + config5: '=' (length: 1)
2025-09-03 22:26:58,245 - core.state_monitor - INFO - OCR attempt - otsu_thresh + config1: '' (length: 0)
2025-09-03 22:26:58,321 - core.state_monitor - INFO - OCR attempt - otsu_thresh + config2: '' (length: 0)
2025-09-03 22:26:58,398 - core.state_monitor - INFO - OCR attempt - otsu_thresh + config3: '' (length: 0)
2025-09-03 22:26:58,471 - core.state_monitor - INFO - OCR attempt - otsu_thresh + config4: '' (length: 0)
2025-09-03 22:26:58,549 - core.state_monitor - INFO - OCR attempt - otsu_thresh + config5: 'Ps |' (length: 4)
2025-09-03 22:26:58,625 - core.state_monitor - INFO - OCR attempt - adaptive_thresh + config1: '' (length: 0)
2025-09-03 22:26:58,699 - core.state_monitor - INFO - OCR attempt - adaptive_thresh + config2: '' (length: 0)
2025-09-03 22:26:58,777 - core.state_monitor - INFO - OCR attempt - adaptive_thresh + config3: '' (length: 0)
2025-09-03 22:26:58,851 - core.state_monitor - INFO - OCR attempt - adaptive_thresh + config4: '' (length: 0)
2025-09-03 22:26:58,930 - core.state_monitor - INFO - OCR attempt - adaptive_thresh + config5: 'baal' (length: 4)
2025-09-03 22:26:59,008 - core.state_monitor - INFO - OCR attempt - inverted_thresh + config1: '' (length: 0)
2025-09-03 22:26:59,084 - core.state_monitor - INFO - OCR attempt - inverted_thresh + config2: '' (length: 0)
2025-09-03 22:26:59,162 - core.state_monitor - INFO - OCR attempt - inverted_thresh + config3: '' (length: 0)
2025-09-03 22:26:59,236 - core.state_monitor - INFO - OCR attempt - inverted_thresh + config4: '' (length: 0)
2025-09-03 22:26:59,247 - automation.health_monitor - WARNING - Executing emergency response sequence...
2025-09-03 22:26:59,313 - core.state_monitor - INFO - OCR attempt - inverted_thresh + config5: 'P|' (length: 2)
2025-09-03 22:26:59,313 - core.state_monitor - WARNING - Could not read health number from image
2025-09-03 22:26:59,450 - automation.health_monitor - INFO - Emergency response sequence completed
2025-09-03 22:26:59,450 - automation.health_monitor - WARNING - Emergency response executed (total: 4)
2025-09-03 22:26:59,910 - core.state_monitor - INFO - OCR attempt - grayscale + config1: '' (length: 0)
2025-09-03 22:26:59,985 - core.state_monitor - INFO - OCR attempt - grayscale + config2: '' (length: 0)
2025-09-03 22:27:00,061 - core.state_monitor - INFO - OCR attempt - grayscale + config3: '' (length: 0)
2025-09-03 22:27:00,134 - core.state_monitor - INFO - OCR attempt - grayscale + config4: '' (length: 0)
2025-09-03 22:27:00,211 - core.state_monitor - INFO - OCR attempt - grayscale + config5: '=' (length: 1)
2025-09-03 22:27:00,290 - core.state_monitor - INFO - OCR attempt - otsu_thresh + config1: '' (length: 0)
2025-09-03 22:27:00,369 - core.state_monitor - INFO - OCR attempt - otsu_thresh + config2: '' (length: 0)
2025-09-03 22:27:00,445 - core.state_monitor - INFO - OCR attempt - otsu_thresh + config3: '' (length: 0)
2025-09-03 22:27:00,521 - core.state_monitor - INFO - OCR attempt - otsu_thresh + config4: '' (length: 0)
2025-09-03 22:27:00,598 - core.state_monitor - INFO - OCR attempt - otsu_thresh + config5: 'Ps |' (length: 4)
2025-09-03 22:27:00,676 - core.state_monitor - INFO - OCR attempt - adaptive_thresh + config1: '' (length: 0)
2025-09-03 22:27:00,748 - core.state_monitor - INFO - OCR attempt - adaptive_thresh + config2: '' (length: 0)
2025-09-03 22:27:00,826 - core.state_monitor - INFO - OCR attempt - adaptive_thresh + config3: '' (length: 0)
2025-09-03 22:27:00,900 - core.state_monitor - INFO - OCR attempt - adaptive_thresh + config4: '' (length: 0)
2025-09-03 22:27:00,979 - core.state_monitor - INFO - OCR attempt - adaptive_thresh + config5: 'baal' (length: 4)
2025-09-03 22:27:01,058 - core.state_monitor - INFO - OCR attempt - inverted_thresh + config1: '' (length: 0)
2025-09-03 22:27:01,133 - core.state_monitor - INFO - OCR attempt - inverted_thresh + config2: '' (length: 0)
2025-09-03 22:27:01,212 - core.state_monitor - INFO - OCR attempt - inverted_thresh + config3: '' (length: 0)
2025-09-03 22:27:01,286 - core.state_monitor - INFO - OCR attempt - inverted_thresh + config4: '' (length: 0)
2025-09-03 22:27:01,363 - core.state_monitor - INFO - OCR attempt - inverted_thresh + config5: 'P|' (length: 2)
2025-09-03 22:27:01,364 - core.state_monitor - WARNING - Could not read health number from image
2025-09-03 22:27:01,532 - automation.health_monitor - WARNING - Executing emergency response sequence...
2025-09-03 22:27:01,733 - automation.health_monitor - INFO - Emergency response sequence completed
2025-09-03 22:27:01,733 - automation.health_monitor - WARNING - Emergency response executed (total: 5)
2025-09-03 22:27:01,959 - core.state_monitor - INFO - OCR attempt - grayscale + config1: '' (length: 0)
2025-09-03 22:27:02,035 - core.state_monitor - INFO - OCR attempt - grayscale + config2: '' (length: 0)
2025-09-03 22:27:02,109 - core.state_monitor - INFO - OCR attempt - grayscale + config3: '' (length: 0)
2025-09-03 22:27:02,182 - core.state_monitor - INFO - OCR attempt - grayscale + config4: '' (length: 0)
2025-09-03 22:27:02,262 - core.state_monitor - INFO - OCR attempt - grayscale + config5: '=' (length: 1)
2025-09-03 22:27:02,338 - core.state_monitor - INFO - OCR attempt - otsu_thresh + config1: '' (length: 0)
2025-09-03 22:27:02,420 - core.state_monitor - INFO - OCR attempt - otsu_thresh + config2: '' (length: 0)
2025-09-03 22:27:02,496 - core.state_monitor - INFO - OCR attempt - otsu_thresh + config3: '' (length: 0)
2025-09-03 22:27:02,568 - core.state_monitor - INFO - OCR attempt - otsu_thresh + config4: '' (length: 0)
2025-09-03 22:27:02,646 - core.state_monitor - INFO - OCR attempt - otsu_thresh + config5: 'Ps |' (length: 4)
2025-09-03 22:27:02,725 - core.state_monitor - INFO - OCR attempt - adaptive_thresh + config1: '' (length: 0)
2025-09-03 22:27:02,798 - core.state_monitor - INFO - OCR attempt - adaptive_thresh + config2: '' (length: 0)
2025-09-03 22:27:02,877 - core.state_monitor - INFO - OCR attempt - adaptive_thresh + config3: '' (length: 0)
2025-09-03 22:27:02,951 - core.state_monitor - INFO - OCR attempt - adaptive_thresh + config4: '' (length: 0)
2025-09-03 22:27:03,029 - core.state_monitor - INFO - OCR attempt - adaptive_thresh + config5: 'baal' (length: 4)
2025-09-03 22:27:03,105 - core.state_monitor - INFO - OCR attempt - inverted_thresh + config1: '' (length: 0)
2025-09-03 22:27:03,182 - core.state_monitor - INFO - OCR attempt - inverted_thresh + config2: '' (length: 0)
2025-09-03 22:27:03,262 - core.state_monitor - INFO - OCR attempt - inverted_thresh + config3: '' (length: 0)
2025-09-03 22:27:03,337 - core.state_monitor - INFO - OCR attempt - inverted_thresh + config4: '' (length: 0)
2025-09-03 22:27:03,412 - core.state_monitor - INFO - OCR attempt - inverted_thresh + config5: 'P|' (length: 2)
2025-09-03 22:27:03,412 - core.state_monitor - WARNING - Could not read health number from image
2025-09-03 22:27:03,701 - gui.main_window - INFO - Stopping workflow: full_automation
2025-09-03 22:27:03,701 - automation.workflow_manager - INFO - Stopping workflow: Full Automation
2025-09-03 22:27:03,701 - automation.rune_creation - INFO - Stopping rune creation automation
2025-09-03 22:27:03,702 - automation.workflow_manager - INFO - Stopped automation: rune_creation
2025-09-03 22:27:03,702 - automation.food_eating - INFO - Stopping food eating automation
2025-09-03 22:27:03,703 - automation.workflow_manager - INFO - Stopped automation: food_eating
2025-09-03 22:27:03,704 - automation.health_monitor - INFO - Stopping health monitoring automation
2025-09-03 22:27:03,709 - gui.region_selector - INFO - Region overlay destroyed
2025-09-03 22:27:03,913 - core.state_monitor - INFO - State monitoring stopped
2025-09-03 22:27:03,913 - automation.health_monitor - INFO - Health monitoring automation stopped. Emergency responses: 5
2025-09-03 22:27:03,914 - automation.workflow_manager - INFO - Stopped automation: health_monitor
2025-09-03 22:27:03,915 - automation.workflow_manager - INFO - Workflow 'full_automation' stopped successfully
2025-09-03 22:29:11,360 - automation.workflow_manager - INFO - Stopping all workflows...
2025-09-03 22:29:11,361 - automation.workflow_manager - INFO - All workflows stopped
2025-09-03 22:29:11,367 - gui.region_selector - INFO - Region overlay destroyed
2025-09-03 22:29:11,367 - utils.config_manager - INFO - Configuration saved to config/default_config.json
2025-09-03 22:29:12,718 - gui.main_window - INFO - Configuration saved
2025-09-03 22:29:12,718 - gui.main_window - INFO - Application closing
2025-09-03 22:29:12,738 - cyclops - INFO - Application closed
2025-09-03 22:30:42,748 - cyclops - INFO - Starting Cyclops Desktop Automation Application
2025-09-03 22:30:42,910 - utils.config_manager - INFO - Configuration loaded from config/default_config.json
2025-09-03 22:30:42,910 - utils.config_manager - INFO - Configuration manager initialized with: config/default_config.json
2025-09-03 22:30:42,911 - core.screen_capture - INFO - Screen resolution: 1920x1080
2025-09-03 22:30:42,911 - core.ocr_engine - INFO - Tesseract path set to: C:\Program Files\Tesseract-OCR\tesseract.exe
2025-09-03 22:30:42,911 - core.ocr_engine - INFO - OCR Engine initialized with language: eng
2025-09-03 22:30:42,911 - core.computer_vision - INFO - Computer Vision engine initialized
2025-09-03 22:30:42,911 - core.input_simulator - INFO - Input Simulator initialized
2025-09-03 22:30:42,911 - core.state_monitor - INFO - State Monitor initialized
2025-09-03 22:30:42,911 - core.computer_vision - INFO - Computer Vision engine initialized
2025-09-03 22:30:42,911 - automation.rune_creation - INFO - Rune Creation Automation initialized
2025-09-03 22:30:42,911 - automation.food_eating - INFO - Food Eating Automation initialized
2025-09-03 22:30:42,911 - automation.health_monitor - INFO - Health Monitor Automation initialized
2025-09-03 22:30:42,912 - automation.workflow_manager - INFO - All automation modules initialized
2025-09-03 22:30:42,912 - automation.workflow_manager - INFO - Workflow Manager initialized
2025-09-03 22:30:42,931 - gui.region_selector - INFO - Region overlay created at (1520, 666) - Border only
2025-09-03 22:30:42,931 - gui.main_window - INFO - Persistent overlay created at (1520, 666) - 107x22
2025-09-03 22:30:42,931 - automation.workflow_manager - INFO - Registered callback for health_monitoring
2025-09-03 22:30:42,931 - gui.main_window - INFO - Main window initialized
2025-09-03 22:30:42,932 - cyclops - INFO - Application started successfully
2025-09-03 22:31:10,690 - cyclops - INFO - Starting Cyclops Desktop Automation Application
2025-09-03 22:31:10,859 - utils.config_manager - INFO - Configuration loaded from config/default_config.json
2025-09-03 22:31:10,860 - utils.config_manager - INFO - Configuration manager initialized with: config/default_config.json
2025-09-03 22:31:10,860 - core.screen_capture - INFO - Screen resolution: 1920x1080
2025-09-03 22:31:10,860 - core.ocr_engine - INFO - Tesseract path set to: C:\Program Files\Tesseract-OCR\tesseract.exe
2025-09-03 22:31:10,860 - core.ocr_engine - INFO - OCR Engine initialized with language: eng
2025-09-03 22:31:10,860 - core.computer_vision - INFO - Computer Vision engine initialized
2025-09-03 22:31:10,860 - core.input_simulator - INFO - Input Simulator initialized
2025-09-03 22:31:10,860 - core.state_monitor - INFO - State Monitor initialized
2025-09-03 22:31:10,860 - core.computer_vision - INFO - Computer Vision engine initialized
2025-09-03 22:31:10,861 - automation.rune_creation - INFO - Rune Creation Automation initialized
2025-09-03 22:31:10,861 - automation.food_eating - INFO - Food Eating Automation initialized
2025-09-03 22:31:10,861 - automation.health_monitor - INFO - Health Monitor Automation initialized
2025-09-03 22:31:10,861 - automation.workflow_manager - INFO - All automation modules initialized
2025-09-03 22:31:10,861 - automation.workflow_manager - INFO - Workflow Manager initialized
2025-09-03 22:31:10,886 - gui.region_selector - INFO - Region overlay created at (1520, 666) - Border only
2025-09-03 22:31:10,886 - gui.main_window - INFO - Persistent overlay created at (1520, 666) - 107x22
2025-09-03 22:31:10,886 - automation.workflow_manager - INFO - Registered callback for health_monitoring
2025-09-03 22:31:10,886 - gui.main_window - INFO - Main window initialized
2025-09-03 22:31:10,886 - cyclops - INFO - Application started successfully
2025-09-03 22:31:28,168 - gui.region_selector - INFO - Region selector initialized
2025-09-03 22:31:32,222 - gui.region_selector - INFO - Region selected: X:1303, Y:625, W:144, H:81
2025-09-03 22:31:33,944 - gui.region_selector - INFO - Region overlay destroyed
2025-09-03 22:31:33,946 - gui.region_selector - INFO - Region overlay created at (1303, 625) - Border only
2025-09-03 22:31:33,949 - gui.main_window - INFO - Persistent overlay created at (1303, 625) - 144x81
2025-09-03 22:31:34,010 - gui.main_window - INFO - Health region selected: {'x': 1303, 'y': 625, 'width': 144, 'height': 81}
2025-09-03 22:31:41,678 - gui.main_window - INFO - Starting workflow: full_automation
2025-09-03 22:31:41,678 - automation.workflow_manager - INFO - Starting workflow: Full Automation
2025-09-03 22:31:41,679 - automation.workflow_manager - INFO - Running automation: rune_creation
2025-09-03 22:31:41,679 - automation.workflow_manager - INFO - Started automation: rune_creation
2025-09-03 22:31:41,679 - automation.rune_creation - WARNING - Rune creation automation is disabled in configuration
2025-09-03 22:31:41,680 - automation.workflow_manager - INFO - Running automation: food_eating
2025-09-03 22:31:41,680 - automation.workflow_manager - INFO - Started automation: food_eating
2025-09-03 22:31:41,680 - automation.food_eating - WARNING - Food eating automation is disabled in configuration
2025-09-03 22:31:41,680 - automation.workflow_manager - INFO - Running automation: health_monitor
2025-09-03 22:31:41,680 - automation.workflow_manager - INFO - Started automation: health_monitor
2025-09-03 22:31:41,680 - automation.health_monitor - INFO - Starting health monitoring automation
2025-09-03 22:31:41,680 - automation.workflow_manager - INFO - Workflow 'full_automation' started successfully
2025-09-03 22:31:41,681 - automation.health_monitor - INFO - Setting up health monitoring:
2025-09-03 22:31:41,681 - automation.health_monitor - INFO -   Region: (1303, 625, 144, 81)
2025-09-03 22:31:41,682 - automation.health_monitor - INFO -   Low health threshold: 30.0%
2025-09-03 22:31:41,683 - automation.health_monitor - INFO -   Max health: 800
2025-09-03 22:31:41,683 - core.state_monitor - INFO - Registered condition: dual_health_mana_monitor
2025-09-03 22:31:41,684 - automation.health_monitor - INFO - Setup health monitoring with condition: dual_health_mana_monitor
2025-09-03 22:31:41,714 - core.state_monitor - INFO - State monitoring started
2025-09-03 22:31:41,720 - core.state_monitor - INFO - Successfully captured dual region: (1303, 625, 144, 81), image shape: (81, 144, 3)
2025-09-03 22:31:41,726 - core.state_monitor - INFO - Saved captured dual image as 'debug_dual_capture.png' for debugging
2025-09-03 22:31:41,758 - gui.region_selector - INFO - Region overlay created at (1303, 625) - Border only
2025-09-03 22:31:41,758 - automation.health_monitor - INFO - Region overlay created
2025-09-03 22:31:41,761 - automation.health_monitor - INFO - Starting health monitoring loop...
2025-09-03 22:31:41,763 - automation.health_monitor - WARNING - Health status check returned False (loop #1)
2025-09-03 22:31:41,905 - core.state_monitor - INFO - Dual analysis - Health: None/800 (0.0%), Mana: None/200 (0.0%)
2025-09-03 22:31:42,304 - automation.health_monitor - INFO - Health monitoring active - Health: None/800 (0.0%), Mana: None/200 (0.0%)
2025-09-03 22:31:42,304 - automation.health_monitor - WARNING - Executing emergency response sequence...
2025-09-03 22:31:42,524 - automation.health_monitor - INFO - Emergency response sequence completed
2025-09-03 22:31:42,524 - automation.health_monitor - WARNING - Emergency response executed (total: 1)
2025-09-03 22:31:44,545 - automation.health_monitor - WARNING - Executing emergency response sequence...
2025-09-03 22:31:44,746 - automation.health_monitor - INFO - Emergency response sequence completed
2025-09-03 22:31:44,746 - automation.health_monitor - WARNING - Emergency response executed (total: 2)
2025-09-03 22:31:47,332 - automation.health_monitor - WARNING - Executing emergency response sequence...
2025-09-03 22:31:47,534 - automation.health_monitor - INFO - Emergency response sequence completed
2025-09-03 22:31:47,534 - automation.health_monitor - WARNING - Emergency response executed (total: 3)
2025-09-03 22:31:50,047 - automation.health_monitor - WARNING - Executing emergency response sequence...
2025-09-03 22:31:50,249 - automation.health_monitor - INFO - Emergency response sequence completed
2025-09-03 22:31:50,249 - automation.health_monitor - WARNING - Emergency response executed (total: 4)
2025-09-03 22:31:52,775 - automation.health_monitor - WARNING - Executing emergency response sequence...
2025-09-03 22:31:52,978 - automation.health_monitor - INFO - Emergency response sequence completed
2025-09-03 22:31:52,978 - automation.health_monitor - WARNING - Emergency response executed (total: 5)
2025-09-03 22:31:55,605 - automation.health_monitor - WARNING - Executing emergency response sequence...
2025-09-03 22:31:55,807 - automation.health_monitor - INFO - Emergency response sequence completed
2025-09-03 22:31:55,807 - automation.health_monitor - WARNING - Emergency response executed (total: 6)
2025-09-03 22:31:58,310 - automation.health_monitor - WARNING - Executing emergency response sequence...
2025-09-03 22:31:58,512 - automation.health_monitor - INFO - Emergency response sequence completed
2025-09-03 22:31:58,512 - automation.health_monitor - WARNING - Emergency response executed (total: 7)
2025-09-03 22:32:00,584 - automation.health_monitor - WARNING - Executing emergency response sequence...
2025-09-03 22:32:00,787 - automation.health_monitor - INFO - Emergency response sequence completed
2025-09-03 22:32:00,787 - automation.health_monitor - WARNING - Emergency response executed (total: 8)
2025-09-03 22:32:03,281 - automation.health_monitor - WARNING - Executing emergency response sequence...
2025-09-03 22:32:03,501 - automation.health_monitor - INFO - Emergency response sequence completed
2025-09-03 22:32:03,501 - automation.health_monitor - WARNING - Emergency response executed (total: 9)
2025-09-03 22:32:05,572 - automation.health_monitor - WARNING - Executing emergency response sequence...
2025-09-03 22:32:05,774 - automation.health_monitor - INFO - Emergency response sequence completed
2025-09-03 22:32:05,774 - automation.health_monitor - WARNING - Emergency response executed (total: 10)
2025-09-03 22:32:08,174 - automation.health_monitor - WARNING - Executing emergency response sequence...
2025-09-03 22:32:08,376 - automation.health_monitor - INFO - Emergency response sequence completed
2025-09-03 22:32:08,376 - automation.health_monitor - WARNING - Emergency response executed (total: 11)
2025-09-03 22:32:09,325 - automation.health_monitor - WARNING - Health status check returned False (loop #51)
2025-09-03 22:32:10,787 - automation.health_monitor - WARNING - Executing emergency response sequence...
2025-09-03 22:32:10,989 - automation.health_monitor - INFO - Emergency response sequence completed
2025-09-03 22:32:10,989 - automation.health_monitor - WARNING - Emergency response executed (total: 12)
2025-09-03 22:32:13,903 - automation.health_monitor - WARNING - Executing emergency response sequence...
2025-09-03 22:32:23,287 - automation.health_monitor - INFO - Emergency response sequence completed
2025-09-03 22:32:23,287 - automation.health_monitor - WARNING - Emergency response executed (total: 13)
2025-09-03 22:33:11,802 - cyclops - INFO - Starting Cyclops Desktop Automation Application
2025-09-03 22:33:11,974 - utils.config_manager - INFO - Configuration loaded from config/default_config.json
2025-09-03 22:33:11,974 - utils.config_manager - INFO - Configuration manager initialized with: config/default_config.json
2025-09-03 22:33:11,974 - core.screen_capture - INFO - Screen resolution: 1920x1080
2025-09-03 22:33:11,974 - core.ocr_engine - INFO - Tesseract path set to: C:\Program Files\Tesseract-OCR\tesseract.exe
2025-09-03 22:33:11,974 - core.ocr_engine - INFO - OCR Engine initialized with language: eng
2025-09-03 22:33:11,974 - core.computer_vision - INFO - Computer Vision engine initialized
2025-09-03 22:33:11,974 - core.input_simulator - INFO - Input Simulator initialized
2025-09-03 22:33:11,974 - core.state_monitor - INFO - State Monitor initialized
2025-09-03 22:33:11,974 - core.computer_vision - INFO - Computer Vision engine initialized
2025-09-03 22:33:11,975 - automation.rune_creation - INFO - Rune Creation Automation initialized
2025-09-03 22:33:11,975 - automation.food_eating - INFO - Food Eating Automation initialized
2025-09-03 22:33:11,975 - automation.health_monitor - INFO - Health Monitor Automation initialized
2025-09-03 22:33:11,975 - automation.workflow_manager - INFO - All automation modules initialized
2025-09-03 22:33:11,975 - automation.workflow_manager - INFO - Workflow Manager initialized
2025-09-03 22:33:11,994 - gui.region_selector - INFO - Region overlay created at (1520, 666) - Border only
2025-09-03 22:33:11,994 - gui.main_window - INFO - Persistent overlay created at (1520, 666) - 107x22
2025-09-03 22:33:11,995 - automation.workflow_manager - INFO - Registered callback for health_monitoring
2025-09-03 22:33:11,995 - gui.main_window - INFO - Main window initialized
2025-09-03 22:33:11,995 - cyclops - INFO - Application started successfully
2025-09-03 22:33:43,540 - cyclops - INFO - Starting Cyclops Desktop Automation Application
2025-09-03 22:33:43,701 - utils.config_manager - INFO - Configuration loaded from config/default_config.json
2025-09-03 22:33:43,701 - utils.config_manager - INFO - Configuration manager initialized with: config/default_config.json
2025-09-03 22:33:43,701 - core.screen_capture - INFO - Screen resolution: 1920x1080
2025-09-03 22:33:43,701 - core.ocr_engine - INFO - Tesseract path set to: C:\Program Files\Tesseract-OCR\tesseract.exe
2025-09-03 22:33:43,701 - core.ocr_engine - INFO - OCR Engine initialized with language: eng
2025-09-03 22:33:43,702 - core.computer_vision - INFO - Computer Vision engine initialized
2025-09-03 22:33:43,702 - core.input_simulator - INFO - Input Simulator initialized
2025-09-03 22:33:43,702 - core.state_monitor - INFO - State Monitor initialized
2025-09-03 22:33:43,702 - core.computer_vision - INFO - Computer Vision engine initialized
2025-09-03 22:33:43,702 - automation.rune_creation - INFO - Rune Creation Automation initialized
2025-09-03 22:33:43,702 - automation.food_eating - INFO - Food Eating Automation initialized
2025-09-03 22:33:43,702 - automation.health_monitor - INFO - Health Monitor Automation initialized
2025-09-03 22:33:43,702 - automation.workflow_manager - INFO - All automation modules initialized
2025-09-03 22:33:43,702 - automation.workflow_manager - INFO - Workflow Manager initialized
2025-09-03 22:33:43,733 - gui.region_selector - INFO - Region overlay created at (1520, 666) - Border only
2025-09-03 22:33:43,733 - gui.main_window - INFO - Persistent overlay created at (1520, 666) - 107x22
2025-09-03 22:33:43,733 - automation.workflow_manager - INFO - Registered callback for health_monitoring
2025-09-03 22:33:43,733 - gui.main_window - INFO - Main window initialized
2025-09-03 22:33:43,733 - cyclops - INFO - Application started successfully
2025-09-03 22:33:51,272 - gui.region_selector - INFO - Region selector initialized
2025-09-03 22:33:53,340 - gui.region_selector - INFO - Region selected: X:1299, Y:617, W:148, H:93
2025-09-03 22:33:54,756 - gui.region_selector - INFO - Region overlay destroyed
2025-09-03 22:33:54,759 - gui.region_selector - INFO - Region overlay created at (1299, 617) - Border only
2025-09-03 22:33:54,762 - gui.main_window - INFO - Persistent overlay created at (1299, 617) - 148x93
2025-09-03 22:33:54,806 - gui.main_window - INFO - Health region selected: {'x': 1299, 'y': 617, 'width': 148, 'height': 93}
2025-09-03 22:34:01,975 - gui.main_window - INFO - Starting workflow: full_automation
2025-09-03 22:34:01,975 - automation.workflow_manager - INFO - Starting workflow: Full Automation
2025-09-03 22:34:01,977 - automation.workflow_manager - INFO - Running automation: rune_creation
2025-09-03 22:34:01,977 - automation.workflow_manager - INFO - Started automation: rune_creation
2025-09-03 22:34:01,977 - automation.rune_creation - WARNING - Rune creation automation is disabled in configuration
2025-09-03 22:34:01,977 - automation.workflow_manager - INFO - Running automation: food_eating
2025-09-03 22:34:01,977 - automation.workflow_manager - INFO - Started automation: food_eating
2025-09-03 22:34:01,977 - automation.food_eating - WARNING - Food eating automation is disabled in configuration
2025-09-03 22:34:01,977 - automation.workflow_manager - INFO - Running automation: health_monitor
2025-09-03 22:34:01,978 - automation.workflow_manager - INFO - Started automation: health_monitor
2025-09-03 22:34:01,978 - automation.health_monitor - INFO - Starting health monitoring automation
2025-09-03 22:34:01,978 - automation.workflow_manager - INFO - Workflow 'full_automation' started successfully
2025-09-03 22:34:01,978 - automation.health_monitor - INFO - Setting up health monitoring:
2025-09-03 22:34:01,979 - automation.health_monitor - INFO -   Region: (1299, 617, 148, 93)
2025-09-03 22:34:01,981 - automation.health_monitor - INFO -   Low health threshold: 30.0%
2025-09-03 22:34:01,981 - automation.health_monitor - INFO -   Max health: 800
2025-09-03 22:34:01,981 - core.state_monitor - INFO - Registered condition: dual_health_mana_monitor
2025-09-03 22:34:01,982 - automation.health_monitor - INFO - Setup health monitoring with condition: dual_health_mana_monitor
2025-09-03 22:34:02,009 - core.state_monitor - INFO - State monitoring started
2025-09-03 22:34:02,015 - core.state_monitor - INFO - Successfully captured dual region: (1299, 617, 148, 93), image shape: (93, 148, 3)
2025-09-03 22:34:02,020 - core.state_monitor - INFO - Saved captured dual image as 'debug_dual_capture.png' for debugging
2025-09-03 22:34:02,021 - core.state_monitor - INFO - Found 10 red contours, 2 blue contours
2025-09-03 22:34:02,070 - gui.region_selector - INFO - Region overlay created at (1299, 617) - Border only
2025-09-03 22:34:02,070 - automation.health_monitor - INFO - Region overlay created
2025-09-03 22:34:02,073 - automation.health_monitor - INFO - Starting health monitoring loop...
2025-09-03 22:34:02,075 - automation.health_monitor - WARNING - Health status check returned False (loop #1)
2025-09-03 22:34:02,116 - core.state_monitor - INFO - OCR data from grayscale: []
2025-09-03 22:34:02,194 - core.state_monitor - INFO - Dual analysis - Health: None/800 (0.0%), Mana: None/200 (0.0%)
2025-09-03 22:34:02,611 - automation.health_monitor - INFO - Health monitoring active - Health: None/800 (0.0%), Mana: None/200 (0.0%)
2025-09-03 22:34:02,613 - automation.health_monitor - WARNING - Executing emergency response sequence...
2025-09-03 22:34:02,815 - automation.health_monitor - INFO - Emergency response sequence completed
2025-09-03 22:34:02,815 - automation.health_monitor - WARNING - Emergency response executed (total: 1)
2025-09-03 22:34:05,322 - automation.health_monitor - WARNING - Executing emergency response sequence...
2025-09-03 22:34:05,524 - automation.health_monitor - INFO - Emergency response sequence completed
2025-09-03 22:34:05,524 - automation.health_monitor - WARNING - Emergency response executed (total: 2)
2025-09-03 22:34:08,429 - automation.health_monitor - WARNING - Executing emergency response sequence...
2025-09-03 22:34:08,631 - automation.health_monitor - INFO - Emergency response sequence completed
2025-09-03 22:34:08,631 - automation.health_monitor - WARNING - Emergency response executed (total: 3)
2025-09-03 22:34:10,683 - automation.health_monitor - WARNING - Executing emergency response sequence...
2025-09-03 22:34:10,885 - automation.health_monitor - INFO - Emergency response sequence completed
2025-09-03 22:34:10,885 - automation.health_monitor - WARNING - Emergency response executed (total: 4)
2025-09-03 22:34:12,913 - automation.health_monitor - WARNING - Executing emergency response sequence...
2025-09-03 22:34:13,115 - automation.health_monitor - INFO - Emergency response sequence completed
2025-09-03 22:34:13,115 - automation.health_monitor - WARNING - Emergency response executed (total: 5)
2025-09-03 22:34:15,236 - automation.health_monitor - WARNING - Executing emergency response sequence...
2025-09-03 22:34:15,455 - automation.health_monitor - INFO - Emergency response sequence completed
2025-09-03 22:34:15,455 - automation.health_monitor - WARNING - Emergency response executed (total: 6)
2025-09-03 22:34:17,958 - automation.health_monitor - WARNING - Executing emergency response sequence...
2025-09-03 22:34:18,160 - automation.health_monitor - INFO - Emergency response sequence completed
2025-09-03 22:34:18,160 - automation.health_monitor - WARNING - Emergency response executed (total: 7)
2025-09-03 22:34:20,606 - automation.health_monitor - WARNING - Executing emergency response sequence...
2025-09-03 22:34:20,820 - automation.health_monitor - INFO - Emergency response sequence completed
2025-09-03 22:34:20,820 - automation.health_monitor - WARNING - Emergency response executed (total: 8)
2025-09-03 22:34:22,846 - automation.health_monitor - WARNING - Executing emergency response sequence...
2025-09-03 22:34:23,048 - automation.health_monitor - INFO - Emergency response sequence completed
2025-09-03 22:34:23,048 - automation.health_monitor - WARNING - Emergency response executed (total: 9)
2025-09-03 22:34:25,947 - automation.health_monitor - WARNING - Executing emergency response sequence...
2025-09-03 22:34:26,149 - automation.health_monitor - INFO - Emergency response sequence completed
2025-09-03 22:34:26,149 - automation.health_monitor - WARNING - Emergency response executed (total: 10)
2025-09-03 22:34:29,110 - automation.health_monitor - WARNING - Executing emergency response sequence...
2025-09-03 22:34:29,311 - automation.health_monitor - INFO - Emergency response sequence completed
2025-09-03 22:34:29,311 - automation.health_monitor - WARNING - Emergency response executed (total: 11)
2025-09-03 22:34:31,918 - automation.health_monitor - WARNING - Executing emergency response sequence...
2025-09-03 22:34:32,120 - automation.health_monitor - INFO - Emergency response sequence completed
2025-09-03 22:34:32,120 - automation.health_monitor - WARNING - Emergency response executed (total: 12)
2025-09-03 22:34:34,616 - automation.health_monitor - WARNING - Executing emergency response sequence...
2025-09-03 22:34:34,819 - automation.health_monitor - INFO - Emergency response sequence completed
2025-09-03 22:34:34,819 - automation.health_monitor - WARNING - Emergency response executed (total: 13)
2025-09-03 22:34:36,907 - automation.health_monitor - WARNING - Executing emergency response sequence...
2025-09-03 22:34:37,109 - automation.health_monitor - INFO - Emergency response sequence completed
2025-09-03 22:34:37,109 - automation.health_monitor - WARNING - Emergency response executed (total: 14)
2025-09-03 22:34:39,155 - automation.health_monitor - WARNING - Executing emergency response sequence...
2025-09-03 22:34:39,357 - automation.health_monitor - INFO - Emergency response sequence completed
2025-09-03 22:34:39,357 - automation.health_monitor - WARNING - Emergency response executed (total: 15)
2025-09-03 22:34:41,919 - automation.health_monitor - WARNING - Executing emergency response sequence...
2025-09-03 22:34:42,121 - automation.health_monitor - INFO - Emergency response sequence completed
2025-09-03 22:34:42,121 - automation.health_monitor - WARNING - Emergency response executed (total: 16)
2025-09-03 22:34:43,246 - gui.main_window - INFO - Stopping workflow: full_automation
2025-09-03 22:34:43,246 - automation.workflow_manager - INFO - Stopping workflow: Full Automation
2025-09-03 22:34:43,247 - automation.rune_creation - INFO - Stopping rune creation automation
2025-09-03 22:34:43,247 - automation.workflow_manager - INFO - Stopped automation: rune_creation
2025-09-03 22:34:43,247 - automation.food_eating - INFO - Stopping food eating automation
2025-09-03 22:34:43,248 - automation.workflow_manager - INFO - Stopped automation: food_eating
2025-09-03 22:34:43,248 - automation.health_monitor - INFO - Stopping health monitoring automation
2025-09-03 22:34:43,252 - gui.region_selector - INFO - Region overlay destroyed
2025-09-03 22:34:44,243 - core.state_monitor - INFO - State monitoring stopped
2025-09-03 22:34:44,243 - automation.health_monitor - INFO - Health monitoring automation stopped. Emergency responses: 16
2025-09-03 22:34:44,244 - automation.workflow_manager - INFO - Stopped automation: health_monitor
2025-09-03 22:34:44,244 - automation.workflow_manager - INFO - Workflow 'full_automation' stopped successfully
2025-09-03 22:35:19,597 - cyclops - INFO - Starting Cyclops Desktop Automation Application
2025-09-03 22:35:19,761 - utils.config_manager - INFO - Configuration loaded from config/default_config.json
2025-09-03 22:35:19,761 - utils.config_manager - INFO - Configuration manager initialized with: config/default_config.json
2025-09-03 22:35:19,761 - core.screen_capture - INFO - Screen resolution: 1920x1080
2025-09-03 22:35:19,761 - core.ocr_engine - INFO - Tesseract path set to: C:\Program Files\Tesseract-OCR\tesseract.exe
2025-09-03 22:35:19,761 - core.ocr_engine - INFO - OCR Engine initialized with language: eng
2025-09-03 22:35:19,761 - core.computer_vision - INFO - Computer Vision engine initialized
2025-09-03 22:35:19,762 - core.input_simulator - INFO - Input Simulator initialized
2025-09-03 22:35:19,762 - core.state_monitor - INFO - State Monitor initialized
2025-09-03 22:35:19,762 - core.computer_vision - INFO - Computer Vision engine initialized
2025-09-03 22:35:19,762 - automation.rune_creation - INFO - Rune Creation Automation initialized
2025-09-03 22:35:19,762 - automation.food_eating - INFO - Food Eating Automation initialized
2025-09-03 22:35:19,762 - automation.health_monitor - INFO - Health Monitor Automation initialized
2025-09-03 22:35:19,762 - automation.workflow_manager - INFO - All automation modules initialized
2025-09-03 22:35:19,762 - automation.workflow_manager - INFO - Workflow Manager initialized
2025-09-03 22:35:19,782 - gui.region_selector - INFO - Region overlay created at (1520, 666) - Border only
2025-09-03 22:35:19,782 - gui.main_window - INFO - Persistent overlay created at (1520, 666) - 107x22
2025-09-03 22:35:19,782 - automation.workflow_manager - INFO - Registered callback for health_monitoring
2025-09-03 22:35:19,782 - gui.main_window - INFO - Main window initialized
2025-09-03 22:35:19,782 - cyclops - INFO - Application started successfully
2025-09-03 22:35:55,662 - automation.workflow_manager - INFO - Stopping all workflows...
2025-09-03 22:35:55,662 - automation.workflow_manager - INFO - All workflows stopped
2025-09-03 22:35:55,669 - gui.region_selector - INFO - Region overlay destroyed
2025-09-03 22:35:55,669 - utils.config_manager - INFO - Configuration saved to config/default_config.json
2025-09-03 22:35:56,334 - gui.main_window - INFO - Configuration saved
2025-09-03 22:35:56,335 - gui.main_window - INFO - Application closing
2025-09-03 22:35:56,372 - cyclops - INFO - Application closed
2025-09-03 22:36:03,275 - cyclops - INFO - Starting Cyclops Desktop Automation Application
2025-09-03 22:36:03,439 - utils.config_manager - INFO - Configuration loaded from config/default_config.json
2025-09-03 22:36:03,440 - utils.config_manager - INFO - Configuration manager initialized with: config/default_config.json
2025-09-03 22:36:03,440 - core.screen_capture - INFO - Screen resolution: 1920x1080
2025-09-03 22:36:03,440 - core.ocr_engine - INFO - Tesseract path set to: C:\Program Files\Tesseract-OCR\tesseract.exe
2025-09-03 22:36:03,441 - core.ocr_engine - INFO - OCR Engine initialized with language: eng
2025-09-03 22:36:03,441 - core.computer_vision - INFO - Computer Vision engine initialized
2025-09-03 22:36:03,441 - core.input_simulator - INFO - Input Simulator initialized
2025-09-03 22:36:03,441 - core.state_monitor - INFO - State Monitor initialized
2025-09-03 22:36:03,441 - core.computer_vision - INFO - Computer Vision engine initialized
2025-09-03 22:36:03,441 - automation.rune_creation - INFO - Rune Creation Automation initialized
2025-09-03 22:36:03,441 - automation.food_eating - INFO - Food Eating Automation initialized
2025-09-03 22:36:03,441 - automation.health_monitor - INFO - Health Monitor Automation initialized
2025-09-03 22:36:03,441 - automation.workflow_manager - INFO - All automation modules initialized
2025-09-03 22:36:03,442 - automation.workflow_manager - INFO - Workflow Manager initialized
2025-09-03 22:36:03,465 - gui.region_selector - INFO - Region overlay created at (1299, 617) - Border only
2025-09-03 22:36:03,465 - gui.main_window - INFO - Persistent overlay created at (1299, 617) - 148x93
2025-09-03 22:36:03,465 - automation.workflow_manager - INFO - Registered callback for health_monitoring
2025-09-03 22:36:03,466 - gui.main_window - INFO - Main window initialized
2025-09-03 22:36:03,466 - cyclops - INFO - Application started successfully
2025-09-03 22:36:06,751 - gui.region_selector - INFO - Region overlay destroyed
2025-09-03 22:36:06,752 - gui.region_selector - INFO - Region overlay created at (50, 50) - Border only
2025-09-03 22:36:06,752 - gui.main_window - INFO - Persistent overlay created at (50, 50) - 200x20
2025-09-03 22:36:06,752 - gui.main_window - INFO - Health region cleared and reset to default
2025-09-03 22:36:13,018 - gui.region_selector - INFO - Region selector initialized
2025-09-03 22:36:15,167 - gui.region_selector - INFO - Region selected: X:1322, Y:627, W:129, H:69
2025-09-03 22:36:16,613 - gui.region_selector - INFO - Region overlay destroyed
2025-09-03 22:36:16,616 - gui.region_selector - INFO - Region overlay created at (1322, 627) - Border only
2025-09-03 22:36:16,618 - gui.main_window - INFO - Persistent overlay created at (1322, 627) - 129x69
2025-09-03 22:36:16,685 - gui.main_window - INFO - Health region selected: {'x': 1322, 'y': 627, 'width': 129, 'height': 69}
2025-09-03 22:36:44,403 - gui.main_window - INFO - Starting workflow: full_automation
2025-09-03 22:36:44,403 - automation.workflow_manager - INFO - Starting workflow: Full Automation
2025-09-03 22:36:44,403 - automation.workflow_manager - INFO - Running automation: rune_creation
2025-09-03 22:36:44,403 - automation.workflow_manager - INFO - Started automation: rune_creation
2025-09-03 22:36:44,404 - automation.rune_creation - WARNING - Rune creation automation is disabled in configuration
2025-09-03 22:36:44,404 - automation.workflow_manager - INFO - Running automation: food_eating
2025-09-03 22:36:44,404 - automation.workflow_manager - INFO - Started automation: food_eating
2025-09-03 22:36:44,404 - automation.food_eating - WARNING - Food eating automation is disabled in configuration
2025-09-03 22:36:44,404 - automation.workflow_manager - INFO - Running automation: health_monitor
2025-09-03 22:36:44,404 - automation.workflow_manager - INFO - Started automation: health_monitor
2025-09-03 22:36:44,404 - automation.health_monitor - INFO - Starting health monitoring automation
2025-09-03 22:36:44,404 - automation.workflow_manager - INFO - Workflow 'full_automation' started successfully
2025-09-03 22:36:44,404 - automation.health_monitor - INFO - Setting up health monitoring:
2025-09-03 22:36:44,404 - automation.health_monitor - INFO -   Region: (1322, 627, 129, 69)
2025-09-03 22:36:44,407 - automation.health_monitor - INFO -   Low health threshold: 30.0%
2025-09-03 22:36:44,407 - automation.health_monitor - INFO -   Max health: 800
2025-09-03 22:36:44,408 - core.state_monitor - INFO - Registered condition: dual_health_mana_monitor
2025-09-03 22:36:44,408 - automation.health_monitor - INFO - Setup health monitoring with condition: dual_health_mana_monitor
2025-09-03 22:36:44,438 - core.state_monitor - INFO - State monitoring started
2025-09-03 22:36:44,442 - core.state_monitor - INFO - Successfully captured dual region: (1322, 627, 129, 69), image shape: (69, 129, 3)
2025-09-03 22:36:44,448 - core.state_monitor - INFO - Saved captured dual image as 'debug_dual_capture.png' for debugging
2025-09-03 22:36:44,494 - gui.region_selector - INFO - Region overlay created at (1322, 627) - Border only
2025-09-03 22:36:44,494 - automation.health_monitor - INFO - Region overlay created
2025-09-03 22:36:44,497 - automation.health_monitor - INFO - Starting health monitoring loop...
2025-09-03 22:36:44,500 - automation.health_monitor - WARNING - Health status check returned False (loop #1)
2025-09-03 22:36:44,535 - core.state_monitor - INFO - Simple OCR test result: ''
2025-09-03 22:36:44,536 - core.state_monitor - INFO - Found 0 red contours, 0 blue contours
2025-09-03 22:36:44,624 - core.state_monitor - INFO - OCR data from grayscale: []
2025-09-03 22:36:44,701 - core.state_monitor - WARNING - Color detection failed, using fallback: assuming top number is health, bottom is mana
2025-09-03 22:36:44,701 - core.state_monitor - INFO - Dual analysis - Health: None/800 (0.0%), Mana: None/200 (0.0%)
2025-09-03 22:36:45,003 - automation.health_monitor - INFO - Health monitoring active - Health: None/800 (0.0%), Mana: None/200 (0.0%)
2025-09-03 22:36:45,003 - automation.health_monitor - WARNING - Executing emergency response sequence...
2025-09-03 22:36:45,217 - automation.health_monitor - INFO - Emergency response sequence completed
2025-09-03 22:36:45,217 - automation.health_monitor - WARNING - Emergency response executed (total: 1)
2025-09-03 22:36:45,296 - core.state_monitor - INFO - Simple OCR test result: ''
2025-09-03 22:36:46,048 - core.state_monitor - INFO - Simple OCR test result: ''
2025-09-03 22:36:46,794 - core.state_monitor - INFO - Simple OCR test result: ''
2025-09-03 22:36:47,541 - core.state_monitor - INFO - Simple OCR test result: ''
2025-09-03 22:36:47,751 - automation.health_monitor - WARNING - Executing emergency response sequence...
2025-09-03 22:36:47,953 - automation.health_monitor - INFO - Emergency response sequence completed
2025-09-03 22:36:47,953 - automation.health_monitor - WARNING - Emergency response executed (total: 2)
2025-09-03 22:36:48,283 - core.state_monitor - INFO - Simple OCR test result: ''
2025-09-03 22:36:49,027 - core.state_monitor - INFO - Simple OCR test result: ''
2025-09-03 22:36:49,775 - core.state_monitor - INFO - Simple OCR test result: ''
2025-09-03 22:36:50,526 - core.state_monitor - INFO - Simple OCR test result: ''
2025-09-03 22:36:50,917 - automation.health_monitor - WARNING - Executing emergency response sequence...
2025-09-03 22:36:51,119 - automation.health_monitor - INFO - Emergency response sequence completed
2025-09-03 22:36:51,119 - automation.health_monitor - WARNING - Emergency response executed (total: 3)
2025-09-03 22:36:51,277 - core.state_monitor - INFO - Simple OCR test result: ''
2025-09-03 22:36:52,035 - core.state_monitor - INFO - Simple OCR test result: ''
2025-09-03 22:36:52,788 - core.state_monitor - INFO - Simple OCR test result: ''
2025-09-03 22:36:53,213 - automation.health_monitor - WARNING - Executing emergency response sequence...
2025-09-03 22:36:53,415 - automation.health_monitor - INFO - Emergency response sequence completed
2025-09-03 22:36:53,415 - automation.health_monitor - WARNING - Emergency response executed (total: 4)
2025-09-03 22:36:53,540 - core.state_monitor - INFO - Simple OCR test result: ''
2025-09-03 22:36:54,293 - core.state_monitor - INFO - Simple OCR test result: ''
2025-09-03 22:36:55,057 - core.state_monitor - INFO - Simple OCR test result: ''
2025-09-03 22:36:55,417 - automation.health_monitor - WARNING - Executing emergency response sequence...
2025-09-03 22:36:55,619 - automation.health_monitor - INFO - Emergency response sequence completed
2025-09-03 22:36:55,619 - automation.health_monitor - WARNING - Emergency response executed (total: 5)
2025-09-03 22:36:55,807 - core.state_monitor - INFO - Simple OCR test result: ''
2025-09-03 22:36:56,560 - core.state_monitor - INFO - Simple OCR test result: ''
2025-09-03 22:36:57,314 - core.state_monitor - INFO - Simple OCR test result: ''
2025-09-03 22:36:57,661 - automation.health_monitor - WARNING - Executing emergency response sequence...
2025-09-03 22:36:57,863 - automation.health_monitor - INFO - Emergency response sequence completed
2025-09-03 22:36:57,863 - automation.health_monitor - WARNING - Emergency response executed (total: 6)
2025-09-03 22:36:58,066 - core.state_monitor - INFO - Simple OCR test result: ''
2025-09-03 22:36:58,815 - core.state_monitor - INFO - Simple OCR test result: ''
2025-09-03 22:36:59,566 - core.state_monitor - INFO - Simple OCR test result: ''
2025-09-03 22:37:00,312 - core.state_monitor - INFO - Simple OCR test result: ''
2025-09-03 22:37:00,324 - automation.health_monitor - WARNING - Executing emergency response sequence...
2025-09-03 22:37:00,526 - automation.health_monitor - INFO - Emergency response sequence completed
2025-09-03 22:37:00,526 - automation.health_monitor - WARNING - Emergency response executed (total: 7)
2025-09-03 22:37:01,065 - core.state_monitor - INFO - Simple OCR test result: ''
2025-09-03 22:37:01,811 - core.state_monitor - INFO - Simple OCR test result: ''
2025-09-03 22:37:02,567 - core.state_monitor - INFO - Simple OCR test result: ''
2025-09-03 22:37:02,597 - automation.health_monitor - WARNING - Executing emergency response sequence...
2025-09-03 22:37:02,799 - automation.health_monitor - INFO - Emergency response sequence completed
2025-09-03 22:37:02,799 - automation.health_monitor - WARNING - Emergency response executed (total: 8)
2025-09-03 22:37:03,317 - core.state_monitor - INFO - Simple OCR test result: ''
2025-09-03 22:37:04,068 - core.state_monitor - INFO - Simple OCR test result: ''
2025-09-03 22:37:04,816 - core.state_monitor - INFO - Simple OCR test result: ''
2025-09-03 22:37:05,290 - automation.health_monitor - WARNING - Executing emergency response sequence...
2025-09-03 22:37:05,492 - automation.health_monitor - INFO - Emergency response sequence completed
2025-09-03 22:37:05,492 - automation.health_monitor - WARNING - Emergency response executed (total: 9)
2025-09-03 22:37:05,566 - core.state_monitor - INFO - Simple OCR test result: ''
2025-09-03 22:37:06,322 - core.state_monitor - INFO - Simple OCR test result: ''
2025-09-03 22:37:07,072 - core.state_monitor - INFO - Simple OCR test result: ''
2025-09-03 22:37:07,799 - gui.main_window - INFO - Stopping workflow: full_automation
2025-09-03 22:37:07,799 - automation.workflow_manager - INFO - Stopping workflow: Full Automation
2025-09-03 22:37:07,800 - automation.rune_creation - INFO - Stopping rune creation automation
2025-09-03 22:37:07,800 - automation.workflow_manager - INFO - Stopped automation: rune_creation
2025-09-03 22:37:07,800 - automation.food_eating - INFO - Stopping food eating automation
2025-09-03 22:37:07,800 - automation.workflow_manager - INFO - Stopped automation: food_eating
2025-09-03 22:37:07,801 - automation.health_monitor - INFO - Stopping health monitoring automation
2025-09-03 22:37:07,805 - gui.region_selector - INFO - Region overlay destroyed
2025-09-03 22:37:07,820 - core.state_monitor - INFO - Simple OCR test result: ''
2025-09-03 22:37:08,469 - core.state_monitor - INFO - State monitoring stopped
2025-09-03 22:37:08,469 - automation.health_monitor - INFO - Health monitoring automation stopped. Emergency responses: 9
2025-09-03 22:37:08,470 - automation.workflow_manager - INFO - Stopped automation: health_monitor
2025-09-03 22:37:08,470 - automation.workflow_manager - INFO - Workflow 'full_automation' stopped successfully
2025-09-03 22:37:36,768 - cyclops - INFO - Starting Cyclops Desktop Automation Application
2025-09-03 22:37:36,928 - utils.config_manager - INFO - Configuration loaded from config/default_config.json
2025-09-03 22:37:36,928 - utils.config_manager - INFO - Configuration manager initialized with: config/default_config.json
2025-09-03 22:37:36,928 - core.screen_capture - INFO - Screen resolution: 1920x1080
2025-09-03 22:37:36,928 - core.ocr_engine - INFO - Tesseract path set to: C:\Program Files\Tesseract-OCR\tesseract.exe
2025-09-03 22:37:36,928 - core.ocr_engine - INFO - OCR Engine initialized with language: eng
2025-09-03 22:37:36,928 - core.computer_vision - INFO - Computer Vision engine initialized
2025-09-03 22:37:36,928 - core.input_simulator - INFO - Input Simulator initialized
2025-09-03 22:37:36,928 - core.state_monitor - INFO - State Monitor initialized
2025-09-03 22:37:36,929 - core.computer_vision - INFO - Computer Vision engine initialized
2025-09-03 22:37:36,929 - automation.rune_creation - INFO - Rune Creation Automation initialized
2025-09-03 22:37:36,929 - automation.food_eating - INFO - Food Eating Automation initialized
2025-09-03 22:37:36,929 - automation.health_monitor - INFO - Health Monitor Automation initialized
2025-09-03 22:37:36,929 - automation.workflow_manager - INFO - All automation modules initialized
2025-09-03 22:37:36,929 - automation.workflow_manager - INFO - Workflow Manager initialized
2025-09-03 22:37:36,950 - gui.region_selector - INFO - Region overlay created at (1299, 617) - Border only
2025-09-03 22:37:36,950 - gui.main_window - INFO - Persistent overlay created at (1299, 617) - 148x93
2025-09-03 22:37:36,950 - automation.workflow_manager - INFO - Registered callback for health_monitoring
2025-09-03 22:37:36,950 - gui.main_window - INFO - Main window initialized
2025-09-03 22:37:36,950 - cyclops - INFO - Application started successfully
2025-09-03 22:38:05,274 - cyclops - INFO - Starting Cyclops Desktop Automation Application
2025-09-03 22:38:05,439 - utils.config_manager - INFO - Configuration loaded from config/default_config.json
2025-09-03 22:38:05,440 - utils.config_manager - INFO - Configuration manager initialized with: config/default_config.json
2025-09-03 22:38:05,440 - core.screen_capture - INFO - Screen resolution: 1920x1080
2025-09-03 22:38:05,440 - core.ocr_engine - INFO - Tesseract path set to: C:\Program Files\Tesseract-OCR\tesseract.exe
2025-09-03 22:38:05,440 - core.ocr_engine - INFO - OCR Engine initialized with language: eng
2025-09-03 22:38:05,440 - core.computer_vision - INFO - Computer Vision engine initialized
2025-09-03 22:38:05,440 - core.input_simulator - INFO - Input Simulator initialized
2025-09-03 22:38:05,440 - core.state_monitor - INFO - State Monitor initialized
2025-09-03 22:38:05,440 - core.computer_vision - INFO - Computer Vision engine initialized
2025-09-03 22:38:05,440 - automation.rune_creation - INFO - Rune Creation Automation initialized
2025-09-03 22:38:05,440 - automation.food_eating - INFO - Food Eating Automation initialized
2025-09-03 22:38:05,440 - automation.health_monitor - INFO - Health Monitor Automation initialized
2025-09-03 22:38:05,440 - automation.workflow_manager - INFO - All automation modules initialized
2025-09-03 22:38:05,440 - automation.workflow_manager - INFO - Workflow Manager initialized
2025-09-03 22:38:05,462 - gui.region_selector - INFO - Region overlay created at (1299, 617) - Border only
2025-09-03 22:38:05,462 - gui.main_window - INFO - Persistent overlay created at (1299, 617) - 148x93
2025-09-03 22:38:05,462 - automation.workflow_manager - INFO - Registered callback for health_monitoring
2025-09-03 22:38:05,462 - gui.main_window - INFO - Main window initialized
2025-09-03 22:38:05,462 - cyclops - INFO - Application started successfully
2025-09-03 22:38:22,555 - gui.region_selector - INFO - Region overlay destroyed
2025-09-03 22:38:22,556 - gui.region_selector - INFO - Region overlay created at (50, 50) - Border only
2025-09-03 22:38:22,556 - gui.main_window - INFO - Persistent overlay created at (50, 50) - 200x20
2025-09-03 22:38:22,556 - gui.main_window - INFO - Health region cleared and reset to default
2025-09-03 22:38:24,321 - gui.region_selector - INFO - Region selector initialized
2025-09-03 22:38:26,036 - gui.region_selector - INFO - Region selected: X:1315, Y:636, W:128, H:60
2025-09-03 22:38:27,693 - gui.region_selector - INFO - Region overlay destroyed
2025-09-03 22:38:27,696 - gui.region_selector - INFO - Region overlay created at (1315, 636) - Border only
2025-09-03 22:38:27,698 - gui.main_window - INFO - Persistent overlay created at (1315, 636) - 128x60
2025-09-03 22:38:27,755 - gui.main_window - INFO - Health region selected: {'x': 1315, 'y': 636, 'width': 128, 'height': 60}
2025-09-03 22:38:33,310 - gui.main_window - INFO - Starting workflow: full_automation
2025-09-03 22:38:33,310 - automation.workflow_manager - INFO - Starting workflow: Full Automation
2025-09-03 22:38:33,312 - automation.workflow_manager - INFO - Running automation: rune_creation
2025-09-03 22:38:33,312 - automation.workflow_manager - INFO - Started automation: rune_creation
2025-09-03 22:38:33,312 - automation.rune_creation - WARNING - Rune creation automation is disabled in configuration
2025-09-03 22:38:33,312 - automation.workflow_manager - INFO - Running automation: food_eating
2025-09-03 22:38:33,312 - automation.workflow_manager - INFO - Started automation: food_eating
2025-09-03 22:38:33,312 - automation.food_eating - WARNING - Food eating automation is disabled in configuration
2025-09-03 22:38:33,313 - automation.workflow_manager - INFO - Running automation: health_monitor
2025-09-03 22:38:33,313 - automation.workflow_manager - INFO - Started automation: health_monitor
2025-09-03 22:38:33,313 - automation.health_monitor - INFO - Starting health monitoring automation
2025-09-03 22:38:33,313 - automation.workflow_manager - INFO - Workflow 'full_automation' started successfully
2025-09-03 22:38:33,313 - automation.health_monitor - INFO - Setting up health monitoring:
2025-09-03 22:38:33,315 - automation.health_monitor - INFO -   Region: (1315, 636, 128, 60)
2025-09-03 22:38:33,316 - automation.health_monitor - INFO -   Low health threshold: 30.0%
2025-09-03 22:38:33,317 - automation.health_monitor - INFO -   Max health: 800
2025-09-03 22:38:33,318 - core.state_monitor - INFO - Registered condition: dual_health_mana_monitor
2025-09-03 22:38:33,319 - automation.health_monitor - INFO - Setup health monitoring with condition: dual_health_mana_monitor
2025-09-03 22:38:33,350 - core.state_monitor - INFO - State monitoring started
2025-09-03 22:38:33,353 - gui.region_selector - INFO - Region overlay created at (1315, 636) - Border only
2025-09-03 22:38:33,354 - automation.health_monitor - INFO - Region overlay created
2025-09-03 22:38:33,354 - automation.health_monitor - INFO - Starting health monitoring loop...
2025-09-03 22:38:33,355 - automation.health_monitor - WARNING - Health status check returned False (loop #1)
2025-09-03 22:38:33,355 - core.state_monitor - INFO - Successfully captured dual region: (1315, 636, 128, 60), image shape: (60, 128, 3)
2025-09-03 22:38:33,361 - core.state_monitor - INFO - Saved captured dual image as 'debug_dual_capture.png' for debugging
2025-09-03 22:38:33,450 - core.state_monitor - INFO - Region (1315, 636, 128, 60) -> Image (60, 128, 3) -> OCR: ''
2025-09-03 22:38:33,614 - core.state_monitor - INFO - OCR with config '--oem 3 --psm 7': '——"'
2025-09-03 22:38:33,614 - core.state_monitor - INFO - Found 4 red contours, 2 blue contours
2025-09-03 22:38:33,702 - core.state_monitor - INFO - OCR data from grayscale: []
2025-09-03 22:38:33,781 - core.state_monitor - INFO - Dual analysis - Health: None/800 (0.0%), Mana: None/200 (0.0%)
2025-09-03 22:38:33,902 - automation.health_monitor - INFO - Health monitoring active - Health: None/800 (0.0%), Mana: None/200 (0.0%)
2025-09-03 22:38:33,902 - automation.health_monitor - WARNING - Executing emergency response sequence...
2025-09-03 22:38:34,104 - automation.health_monitor - INFO - Emergency response sequence completed
2025-09-03 22:38:34,104 - automation.health_monitor - WARNING - Emergency response executed (total: 1)
2025-09-03 22:38:34,379 - core.state_monitor - INFO - Region (1315, 636, 128, 60) -> Image (60, 128, 3) -> OCR: ''
2025-09-03 22:38:34,539 - core.state_monitor - INFO - OCR with config '--oem 3 --psm 7': '——"'
2025-09-03 22:38:35,291 - core.state_monitor - INFO - Region (1315, 636, 128, 60) -> Image (60, 128, 3) -> OCR: ''
2025-09-03 22:38:35,454 - core.state_monitor - INFO - OCR with config '--oem 3 --psm 7': '——"'
2025-09-03 22:38:36,211 - core.state_monitor - INFO - Region (1315, 636, 128, 60) -> Image (60, 128, 3) -> OCR: ''
2025-09-03 22:38:36,370 - core.state_monitor - INFO - OCR with config '--oem 3 --psm 7': '——"'
2025-09-03 22:38:36,560 - automation.health_monitor - WARNING - Executing emergency response sequence...
2025-09-03 22:38:36,762 - automation.health_monitor - INFO - Emergency response sequence completed
2025-09-03 22:38:36,762 - automation.health_monitor - WARNING - Emergency response executed (total: 2)
2025-09-03 22:38:37,114 - core.state_monitor - INFO - Region (1315, 636, 128, 60) -> Image (60, 128, 3) -> OCR: ''
2025-09-03 22:38:37,274 - core.state_monitor - INFO - OCR with config '--oem 3 --psm 7': '——"'
2025-09-03 22:38:38,018 - core.state_monitor - INFO - Region (1315, 636, 128, 60) -> Image (60, 128, 3) -> OCR: ''
2025-09-03 22:38:38,178 - core.state_monitor - INFO - OCR with config '--oem 3 --psm 7': '——"'
2025-09-03 22:38:38,690 - automation.health_monitor - WARNING - Health status check returned False (loop #11)
2025-09-03 22:38:38,926 - core.state_monitor - INFO - Region (1315, 636, 128, 60) -> Image (60, 128, 3) -> OCR: ''
2025-09-03 22:38:39,090 - core.state_monitor - INFO - OCR with config '--oem 3 --psm 7': '——"'
2025-09-03 22:38:39,215 - automation.health_monitor - WARNING - Executing emergency response sequence...
2025-09-03 22:38:39,417 - automation.health_monitor - INFO - Emergency response sequence completed
2025-09-03 22:38:39,417 - automation.health_monitor - WARNING - Emergency response executed (total: 3)
2025-09-03 22:38:39,839 - core.state_monitor - INFO - Region (1315, 636, 128, 60) -> Image (60, 128, 3) -> OCR: ''
2025-09-03 22:38:39,999 - core.state_monitor - INFO - OCR with config '--oem 3 --psm 7': '——"'
2025-09-03 22:38:40,747 - core.state_monitor - INFO - Region (1315, 636, 128, 60) -> Image (60, 128, 3) -> OCR: ''
2025-09-03 22:38:40,911 - core.state_monitor - INFO - OCR with config '--oem 3 --psm 7': '——"'
2025-09-03 22:38:41,665 - core.state_monitor - INFO - Region (1315, 636, 128, 60) -> Image (60, 128, 3) -> OCR: ''
2025-09-03 22:38:41,824 - core.state_monitor - INFO - OCR with config '--oem 3 --psm 7': '——"'
2025-09-03 22:38:42,003 - automation.health_monitor - WARNING - Executing emergency response sequence...
2025-09-03 22:38:42,205 - automation.health_monitor - INFO - Emergency response sequence completed
2025-09-03 22:38:42,205 - automation.health_monitor - WARNING - Emergency response executed (total: 4)
2025-09-03 22:38:42,576 - core.state_monitor - INFO - Region (1315, 636, 128, 60) -> Image (60, 128, 3) -> OCR: ''
2025-09-03 22:38:42,736 - core.state_monitor - INFO - OCR with config '--oem 3 --psm 7': '——"'
2025-09-03 22:38:43,485 - core.state_monitor - INFO - Region (1315, 636, 128, 60) -> Image (60, 128, 3) -> OCR: ''
2025-09-03 22:38:43,642 - core.state_monitor - INFO - OCR with config '--oem 3 --psm 7': '——"'
2025-09-03 22:38:44,216 - automation.health_monitor - WARNING - Health status check returned False (loop #21)
2025-09-03 22:38:44,392 - core.state_monitor - INFO - Region (1315, 636, 128, 60) -> Image (60, 128, 3) -> OCR: ''
2025-09-03 22:38:44,550 - core.state_monitor - INFO - OCR with config '--oem 3 --psm 7': '——"'
2025-09-03 22:38:44,727 - automation.health_monitor - WARNING - Executing emergency response sequence...
2025-09-03 22:38:44,930 - automation.health_monitor - INFO - Emergency response sequence completed
2025-09-03 22:38:44,930 - automation.health_monitor - WARNING - Emergency response executed (total: 5)
2025-09-03 22:38:45,296 - core.state_monitor - INFO - Region (1315, 636, 128, 60) -> Image (60, 128, 3) -> OCR: ''
2025-09-03 22:38:45,454 - core.state_monitor - INFO - OCR with config '--oem 3 --psm 7': '——"'
2025-09-03 22:38:46,202 - core.state_monitor - INFO - Region (1315, 636, 128, 60) -> Image (60, 128, 3) -> OCR: ''
2025-09-03 22:38:46,360 - core.state_monitor - INFO - OCR with config '--oem 3 --psm 7': '——"'
2025-09-03 22:38:46,984 - automation.health_monitor - WARNING - Executing emergency response sequence...
2025-09-03 22:38:47,106 - core.state_monitor - INFO - Region (1315, 636, 128, 60) -> Image (60, 128, 3) -> OCR: ''
2025-09-03 22:38:47,186 - automation.health_monitor - INFO - Emergency response sequence completed
2025-09-03 22:38:47,186 - automation.health_monitor - WARNING - Emergency response executed (total: 6)
2025-09-03 22:38:47,263 - core.state_monitor - INFO - OCR with config '--oem 3 --psm 7': '——"'
2025-09-03 22:38:47,943 - gui.main_window - INFO - Stopping workflow: full_automation
2025-09-03 22:38:47,944 - automation.workflow_manager - INFO - Stopping workflow: Full Automation
2025-09-03 22:38:47,944 - automation.rune_creation - INFO - Stopping rune creation automation
2025-09-03 22:38:47,945 - automation.workflow_manager - INFO - Stopped automation: rune_creation
2025-09-03 22:38:47,945 - automation.food_eating - INFO - Stopping food eating automation
2025-09-03 22:38:47,945 - automation.workflow_manager - INFO - Stopped automation: food_eating
2025-09-03 22:38:47,945 - automation.health_monitor - INFO - Stopping health monitoring automation
2025-09-03 22:38:47,949 - gui.region_selector - INFO - Region overlay destroyed
2025-09-03 22:38:48,014 - core.state_monitor - INFO - Region (1315, 636, 128, 60) -> Image (60, 128, 3) -> OCR: ''
2025-09-03 22:38:48,173 - core.state_monitor - INFO - OCR with config '--oem 3 --psm 7': '——"'
2025-09-03 22:38:48,820 - core.state_monitor - INFO - State monitoring stopped
2025-09-03 22:38:48,820 - automation.health_monitor - INFO - Health monitoring automation stopped. Emergency responses: 6
2025-09-03 22:38:48,821 - automation.workflow_manager - INFO - Stopped automation: health_monitor
2025-09-03 22:38:48,821 - automation.workflow_manager - INFO - Workflow 'full_automation' stopped successfully
2025-09-03 22:40:04,886 - cyclops - INFO - Starting Cyclops Desktop Automation Application
2025-09-03 22:40:05,050 - utils.config_manager - INFO - Configuration loaded from config/default_config.json
2025-09-03 22:40:05,050 - utils.config_manager - INFO - Configuration manager initialized with: config/default_config.json
2025-09-03 22:40:05,050 - core.screen_capture - INFO - Screen resolution: 1920x1080
2025-09-03 22:40:05,050 - core.ocr_engine - INFO - Tesseract path set to: C:\Program Files\Tesseract-OCR\tesseract.exe
2025-09-03 22:40:05,050 - core.ocr_engine - INFO - OCR Engine initialized with language: eng
2025-09-03 22:40:05,050 - core.computer_vision - INFO - Computer Vision engine initialized
2025-09-03 22:40:05,050 - core.input_simulator - INFO - Input Simulator initialized
2025-09-03 22:40:05,050 - core.state_monitor - INFO - State Monitor initialized
2025-09-03 22:40:05,050 - core.computer_vision - INFO - Computer Vision engine initialized
2025-09-03 22:40:05,051 - automation.rune_creation - INFO - Rune Creation Automation initialized
2025-09-03 22:40:05,051 - automation.food_eating - INFO - Food Eating Automation initialized
2025-09-03 22:40:05,051 - automation.health_monitor - INFO - Health Monitor Automation initialized
2025-09-03 22:40:05,051 - automation.workflow_manager - INFO - All automation modules initialized
2025-09-03 22:40:05,051 - automation.workflow_manager - INFO - Workflow Manager initialized
2025-09-03 22:40:05,072 - gui.region_selector - INFO - Region overlay created at (1299, 617) - Border only
2025-09-03 22:40:05,072 - gui.main_window - INFO - Persistent overlay created at (1299, 617) - 148x93
2025-09-03 22:40:05,072 - automation.workflow_manager - INFO - Registered callback for health_monitoring
2025-09-03 22:40:05,072 - gui.main_window - INFO - Main window initialized
2025-09-03 22:40:05,072 - cyclops - INFO - Application started successfully
2025-09-03 22:42:20,738 - cyclops - INFO - Starting Cyclops Desktop Automation Application
2025-09-03 22:42:20,906 - utils.config_manager - INFO - Configuration loaded from config/default_config.json
2025-09-03 22:42:20,906 - utils.config_manager - INFO - Configuration manager initialized with: config/default_config.json
2025-09-03 22:42:20,906 - core.screen_capture - INFO - Screen resolution: 1920x1080
2025-09-03 22:42:20,906 - core.ocr_engine - INFO - Tesseract path set to: C:\Program Files\Tesseract-OCR\tesseract.exe
2025-09-03 22:42:20,906 - core.ocr_engine - INFO - OCR Engine initialized with language: eng
2025-09-03 22:42:20,906 - core.computer_vision - INFO - Computer Vision engine initialized
2025-09-03 22:42:20,907 - core.input_simulator - INFO - Input Simulator initialized
2025-09-03 22:42:20,907 - core.state_monitor - INFO - State Monitor initialized
2025-09-03 22:42:20,907 - core.computer_vision - INFO - Computer Vision engine initialized
2025-09-03 22:42:20,907 - automation.rune_creation - INFO - Rune Creation Automation initialized
2025-09-03 22:42:20,907 - automation.food_eating - INFO - Food Eating Automation initialized
2025-09-03 22:42:20,907 - automation.health_monitor - INFO - Health Monitor Automation initialized
2025-09-03 22:42:20,907 - automation.workflow_manager - INFO - All automation modules initialized
2025-09-03 22:42:20,907 - automation.workflow_manager - INFO - Workflow Manager initialized
2025-09-03 22:42:20,932 - gui.region_selector - INFO - Region overlay created at (1299, 617) - Border only
2025-09-03 22:42:20,933 - gui.main_window - INFO - Persistent overlay created at (1299, 617) - 148x93
2025-09-03 22:42:20,933 - automation.workflow_manager - INFO - Registered callback for health_monitoring
2025-09-03 22:42:20,933 - gui.main_window - INFO - Main window initialized
2025-09-03 22:42:20,933 - cyclops - INFO - Application started successfully
2025-09-03 22:42:46,406 - gui.main_window - INFO - Starting workflow: full_automation
2025-09-03 22:42:46,406 - automation.workflow_manager - INFO - Starting workflow: Full Automation
2025-09-03 22:42:46,407 - automation.workflow_manager - INFO - Running automation: rune_creation
2025-09-03 22:42:46,407 - automation.workflow_manager - INFO - Started automation: rune_creation
2025-09-03 22:42:46,407 - automation.rune_creation - WARNING - Rune creation automation is disabled in configuration
2025-09-03 22:42:46,407 - automation.workflow_manager - INFO - Running automation: food_eating
2025-09-03 22:42:46,407 - automation.workflow_manager - INFO - Started automation: food_eating
2025-09-03 22:42:46,407 - automation.food_eating - WARNING - Food eating automation is disabled in configuration
2025-09-03 22:42:46,408 - automation.workflow_manager - INFO - Running automation: health_monitor
2025-09-03 22:42:46,408 - automation.workflow_manager - INFO - Started automation: health_monitor
2025-09-03 22:42:46,408 - automation.health_monitor - INFO - Starting health monitoring automation
2025-09-03 22:42:46,408 - automation.workflow_manager - INFO - Workflow 'full_automation' started successfully
2025-09-03 22:42:46,408 - automation.health_monitor - INFO - Setting up health monitoring:
2025-09-03 22:42:46,408 - automation.health_monitor - INFO -   Region: (1299, 617, 148, 93)
2025-09-03 22:42:46,410 - automation.health_monitor - INFO -   Low health threshold: 30.0%
2025-09-03 22:42:46,411 - automation.health_monitor - INFO -   Max health: 800
2025-09-03 22:42:46,411 - core.state_monitor - INFO - Registered condition: dual_health_mana_monitor
2025-09-03 22:42:46,413 - automation.health_monitor - INFO - Setup health monitoring with condition: dual_health_mana_monitor
2025-09-03 22:42:46,447 - core.state_monitor - INFO - State monitoring started
2025-09-03 22:42:46,451 - gui.region_selector - INFO - Region overlay created at (1299, 617) - Border only
2025-09-03 22:42:46,452 - automation.health_monitor - INFO - Region overlay created
2025-09-03 22:42:46,453 - automation.health_monitor - INFO - Starting health monitoring loop...
2025-09-03 22:42:46,453 - automation.health_monitor - WARNING - Health status check returned False (loop #1)
2025-09-03 22:42:46,453 - core.state_monitor - INFO - Successfully captured dual region: (1299, 617, 148, 93), image shape: (93, 148, 3)
2025-09-03 22:42:46,463 - core.state_monitor - INFO - Saved captured dual image as 'debug_dual_capture.png' for debugging
2025-09-03 22:42:46,550 - core.state_monitor - INFO - Region (1299, 617, 148, 93) -> Image (93, 148, 3) -> OCR: 'fie'
2025-09-03 22:42:46,550 - core.state_monitor - INFO - Found 7 red contours, 2 blue contours
2025-09-03 22:42:46,641 - core.state_monitor - INFO - OCR data from grayscale: []
2025-09-03 22:42:46,718 - core.state_monitor - INFO - Dual analysis - Health: None/800 (0.0%), Mana: None/200 (0.0%)
2025-09-03 22:42:46,954 - automation.health_monitor - INFO - Health monitoring active - Health: None/800 (0.0%), Mana: None/200 (0.0%)
2025-09-03 22:42:46,955 - automation.health_monitor - WARNING - Executing emergency response sequence...
2025-09-03 22:42:47,157 - automation.health_monitor - INFO - Emergency response sequence completed
2025-09-03 22:42:47,157 - automation.health_monitor - WARNING - Emergency response executed (total: 1)
2025-09-03 22:42:47,321 - core.state_monitor - INFO - Region (1299, 617, 148, 93) -> Image (93, 148, 3) -> OCR: 'fie'
2025-09-03 22:42:48,075 - core.state_monitor - INFO - Region (1299, 617, 148, 93) -> Image (93, 148, 3) -> OCR: 'fie'
2025-09-03 22:42:48,828 - core.state_monitor - INFO - Region (1299, 617, 148, 93) -> Image (93, 148, 3) -> OCR: 'fie'
2025-09-03 22:42:49,583 - core.state_monitor - INFO - Region (1299, 617, 148, 93) -> Image (93, 148, 3) -> OCR: 'fie'
2025-09-03 22:42:49,660 - automation.health_monitor - WARNING - Executing emergency response sequence...
2025-09-03 22:42:49,862 - automation.health_monitor - INFO - Emergency response sequence completed
2025-09-03 22:42:49,862 - automation.health_monitor - WARNING - Emergency response executed (total: 2)
2025-09-03 22:42:50,340 - core.state_monitor - INFO - Region (1299, 617, 148, 93) -> Image (93, 148, 3) -> OCR: 'fie'
2025-09-03 22:42:51,090 - core.state_monitor - INFO - Region (1299, 617, 148, 93) -> Image (93, 148, 3) -> OCR: 'fie'
2025-09-03 22:42:51,725 - automation.health_monitor - WARNING - Health status check returned False (loop #11)
2025-09-03 22:42:51,842 - core.state_monitor - INFO - Region (1299, 617, 148, 93) -> Image (93, 148, 3) -> OCR: 'fie'
2025-09-03 22:42:52,249 - automation.health_monitor - WARNING - Executing emergency response sequence...
2025-09-03 22:42:52,451 - automation.health_monitor - INFO - Emergency response sequence completed
2025-09-03 22:42:52,451 - automation.health_monitor - WARNING - Emergency response executed (total: 3)
2025-09-03 22:42:52,589 - core.state_monitor - INFO - Region (1299, 617, 148, 93) -> Image (93, 148, 3) -> OCR: 'fie'
2025-09-03 22:42:53,347 - core.state_monitor - INFO - Region (1299, 617, 148, 93) -> Image (93, 148, 3) -> OCR: 'fie'
2025-09-03 22:42:54,099 - core.state_monitor - INFO - Region (1299, 617, 148, 93) -> Image (93, 148, 3) -> OCR: 'fie'
2025-09-03 22:42:54,849 - core.state_monitor - INFO - Region (1299, 617, 148, 93) -> Image (93, 148, 3) -> OCR: 'fie'
2025-09-03 22:42:54,998 - automation.health_monitor - WARNING - Executing emergency response sequence...
2025-09-03 22:42:55,200 - automation.health_monitor - INFO - Emergency response sequence completed
2025-09-03 22:42:55,200 - automation.health_monitor - WARNING - Emergency response executed (total: 4)
2025-09-03 22:42:55,601 - core.state_monitor - INFO - Region (1299, 617, 148, 93) -> Image (93, 148, 3) -> OCR: 'fie'
2025-09-03 22:42:56,353 - core.state_monitor - INFO - Region (1299, 617, 148, 93) -> Image (93, 148, 3) -> OCR: 'fie'
2025-09-03 22:42:57,082 - automation.health_monitor - WARNING - Health status check returned False (loop #21)
2025-09-03 22:42:57,102 - core.state_monitor - INFO - Region (1299, 617, 148, 93) -> Image (93, 148, 3) -> OCR: 'fie'
2025-09-03 22:42:57,622 - automation.health_monitor - WARNING - Executing emergency response sequence...
2025-09-03 22:42:57,824 - automation.health_monitor - INFO - Emergency response sequence completed
2025-09-03 22:42:57,824 - automation.health_monitor - WARNING - Emergency response executed (total: 5)
2025-09-03 22:42:57,861 - core.state_monitor - INFO - Region (1299, 617, 148, 93) -> Image (93, 148, 3) -> OCR: 'fie'
2025-09-03 22:42:58,612 - core.state_monitor - INFO - Region (1299, 617, 148, 93) -> Image (93, 148, 3) -> OCR: 'fie'
2025-09-03 22:42:59,365 - core.state_monitor - INFO - Region (1299, 617, 148, 93) -> Image (93, 148, 3) -> OCR: 'fie'
2025-09-03 22:43:00,116 - core.state_monitor - INFO - Region (1299, 617, 148, 93) -> Image (93, 148, 3) -> OCR: 'fie'
2025-09-03 22:43:00,291 - automation.health_monitor - WARNING - Executing emergency response sequence...
2025-09-03 22:43:00,493 - automation.health_monitor - INFO - Emergency response sequence completed
2025-09-03 22:43:00,493 - automation.health_monitor - WARNING - Emergency response executed (total: 6)
2025-09-03 22:43:00,869 - core.state_monitor - INFO - Region (1299, 617, 148, 93) -> Image (93, 148, 3) -> OCR: 'fie'
2025-09-03 22:43:01,629 - core.state_monitor - INFO - Region (1299, 617, 148, 93) -> Image (93, 148, 3) -> OCR: 'fie'
2025-09-03 22:43:02,381 - core.state_monitor - INFO - Region (1299, 617, 148, 93) -> Image (93, 148, 3) -> OCR: 'fie'
2025-09-03 22:43:02,530 - gui.main_window - INFO - Stopping workflow: full_automation
2025-09-03 22:43:02,530 - automation.workflow_manager - INFO - Stopping workflow: Full Automation
2025-09-03 22:43:02,531 - automation.rune_creation - INFO - Stopping rune creation automation
2025-09-03 22:43:02,531 - automation.workflow_manager - INFO - Stopped automation: rune_creation
2025-09-03 22:43:02,531 - automation.food_eating - INFO - Stopping food eating automation
2025-09-03 22:43:02,532 - automation.workflow_manager - INFO - Stopped automation: food_eating
2025-09-03 22:43:02,532 - automation.health_monitor - INFO - Stopping health monitoring automation
2025-09-03 22:43:02,535 - gui.region_selector - INFO - Region overlay destroyed
2025-09-03 22:43:03,031 - core.state_monitor - INFO - State monitoring stopped
2025-09-03 22:43:03,031 - automation.health_monitor - INFO - Health monitoring automation stopped. Emergency responses: 6
2025-09-03 22:43:03,031 - automation.workflow_manager - INFO - Stopped automation: health_monitor
2025-09-03 22:43:03,032 - automation.workflow_manager - INFO - Workflow 'full_automation' stopped successfully
2025-09-03 22:45:42,695 - cyclops - INFO - Starting Cyclops Desktop Automation Application
2025-09-03 22:45:42,861 - utils.config_manager - INFO - Configuration loaded from config/default_config.json
2025-09-03 22:45:42,861 - utils.config_manager - INFO - Configuration manager initialized with: config/default_config.json
2025-09-03 22:45:42,861 - core.screen_capture - INFO - Screen resolution: 1920x1080
2025-09-03 22:45:42,862 - core.ocr_engine - INFO - Tesseract path set to: C:\Program Files\Tesseract-OCR\tesseract.exe
2025-09-03 22:45:42,862 - core.ocr_engine - INFO - OCR Engine initialized with language: eng
2025-09-03 22:45:42,862 - core.computer_vision - INFO - Computer Vision engine initialized
2025-09-03 22:45:42,862 - core.input_simulator - INFO - Input Simulator initialized
2025-09-03 22:45:42,862 - core.state_monitor - INFO - State Monitor initialized
2025-09-03 22:45:42,862 - core.computer_vision - INFO - Computer Vision engine initialized
2025-09-03 22:45:42,862 - automation.rune_creation - INFO - Rune Creation Automation initialized
2025-09-03 22:45:42,862 - automation.food_eating - INFO - Food Eating Automation initialized
2025-09-03 22:45:42,862 - automation.health_monitor - INFO - Health Monitor Automation initialized
2025-09-03 22:45:42,863 - automation.workflow_manager - INFO - All automation modules initialized
2025-09-03 22:45:42,863 - automation.workflow_manager - INFO - Workflow Manager initialized
2025-09-03 22:45:42,887 - gui.region_selector - INFO - Region overlay created at (1299, 617) - Border only
2025-09-03 22:45:42,887 - gui.main_window - INFO - Persistent overlay created at (1299, 617) - 148x93
2025-09-03 22:45:42,887 - automation.workflow_manager - INFO - Registered callback for health_monitoring
2025-09-03 22:45:42,888 - gui.main_window - INFO - Main window initialized
2025-09-03 22:45:42,888 - cyclops - INFO - Application started successfully
2025-09-03 22:47:42,339 - automation.workflow_manager - INFO - Stopping all workflows...
2025-09-03 22:47:42,340 - automation.workflow_manager - INFO - All workflows stopped
2025-09-03 22:47:42,345 - gui.region_selector - INFO - Region overlay destroyed
2025-09-03 22:47:42,345 - utils.config_manager - INFO - Configuration saved to config/default_config.json
2025-09-03 22:47:43,843 - gui.main_window - INFO - Configuration saved
2025-09-03 22:47:43,843 - gui.main_window - INFO - Application closing
2025-09-03 22:47:43,884 - cyclops - INFO - Application closed
2025-09-03 22:57:26,786 - cyclops - INFO - Starting Cyclops Desktop Automation Application
2025-09-03 22:57:26,963 - utils.config_manager - INFO - Configuration loaded from config/default_config.json
2025-09-03 22:57:26,964 - utils.config_manager - INFO - Configuration manager initialized with: config/default_config.json
2025-09-03 22:57:26,964 - core.screen_capture - INFO - Screen resolution: 1920x1080
2025-09-03 22:57:26,964 - core.ocr_engine - INFO - Tesseract path set to: C:\Program Files\Tesseract-OCR\tesseract.exe
2025-09-03 22:57:26,964 - core.ocr_engine - INFO - OCR Engine initialized with language: eng
2025-09-03 22:57:26,964 - core.computer_vision - INFO - Computer Vision engine initialized
2025-09-03 22:57:26,964 - core.input_simulator - INFO - Input Simulator initialized
2025-09-03 22:57:26,964 - core.state_monitor - INFO - State Monitor initialized
2025-09-03 22:57:26,964 - core.computer_vision - INFO - Computer Vision engine initialized
2025-09-03 22:57:26,964 - automation.rune_creation - INFO - Rune Creation Automation initialized
2025-09-03 22:57:26,964 - automation.food_eating - INFO - Food Eating Automation initialized
2025-09-03 22:57:26,965 - automation.health_monitor - INFO - Health Monitor Automation initialized
2025-09-03 22:57:26,965 - automation.workflow_manager - INFO - All automation modules initialized
2025-09-03 22:57:26,965 - automation.workflow_manager - INFO - Workflow Manager initialized
2025-09-03 22:57:26,990 - gui.region_selector - INFO - Region overlay created at (1299, 617) - Border only
2025-09-03 22:57:26,990 - gui.main_window - INFO - Persistent overlay created at (1299, 617) - 148x93
2025-09-03 22:57:26,991 - automation.workflow_manager - INFO - Registered callback for health_monitoring
2025-09-03 22:57:26,991 - gui.main_window - INFO - Main window initialized
2025-09-03 22:57:26,991 - cyclops - INFO - Application started successfully
2025-09-03 22:57:31,530 - gui.region_selector - INFO - Region overlay destroyed
2025-09-03 22:57:31,531 - gui.region_selector - INFO - Region overlay created at (50, 50) - Border only
2025-09-03 22:57:31,531 - gui.main_window - INFO - Persistent overlay created at (50, 50) - 200x20
2025-09-03 22:57:31,531 - gui.main_window - INFO - Health region cleared and reset to default
2025-09-03 22:57:56,052 - gui.region_selector - INFO - Region selector initialized
2025-09-03 22:58:13,124 - gui.region_selector - INFO - Region selected: X:1344, Y:676, W:92, H:24
2025-09-03 22:58:16,333 - gui.region_selector - INFO - Region overlay destroyed
2025-09-03 22:58:16,336 - gui.region_selector - INFO - Region overlay created at (1344, 676) - Border only
2025-09-03 22:58:16,338 - gui.main_window - INFO - Persistent overlay created at (1344, 676) - 92x24
2025-09-03 22:58:16,400 - gui.main_window - INFO - Health region selected: {'x': 1344, 'y': 676, 'width': 92, 'height': 24}
2025-09-03 22:59:09,464 - gui.region_selector - INFO - Region selector initialized
2025-09-03 22:59:12,124 - gui.region_selector - INFO - Region selected: X:1309, Y:660, W:85, H:24
2025-09-03 22:59:15,105 - gui.region_selector - INFO - Region overlay destroyed
2025-09-03 22:59:15,108 - gui.region_selector - INFO - Region overlay created at (1309, 660) - Border only
2025-09-03 22:59:15,110 - gui.main_window - INFO - Persistent overlay created at (1309, 660) - 85x24
2025-09-03 22:59:15,184 - gui.main_window - INFO - Health region selected: {'x': 1309, 'y': 660, 'width': 85, 'height': 24}
2025-09-03 22:59:31,984 - gui.main_window - INFO - Starting workflow: full_automation
2025-09-03 22:59:31,984 - automation.workflow_manager - INFO - Starting workflow: Full Automation
2025-09-03 22:59:31,985 - automation.workflow_manager - INFO - Running automation: rune_creation
2025-09-03 22:59:31,985 - automation.workflow_manager - INFO - Started automation: rune_creation
2025-09-03 22:59:31,985 - automation.rune_creation - WARNING - Rune creation automation is disabled in configuration
2025-09-03 22:59:31,985 - automation.workflow_manager - INFO - Running automation: food_eating
2025-09-03 22:59:31,985 - automation.workflow_manager - INFO - Started automation: food_eating
2025-09-03 22:59:31,985 - automation.food_eating - WARNING - Food eating automation is disabled in configuration
2025-09-03 22:59:31,986 - automation.workflow_manager - INFO - Running automation: health_monitor
2025-09-03 22:59:31,986 - automation.workflow_manager - INFO - Started automation: health_monitor
2025-09-03 22:59:31,986 - automation.health_monitor - INFO - Starting health monitoring automation
2025-09-03 22:59:31,986 - automation.workflow_manager - INFO - Workflow 'full_automation' started successfully
2025-09-03 22:59:31,986 - automation.health_monitor - INFO - Setting up health monitoring:
2025-09-03 22:59:31,987 - automation.health_monitor - INFO -   Region: (1309, 660, 85, 24)
2025-09-03 22:59:31,989 - automation.health_monitor - INFO -   Low health threshold: 30.0%
2025-09-03 22:59:31,990 - automation.health_monitor - INFO -   Max health: 800
2025-09-03 22:59:31,990 - core.state_monitor - INFO - Registered condition: template_health_monitor
2025-09-03 22:59:31,990 - automation.health_monitor - INFO - Setup health monitoring with condition: template_health_monitor
2025-09-03 22:59:32,016 - core.state_monitor - INFO - State monitoring started
2025-09-03 22:59:32,021 - core.state_monitor - INFO - Successfully captured template region: (1309, 660, 85, 24), image shape: (24, 85, 3)
2025-09-03 22:59:32,026 - core.state_monitor - INFO - Saved captured template image as 'debug_template_capture.png' for debugging
2025-09-03 22:59:32,027 - core.state_monitor - INFO - Created health bar template: health_bar_template.png
2025-09-03 22:59:32,069 - gui.region_selector - INFO - Region overlay created at (1309, 660) - Border only
2025-09-03 22:59:32,070 - automation.health_monitor - INFO - Region overlay created
2025-09-03 22:59:32,070 - automation.health_monitor - INFO - Starting health monitoring loop...
2025-09-03 22:59:32,073 - automation.health_monitor - INFO - Health monitoring active - Template created! Confidence: 1.000 (Method: template_matching)
2025-09-03 22:59:32,545 - core.state_monitor - INFO - Template matching confidence: 0.390 (threshold: 0.3)
2025-09-03 22:59:36,953 - automation.health_monitor - WARNING - Health status check returned False (loop #11)
2025-09-03 22:59:41,995 - automation.health_monitor - WARNING - Health status check returned False (loop #21)
2025-09-03 22:59:57,003 - automation.health_monitor - WARNING - Health status check returned False (loop #51)
2025-09-03 23:00:01,904 - automation.health_monitor - WARNING - Health status check returned False (loop #61)
2025-09-03 23:00:12,100 - automation.health_monitor - WARNING - Health status check returned False (loop #81)
2025-09-03 23:00:22,019 - automation.health_monitor - WARNING - Health status check returned False (loop #101)
2025-09-03 23:00:23,592 - automation.health_monitor - WARNING - Health bar changed, Emergency detected !!
2025-09-03 23:00:23,593 - automation.health_monitor - WARNING - Executing emergency response sequence...
2025-09-03 23:00:23,795 - automation.health_monitor - INFO - Emergency response sequence completed
2025-09-03 23:00:23,795 - automation.health_monitor - WARNING - Emergency response executed (total: 1)
2025-09-03 23:00:26,317 - automation.health_monitor - WARNING - Executing emergency response sequence...
2025-09-03 23:00:26,521 - automation.health_monitor - INFO - Emergency response sequence completed
2025-09-03 23:00:26,521 - automation.health_monitor - WARNING - Emergency response executed (total: 2)
2025-09-03 23:00:29,039 - automation.health_monitor - WARNING - Executing emergency response sequence...
2025-09-03 23:00:29,241 - automation.health_monitor - INFO - Emergency response sequence completed
2025-09-03 23:00:29,241 - automation.health_monitor - WARNING - Emergency response executed (total: 3)
2025-09-03 23:00:31,755 - automation.health_monitor - WARNING - Executing emergency response sequence...
2025-09-03 23:00:31,957 - automation.health_monitor - INFO - Emergency response sequence completed
2025-09-03 23:00:31,957 - automation.health_monitor - WARNING - Emergency response executed (total: 4)
2025-09-03 23:00:35,874 - automation.health_monitor - WARNING - Executing emergency response sequence...
2025-09-03 23:00:36,080 - automation.health_monitor - INFO - Emergency response sequence completed
2025-09-03 23:00:36,080 - automation.health_monitor - WARNING - Emergency response executed (total: 5)
2025-09-03 23:00:38,080 - automation.health_monitor - WARNING - Health status check returned False (loop #131)
2025-09-03 23:00:39,170 - automation.health_monitor - WARNING - Executing emergency response sequence...
2025-09-03 23:00:39,372 - automation.health_monitor - INFO - Emergency response sequence completed
2025-09-03 23:00:39,372 - automation.health_monitor - WARNING - Emergency response executed (total: 6)
2025-09-03 23:00:48,550 - automation.health_monitor - WARNING - Health status check returned False (loop #151)
2025-09-03 23:00:53,536 - automation.health_monitor - WARNING - Health status check returned False (loop #161)
2025-09-03 23:01:03,474 - automation.health_monitor - WARNING - Health status check returned False (loop #181)
2025-09-03 23:02:22,948 - automation.health_monitor - WARNING - Executing emergency response sequence...
2025-09-03 23:02:23,151 - automation.health_monitor - INFO - Emergency response sequence completed
2025-09-03 23:02:23,151 - automation.health_monitor - WARNING - Emergency response executed (total: 7)
2025-09-03 23:05:42,731 - cyclops - INFO - Starting Cyclops Desktop Automation Application
2025-09-03 23:05:42,907 - utils.config_manager - INFO - Configuration loaded from config/default_config.json
2025-09-03 23:05:42,907 - utils.config_manager - INFO - Configuration manager initialized with: config/default_config.json
2025-09-03 23:05:42,907 - core.screen_capture - INFO - Screen resolution: 1920x1080
2025-09-03 23:05:42,907 - core.ocr_engine - INFO - Tesseract path set to: C:\Program Files\Tesseract-OCR\tesseract.exe
2025-09-03 23:05:42,907 - core.ocr_engine - INFO - OCR Engine initialized with language: eng
2025-09-03 23:05:42,907 - core.computer_vision - INFO - Computer Vision engine initialized
2025-09-03 23:05:42,908 - core.input_simulator - INFO - Input Simulator initialized
2025-09-03 23:05:42,908 - core.state_monitor - INFO - State Monitor initialized
2025-09-03 23:05:42,908 - core.computer_vision - INFO - Computer Vision engine initialized
2025-09-03 23:05:42,908 - automation.rune_creation - INFO - Rune Creation Automation initialized
2025-09-03 23:05:42,908 - automation.food_eating - INFO - Food Eating Automation initialized
2025-09-03 23:05:42,908 - automation.health_monitor - INFO - Health Monitor Automation initialized
2025-09-03 23:05:42,908 - automation.workflow_manager - INFO - All automation modules initialized
2025-09-03 23:05:42,909 - automation.workflow_manager - INFO - Workflow Manager initialized
2025-09-03 23:05:42,929 - gui.region_selector - INFO - Region overlay created at (1299, 617) - Border only
2025-09-03 23:05:42,929 - gui.main_window - INFO - Persistent overlay created at (1299, 617) - 148x93
2025-09-03 23:05:42,929 - automation.workflow_manager - INFO - Registered callback for health_monitoring
2025-09-03 23:05:42,930 - gui.main_window - INFO - Main window initialized
2025-09-03 23:05:42,930 - cyclops - INFO - Application started successfully
2025-09-03 23:09:09,214 - automation.workflow_manager - INFO - Stopping all workflows...
2025-09-03 23:09:09,214 - automation.workflow_manager - INFO - All workflows stopped
2025-09-03 23:09:09,218 - gui.region_selector - INFO - Region overlay destroyed
2025-09-03 23:09:09,219 - utils.config_manager - INFO - Configuration saved to config/default_config.json
2025-09-03 23:09:10,317 - gui.main_window - INFO - Configuration saved
2025-09-03 23:09:10,318 - gui.main_window - INFO - Application closing
2025-09-03 23:09:10,347 - cyclops - INFO - Application closed
2025-09-03 23:13:00,757 - cyclops - INFO - Starting Cyclops Desktop Automation Application
2025-09-03 23:13:00,926 - utils.config_manager - INFO - Configuration loaded from config/default_config.json
2025-09-03 23:13:00,927 - utils.config_manager - INFO - Configuration manager initialized with: config/default_config.json
2025-09-03 23:13:00,927 - core.screen_capture - INFO - Screen resolution: 1920x1080
2025-09-03 23:13:00,927 - core.ocr_engine - INFO - Tesseract path set to: C:\Program Files\Tesseract-OCR\tesseract.exe
2025-09-03 23:13:00,927 - core.ocr_engine - INFO - OCR Engine initialized with language: eng
2025-09-03 23:13:00,927 - core.computer_vision - INFO - Computer Vision engine initialized
2025-09-03 23:13:00,927 - core.input_simulator - INFO - Input Simulator initialized
2025-09-03 23:13:00,927 - core.state_monitor - INFO - State Monitor initialized
2025-09-03 23:13:00,927 - core.computer_vision - INFO - Computer Vision engine initialized
2025-09-03 23:13:00,927 - automation.rune_creation - INFO - Rune Creation Automation initialized
2025-09-03 23:13:00,928 - automation.food_eating - INFO - Food Eating Automation initialized
2025-09-03 23:13:00,928 - automation.health_monitor - INFO - Health Monitor Automation initialized
2025-09-03 23:13:00,928 - automation.workflow_manager - INFO - All automation modules initialized
2025-09-03 23:13:00,928 - automation.workflow_manager - INFO - Workflow Manager initialized
2025-09-03 23:13:00,956 - gui.region_selector - INFO - Region overlay created at (1299, 617) - Border only
2025-09-03 23:13:00,956 - gui.main_window - INFO - Persistent overlay created at (1299, 617) - 148x93
2025-09-03 23:13:00,957 - automation.workflow_manager - INFO - Registered callback for health_monitoring
2025-09-03 23:13:00,957 - gui.main_window - INFO - Main window initialized
2025-09-03 23:13:00,957 - cyclops - INFO - Application started successfully
2025-09-03 23:13:09,195 - gui.region_selector - INFO - Region overlay destroyed
2025-09-03 23:13:09,195 - gui.region_selector - INFO - Region overlay created at (50, 50) - Border only
2025-09-03 23:13:09,195 - gui.main_window - INFO - Persistent overlay created at (50, 50) - 200x20
2025-09-03 23:13:09,195 - gui.main_window - INFO - Health region cleared and reset to default
2025-09-03 23:13:11,689 - gui.region_selector - INFO - Region selector initialized
2025-09-03 23:13:14,772 - gui.region_selector - INFO - Region selected: X:1440, Y:611, W:101, H:28
2025-09-03 23:13:16,242 - gui.region_selector - INFO - Region overlay destroyed
2025-09-03 23:13:16,246 - gui.region_selector - INFO - Region overlay created at (1440, 611) - Border only
2025-09-03 23:13:16,248 - gui.main_window - INFO - Persistent overlay created at (1440, 611) - 101x28
2025-09-03 23:13:16,308 - gui.main_window - INFO - Health region selected: {'x': 1440, 'y': 611, 'width': 101, 'height': 28}
2025-09-03 23:13:31,225 - gui.main_window - INFO - Starting workflow: full_automation
2025-09-03 23:13:31,226 - automation.workflow_manager - INFO - Starting workflow: Full Automation
2025-09-03 23:13:31,226 - automation.workflow_manager - INFO - Running automation: rune_creation
2025-09-03 23:13:31,226 - automation.workflow_manager - INFO - Started automation: rune_creation
2025-09-03 23:13:31,226 - automation.rune_creation - WARNING - Rune creation automation is disabled in configuration
2025-09-03 23:13:31,228 - automation.workflow_manager - INFO - Running automation: food_eating
2025-09-03 23:13:31,228 - automation.workflow_manager - INFO - Started automation: food_eating
2025-09-03 23:13:31,228 - automation.food_eating - WARNING - Food eating automation is disabled in configuration
2025-09-03 23:13:31,228 - automation.workflow_manager - INFO - Running automation: health_monitor
2025-09-03 23:13:31,228 - automation.workflow_manager - INFO - Started automation: health_monitor
2025-09-03 23:13:31,228 - automation.health_monitor - INFO - Starting health monitoring automation
2025-09-03 23:13:31,228 - automation.workflow_manager - INFO - Workflow 'full_automation' started successfully
2025-09-03 23:13:31,228 - automation.health_monitor - INFO - Setting up health monitoring:
2025-09-03 23:13:31,229 - automation.health_monitor - INFO -   Region: (1440, 611, 101, 28)
2025-09-03 23:13:31,230 - automation.health_monitor - INFO -   Low health threshold: 50.0%
2025-09-03 23:13:31,231 - automation.health_monitor - INFO -   Max health: 800
2025-09-03 23:13:31,232 - core.state_monitor - INFO - Registered condition: image_search_monitor
2025-09-03 23:13:31,233 - automation.health_monitor - INFO - Setup health monitoring with condition: image_search_monitor
2025-09-03 23:13:31,262 - core.state_monitor - INFO - State monitoring started
2025-09-03 23:13:31,267 - core.state_monitor - ERROR - Could not load reference image: health_reference.png
2025-09-03 23:13:31,311 - gui.region_selector - INFO - Region overlay created at (1440, 611) - Border only
2025-09-03 23:13:31,311 - automation.health_monitor - INFO - Region overlay created
2025-09-03 23:13:31,313 - automation.health_monitor - INFO - Starting health monitoring loop...
2025-09-03 23:13:31,315 - automation.health_monitor - WARNING - Health status check returned False (loop #1)
2025-09-03 23:13:31,789 - core.state_monitor - ERROR - Could not load reference image: health_reference.png
2025-09-03 23:13:32,309 - core.state_monitor - ERROR - Could not load reference image: health_reference.png
2025-09-03 23:13:32,830 - core.state_monitor - ERROR - Could not load reference image: health_reference.png
2025-09-03 23:13:33,351 - core.state_monitor - ERROR - Could not load reference image: health_reference.png
2025-09-03 23:13:33,873 - core.state_monitor - ERROR - Could not load reference image: health_reference.png
2025-09-03 23:13:34,393 - core.state_monitor - ERROR - Could not load reference image: health_reference.png
2025-09-03 23:13:34,914 - core.state_monitor - ERROR - Could not load reference image: health_reference.png
2025-09-03 23:13:35,439 - core.state_monitor - ERROR - Could not load reference image: health_reference.png
2025-09-03 23:13:35,961 - core.state_monitor - ERROR - Could not load reference image: health_reference.png
2025-09-03 23:13:36,434 - automation.health_monitor - WARNING - Health status check returned False (loop #11)
2025-09-03 23:13:36,482 - core.state_monitor - ERROR - Could not load reference image: health_reference.png
2025-09-03 23:13:37,006 - core.state_monitor - ERROR - Could not load reference image: health_reference.png
2025-09-03 23:13:37,527 - core.state_monitor - ERROR - Could not load reference image: health_reference.png
2025-09-03 23:13:38,050 - core.state_monitor - ERROR - Could not load reference image: health_reference.png
2025-09-03 23:13:38,568 - core.state_monitor - ERROR - Could not load reference image: health_reference.png
2025-09-03 23:13:39,089 - core.state_monitor - ERROR - Could not load reference image: health_reference.png
2025-09-03 23:13:39,610 - core.state_monitor - ERROR - Could not load reference image: health_reference.png
2025-09-03 23:13:40,130 - core.state_monitor - ERROR - Could not load reference image: health_reference.png
2025-09-03 23:13:40,652 - core.state_monitor - ERROR - Could not load reference image: health_reference.png
2025-09-03 23:13:40,681 - gui.main_window - INFO - Stopping workflow: full_automation
2025-09-03 23:13:40,681 - automation.workflow_manager - INFO - Stopping workflow: Full Automation
2025-09-03 23:13:40,682 - automation.rune_creation - INFO - Stopping rune creation automation
2025-09-03 23:13:40,682 - automation.workflow_manager - INFO - Stopped automation: rune_creation
2025-09-03 23:13:40,683 - automation.food_eating - INFO - Stopping food eating automation
2025-09-03 23:13:40,683 - automation.workflow_manager - INFO - Stopped automation: food_eating
2025-09-03 23:13:40,683 - automation.health_monitor - INFO - Stopping health monitoring automation
2025-09-03 23:13:40,688 - gui.region_selector - INFO - Region overlay destroyed
2025-09-03 23:13:41,153 - core.state_monitor - INFO - State monitoring stopped
2025-09-03 23:13:41,153 - automation.health_monitor - INFO - Health monitoring automation stopped. Emergency responses: 0
2025-09-03 23:13:41,154 - automation.workflow_manager - INFO - Stopped automation: health_monitor
2025-09-03 23:13:41,154 - automation.workflow_manager - INFO - Workflow 'full_automation' stopped successfully
2025-09-03 23:18:50,113 - cyclops - INFO - Starting Cyclops Desktop Automation Application
2025-09-03 23:18:50,287 - utils.config_manager - INFO - Configuration loaded from config/default_config.json
2025-09-03 23:18:50,287 - utils.config_manager - INFO - Configuration manager initialized with: config/default_config.json
2025-09-03 23:18:50,287 - core.screen_capture - INFO - Screen resolution: 1920x1080
2025-09-03 23:18:50,287 - core.ocr_engine - INFO - Tesseract path set to: C:\Program Files\Tesseract-OCR\tesseract.exe
2025-09-03 23:18:50,287 - core.ocr_engine - INFO - OCR Engine initialized with language: eng
2025-09-03 23:18:50,288 - core.computer_vision - INFO - Computer Vision engine initialized
2025-09-03 23:18:50,288 - core.input_simulator - INFO - Input Simulator initialized
2025-09-03 23:18:50,288 - core.state_monitor - INFO - State Monitor initialized
2025-09-03 23:18:50,288 - core.computer_vision - INFO - Computer Vision engine initialized
2025-09-03 23:18:50,288 - automation.rune_creation - INFO - Rune Creation Automation initialized
2025-09-03 23:18:50,288 - automation.food_eating - INFO - Food Eating Automation initialized
2025-09-03 23:18:50,288 - automation.health_monitor - INFO - Health Monitor Automation initialized
2025-09-03 23:18:50,288 - automation.workflow_manager - INFO - All automation modules initialized
2025-09-03 23:18:50,288 - automation.workflow_manager - INFO - Workflow Manager initialized
2025-09-03 23:18:50,313 - gui.region_selector - INFO - Region overlay created at (1299, 617) - Border only
2025-09-03 23:18:50,313 - gui.main_window - INFO - Persistent overlay created at (1299, 617) - 148x93
2025-09-03 23:18:50,313 - automation.workflow_manager - INFO - Registered callback for health_monitoring
2025-09-03 23:18:50,313 - gui.main_window - INFO - Main window initialized
2025-09-03 23:18:50,313 - cyclops - INFO - Application started successfully
2025-09-03 23:18:53,402 - gui.region_selector - INFO - Region selector initialized
2025-09-03 23:18:59,298 - gui.region_selector - INFO - Region selected: X:1439, Y:615, W:111, H:35
2025-09-03 23:19:01,032 - gui.region_selector - INFO - Region overlay destroyed
2025-09-03 23:19:01,034 - gui.region_selector - INFO - Region overlay created at (1439, 615) - Border only
2025-09-03 23:19:01,036 - gui.main_window - INFO - Persistent overlay created at (1439, 615) - 111x35
2025-09-03 23:19:01,106 - gui.main_window - INFO - Health region selected: {'x': 1439, 'y': 615, 'width': 111, 'height': 35}
2025-09-03 23:19:20,922 - gui.main_window - INFO - Starting workflow: full_automation
2025-09-03 23:19:20,922 - automation.workflow_manager - INFO - Starting workflow: Full Automation
2025-09-03 23:19:20,922 - automation.workflow_manager - INFO - Running automation: rune_creation
2025-09-03 23:19:20,923 - automation.workflow_manager - INFO - Started automation: rune_creation
2025-09-03 23:19:20,923 - automation.rune_creation - WARNING - Rune creation automation is disabled in configuration
2025-09-03 23:19:20,923 - automation.workflow_manager - INFO - Running automation: food_eating
2025-09-03 23:19:20,923 - automation.workflow_manager - INFO - Started automation: food_eating
2025-09-03 23:19:20,923 - automation.food_eating - WARNING - Food eating automation is disabled in configuration
2025-09-03 23:19:20,924 - automation.workflow_manager - INFO - Running automation: health_monitor
2025-09-03 23:19:20,924 - automation.workflow_manager - INFO - Started automation: health_monitor
2025-09-03 23:19:20,924 - automation.health_monitor - INFO - Starting health monitoring automation
2025-09-03 23:19:20,924 - automation.workflow_manager - INFO - Workflow 'full_automation' started successfully
2025-09-03 23:19:20,925 - automation.health_monitor - INFO - Setting up health monitoring:
2025-09-03 23:19:20,925 - automation.health_monitor - INFO -   Region: (1439, 615, 111, 35)
2025-09-03 23:19:20,927 - automation.health_monitor - INFO -   Low health threshold: 50.0%
2025-09-03 23:19:20,928 - automation.health_monitor - INFO -   Max health: 800
2025-09-03 23:19:20,928 - core.state_monitor - INFO - Registered condition: image_search_monitor
2025-09-03 23:19:20,929 - automation.health_monitor - INFO - Setup health monitoring with condition: image_search_monitor
2025-09-03 23:19:20,950 - core.state_monitor - INFO - State monitoring started
2025-09-03 23:19:20,957 - gui.region_selector - INFO - Region overlay created at (1439, 615) - Border only
2025-09-03 23:19:20,957 - automation.health_monitor - INFO - Region overlay created
2025-09-03 23:19:20,958 - automation.health_monitor - INFO - Starting health monitoring loop...
2025-09-03 23:19:20,958 - automation.health_monitor - INFO - Health monitoring active - Image found! Confidence: 1.000
2025-09-03 23:19:24,536 - core.state_monitor - INFO - SUCCESS, IMAGE FOUND! (Confidence: 1.000)
2025-09-03 23:19:24,536 - gui.main_window - INFO - PageDown test: SUCCESS, IMAGE FOUND!
2025-09-03 23:19:26,066 - core.state_monitor - INFO - SUCCESS, IMAGE FOUND! (Confidence: 1.000)
2025-09-03 23:19:26,066 - gui.main_window - INFO - PageDown test: SUCCESS, IMAGE FOUND!
2025-09-03 23:19:28,253 - core.state_monitor - INFO - SUCCESS, IMAGE FOUND! (Confidence: 1.000)
2025-09-03 23:19:28,253 - gui.main_window - INFO - PageDown test: SUCCESS, IMAGE FOUND!
2025-09-03 23:19:30,317 - core.state_monitor - INFO - SUCCESS, IMAGE FOUND! (Confidence: 1.000)
2025-09-03 23:19:30,318 - gui.main_window - INFO - PageDown test: SUCCESS, IMAGE FOUND!
2025-09-03 23:19:31,695 - core.state_monitor - INFO - SUCCESS, IMAGE FOUND! (Confidence: 1.000)
2025-09-03 23:19:31,695 - gui.main_window - INFO - PageDown test: SUCCESS, IMAGE FOUND!
2025-09-03 23:19:36,239 - automation.health_monitor - WARNING - Health status check returned False (loop #31)
2025-09-03 23:19:38,945 - core.state_monitor - INFO - SUCCESS, IMAGE FOUND! (Confidence: 1.000)
2025-09-03 23:19:38,945 - gui.main_window - INFO - PageDown test: SUCCESS, IMAGE FOUND!
2025-09-03 23:19:41,306 - automation.health_monitor - WARNING - Health status check returned False (loop #41)
2025-09-03 23:19:51,322 - automation.health_monitor - WARNING - Health status check returned False (loop #61)
2025-09-03 23:19:51,804 - automation.health_monitor - WARNING - HEALTH IMAGE NOT FOUND! Emergency detected !!
2025-09-03 23:19:51,805 - automation.health_monitor - WARNING - Executing emergency response sequence...
2025-09-03 23:19:52,007 - automation.health_monitor - INFO - Emergency response sequence completed
2025-09-03 23:19:52,007 - automation.health_monitor - WARNING - Emergency response executed (total: 1)
2025-09-03 23:19:54,044 - automation.health_monitor - WARNING - Executing emergency response sequence...
2025-09-03 23:19:54,246 - automation.health_monitor - INFO - Emergency response sequence completed
2025-09-03 23:19:54,246 - automation.health_monitor - WARNING - Emergency response executed (total: 2)
2025-09-03 23:19:56,267 - automation.health_monitor - WARNING - Executing emergency response sequence...
2025-09-03 23:19:56,468 - automation.health_monitor - INFO - Emergency response sequence completed
2025-09-03 23:19:56,468 - automation.health_monitor - WARNING - Emergency response executed (total: 3)
2025-09-03 23:19:58,953 - automation.health_monitor - WARNING - Executing emergency response sequence...
2025-09-03 23:19:59,154 - automation.health_monitor - INFO - Emergency response sequence completed
2025-09-03 23:19:59,154 - automation.health_monitor - WARNING - Emergency response executed (total: 4)
2025-09-03 23:20:01,249 - automation.health_monitor - WARNING - Executing emergency response sequence...
2025-09-03 23:20:01,451 - automation.health_monitor - INFO - Emergency response sequence completed
2025-09-03 23:20:01,451 - automation.health_monitor - WARNING - Emergency response executed (total: 5)
2025-09-03 23:20:02,417 - automation.health_monitor - WARNING - Health status check returned False (loop #81)
2025-09-03 23:20:03,943 - automation.health_monitor - WARNING - Executing emergency response sequence...
2025-09-03 23:20:04,146 - automation.health_monitor - INFO - Emergency response sequence completed
2025-09-03 23:20:04,146 - automation.health_monitor - WARNING - Emergency response executed (total: 6)
2025-09-03 23:20:06,163 - automation.health_monitor - WARNING - Executing emergency response sequence...
2025-09-03 23:20:06,365 - automation.health_monitor - INFO - Emergency response sequence completed
2025-09-03 23:20:06,365 - automation.health_monitor - WARNING - Emergency response executed (total: 7)
2025-09-03 23:20:07,878 - automation.health_monitor - WARNING - Health status check returned False (loop #91)
2025-09-03 23:20:08,404 - automation.health_monitor - WARNING - Executing emergency response sequence...
2025-09-03 23:20:08,626 - automation.health_monitor - INFO - Emergency response sequence completed
2025-09-03 23:20:08,626 - automation.health_monitor - WARNING - Emergency response executed (total: 8)
2025-09-03 23:20:10,746 - automation.health_monitor - WARNING - Executing emergency response sequence...
2025-09-03 23:20:10,949 - automation.health_monitor - INFO - Emergency response sequence completed
2025-09-03 23:20:10,949 - automation.health_monitor - WARNING - Emergency response executed (total: 9)
2025-09-03 23:20:13,369 - automation.health_monitor - WARNING - Executing emergency response sequence...
2025-09-03 23:20:13,571 - automation.health_monitor - INFO - Emergency response sequence completed
2025-09-03 23:20:13,571 - automation.health_monitor - WARNING - Emergency response executed (total: 10)
2025-09-03 23:20:16,062 - automation.health_monitor - WARNING - Executing emergency response sequence...
2025-09-03 23:20:16,264 - automation.health_monitor - INFO - Emergency response sequence completed
2025-09-03 23:20:16,264 - automation.health_monitor - WARNING - Emergency response executed (total: 11)
2025-09-03 23:26:37,924 - cyclops - INFO - Starting Cyclops Desktop Automation Application
2025-09-03 23:26:38,091 - utils.config_manager - INFO - Configuration loaded from config/default_config.json
2025-09-03 23:26:38,092 - utils.config_manager - INFO - Configuration manager initialized with: config/default_config.json
2025-09-03 23:26:38,092 - core.screen_capture - INFO - Screen resolution: 1920x1080
2025-09-03 23:26:38,092 - core.ocr_engine - INFO - Tesseract path set to: C:\Program Files\Tesseract-OCR\tesseract.exe
2025-09-03 23:26:38,092 - core.ocr_engine - INFO - OCR Engine initialized with language: eng
2025-09-03 23:26:38,092 - core.computer_vision - INFO - Computer Vision engine initialized
2025-09-03 23:26:38,092 - core.input_simulator - INFO - Input Simulator initialized
2025-09-03 23:26:38,093 - core.state_monitor - INFO - State Monitor initialized
2025-09-03 23:26:38,093 - core.computer_vision - INFO - Computer Vision engine initialized
2025-09-03 23:26:38,093 - automation.rune_creation - INFO - Rune Creation Automation initialized
2025-09-03 23:26:38,093 - automation.food_eating - INFO - Food Eating Automation initialized
2025-09-03 23:26:38,093 - automation.health_monitor - INFO - Health Monitor Automation initialized
2025-09-03 23:26:38,093 - automation.workflow_manager - INFO - All automation modules initialized
2025-09-03 23:26:38,093 - automation.workflow_manager - INFO - Workflow Manager initialized
2025-09-03 23:26:38,111 - gui.region_selector - INFO - Region overlay created at (1299, 617) - Border only
2025-09-03 23:26:38,111 - gui.main_window - INFO - Persistent overlay created at (1299, 617) - 148x93
2025-09-03 23:26:38,111 - automation.workflow_manager - INFO - Registered callback for health_monitoring
2025-09-03 23:26:38,111 - gui.main_window - INFO - Main window initialized
2025-09-03 23:26:38,111 - cyclops - INFO - Application started successfully
2025-09-03 23:28:20,320 - cyclops - INFO - Starting Cyclops Desktop Automation Application
2025-09-03 23:28:20,486 - utils.config_manager - INFO - Configuration loaded from config/default_config.json
2025-09-03 23:28:20,486 - utils.config_manager - INFO - Configuration manager initialized with: config/default_config.json
2025-09-03 23:28:20,487 - core.screen_capture - INFO - Screen resolution: 1920x1080
2025-09-03 23:28:20,487 - core.ocr_engine - INFO - Tesseract path set to: C:\Program Files\Tesseract-OCR\tesseract.exe
2025-09-03 23:28:20,487 - core.ocr_engine - INFO - OCR Engine initialized with language: eng
2025-09-03 23:28:20,487 - core.computer_vision - INFO - Computer Vision engine initialized
2025-09-03 23:28:20,487 - core.input_simulator - INFO - Input Simulator initialized
2025-09-03 23:28:20,487 - core.state_monitor - INFO - State Monitor initialized
2025-09-03 23:28:20,487 - core.computer_vision - INFO - Computer Vision engine initialized
2025-09-03 23:28:20,487 - automation.rune_creation - INFO - Rune Creation Automation initialized
2025-09-03 23:28:20,487 - automation.food_eating - INFO - Food Eating Automation initialized
2025-09-03 23:28:20,487 - automation.health_monitor - INFO - Health Monitor Automation initialized
2025-09-03 23:28:20,487 - automation.workflow_manager - INFO - All automation modules initialized
2025-09-03 23:28:20,487 - automation.workflow_manager - INFO - Workflow Manager initialized
2025-09-03 23:28:20,505 - gui.region_selector - INFO - Region overlay created at (1299, 617) - Border only
2025-09-03 23:28:20,505 - gui.main_window - INFO - Persistent overlay created at (1299, 617) - 148x93
2025-09-03 23:28:20,506 - automation.workflow_manager - INFO - Registered callback for health_monitoring
2025-09-03 23:28:20,506 - gui.main_window - INFO - Main window initialized
2025-09-03 23:28:20,506 - cyclops - INFO - Application started successfully
2025-09-03 23:28:39,790 - gui.region_selector - INFO - Region overlay destroyed
2025-09-03 23:28:39,791 - gui.region_selector - INFO - Region overlay created at (50, 50) - Border only
2025-09-03 23:28:39,791 - gui.main_window - INFO - Persistent overlay created at (50, 50) - 200x20
2025-09-03 23:28:39,791 - gui.main_window - INFO - Health region cleared and reset to default
2025-09-03 23:28:41,865 - gui.region_selector - INFO - Region selector initialized
2025-09-03 23:28:45,919 - gui.region_selector - INFO - Region selected: X:1424, Y:597, W:118, H:43
2025-09-03 23:28:47,142 - gui.region_selector - INFO - Region overlay destroyed
2025-09-03 23:28:47,146 - gui.region_selector - INFO - Region overlay created at (1424, 597) - Border only
2025-09-03 23:28:47,148 - gui.main_window - INFO - Persistent overlay created at (1424, 597) - 118x43
2025-09-03 23:28:47,199 - gui.main_window - INFO - Health region selected: {'x': 1424, 'y': 597, 'width': 118, 'height': 43}
2025-09-03 23:28:58,910 - gui.main_window - INFO - Starting automations: ['health_monitoring']
2025-09-03 23:28:58,910 - automation.workflow_manager - ERROR - Unknown automation: health_monitoring
2025-09-03 23:28:58,911 - automation.workflow_manager - ERROR - Unknown workflow: custom_automation
2025-09-03 23:28:58,911 - gui.main_window - ERROR - Failed to start custom workflow
2025-09-03 23:29:08,764 - gui.main_window - INFO - Starting automations: ['health_monitoring']
2025-09-03 23:29:08,764 - automation.workflow_manager - ERROR - Unknown automation: health_monitoring
2025-09-03 23:29:08,765 - automation.workflow_manager - ERROR - Unknown workflow: custom_automation
2025-09-03 23:29:08,765 - gui.main_window - ERROR - Failed to start custom workflow
2025-09-03 23:29:55,067 - cyclops - INFO - Starting Cyclops Desktop Automation Application
2025-09-03 23:29:55,231 - utils.config_manager - INFO - Configuration loaded from config/default_config.json
2025-09-03 23:29:55,232 - utils.config_manager - INFO - Configuration manager initialized with: config/default_config.json
2025-09-03 23:29:55,232 - core.screen_capture - INFO - Screen resolution: 1920x1080
2025-09-03 23:29:55,232 - core.ocr_engine - INFO - Tesseract path set to: C:\Program Files\Tesseract-OCR\tesseract.exe
2025-09-03 23:29:55,233 - core.ocr_engine - INFO - OCR Engine initialized with language: eng
2025-09-03 23:29:55,233 - core.computer_vision - INFO - Computer Vision engine initialized
2025-09-03 23:29:55,233 - core.input_simulator - INFO - Input Simulator initialized
2025-09-03 23:29:55,233 - core.state_monitor - INFO - State Monitor initialized
2025-09-03 23:29:55,233 - core.computer_vision - INFO - Computer Vision engine initialized
2025-09-03 23:29:55,233 - automation.rune_creation - INFO - Rune Creation Automation initialized
2025-09-03 23:29:55,233 - automation.food_eating - INFO - Food Eating Automation initialized
2025-09-03 23:29:55,234 - automation.health_monitor - INFO - Health Monitor Automation initialized
2025-09-03 23:29:55,234 - automation.workflow_manager - INFO - All automation modules initialized
2025-09-03 23:29:55,234 - automation.workflow_manager - INFO - Workflow Manager initialized
2025-09-03 23:29:55,252 - gui.region_selector - INFO - Region overlay created at (1299, 617) - Border only
2025-09-03 23:29:55,253 - gui.main_window - INFO - Persistent overlay created at (1299, 617) - 148x93
2025-09-03 23:29:55,253 - automation.workflow_manager - INFO - Registered callback for health_monitoring
2025-09-03 23:29:55,253 - gui.main_window - INFO - Main window initialized
2025-09-03 23:29:55,253 - cyclops - INFO - Application started successfully
2025-09-03 23:30:31,579 - cyclops - INFO - Starting Cyclops Desktop Automation Application
2025-09-03 23:30:31,740 - utils.config_manager - INFO - Configuration loaded from config/default_config.json
2025-09-03 23:30:31,741 - utils.config_manager - INFO - Configuration manager initialized with: config/default_config.json
2025-09-03 23:30:31,741 - core.screen_capture - INFO - Screen resolution: 1920x1080
2025-09-03 23:30:31,741 - core.ocr_engine - INFO - Tesseract path set to: C:\Program Files\Tesseract-OCR\tesseract.exe
2025-09-03 23:30:31,741 - core.ocr_engine - INFO - OCR Engine initialized with language: eng
2025-09-03 23:30:31,741 - core.computer_vision - INFO - Computer Vision engine initialized
2025-09-03 23:30:31,741 - core.input_simulator - INFO - Input Simulator initialized
2025-09-03 23:30:31,741 - core.state_monitor - INFO - State Monitor initialized
2025-09-03 23:30:31,741 - core.computer_vision - INFO - Computer Vision engine initialized
2025-09-03 23:30:31,741 - automation.rune_creation - INFO - Rune Creation Automation initialized
2025-09-03 23:30:31,741 - automation.food_eating - INFO - Food Eating Automation initialized
2025-09-03 23:30:31,742 - automation.health_monitor - INFO - Health Monitor Automation initialized
2025-09-03 23:30:31,742 - automation.workflow_manager - INFO - All automation modules initialized
2025-09-03 23:30:31,742 - automation.workflow_manager - INFO - Workflow Manager initialized
2025-09-03 23:30:31,764 - gui.region_selector - INFO - Region overlay created at (1299, 617) - Border only
2025-09-03 23:30:31,765 - gui.main_window - INFO - Persistent overlay created at (1299, 617) - 148x93
2025-09-03 23:30:31,765 - automation.workflow_manager - INFO - Registered callback for health_monitoring
2025-09-03 23:30:31,765 - gui.main_window - INFO - Main window initialized
2025-09-03 23:30:31,765 - cyclops - INFO - Application started successfully
2025-09-03 23:31:11,667 - gui.region_selector - INFO - Region selector initialized
2025-09-03 23:31:15,210 - gui.region_selector - INFO - Region selected: X:1430, Y:611, W:106, H:34
2025-09-03 23:31:15,960 - gui.region_selector - INFO - Region overlay destroyed
2025-09-03 23:31:15,963 - gui.region_selector - INFO - Region overlay created at (1430, 611) - Border only
2025-09-03 23:31:15,966 - gui.main_window - INFO - Persistent overlay created at (1430, 611) - 106x34
2025-09-03 23:31:16,025 - gui.main_window - INFO - Health region selected: {'x': 1430, 'y': 611, 'width': 106, 'height': 34}
2025-09-03 23:31:21,792 - gui.main_window - INFO - Starting automations: ['health_monitor']
2025-09-03 23:31:21,792 - automation.workflow_manager - INFO - Created custom workflow: custom_automation
2025-09-03 23:31:21,793 - automation.workflow_manager - INFO - Starting workflow: custom_automation
2025-09-03 23:31:21,793 - automation.workflow_manager - INFO - Running automation: health_monitor
2025-09-03 23:31:21,793 - automation.workflow_manager - INFO - Started automation: health_monitor
2025-09-03 23:31:21,793 - automation.health_monitor - INFO - Starting health monitoring automation
2025-09-03 23:31:21,793 - automation.workflow_manager - INFO - Workflow 'custom_automation' started successfully
2025-09-03 23:31:21,793 - automation.health_monitor - INFO - Setting up health monitoring:
2025-09-03 23:31:21,794 - automation.health_monitor - INFO -   Region: (1430, 611, 106, 34)
2025-09-03 23:31:21,795 - automation.health_monitor - INFO -   Low health threshold: 50.0%
2025-09-03 23:31:21,795 - automation.health_monitor - INFO -   Max health: 800
2025-09-03 23:31:21,795 - core.state_monitor - INFO - Registered condition: image_search_monitor
2025-09-03 23:31:21,796 - automation.health_monitor - INFO - Setup health monitoring with condition: image_search_monitor
2025-09-03 23:31:21,828 - core.state_monitor - INFO - State monitoring started
2025-09-03 23:31:21,838 - gui.region_selector - INFO - Region overlay created at (1430, 611) - Border only
2025-09-03 23:31:21,839 - automation.health_monitor - INFO - Region overlay created
2025-09-03 23:31:21,842 - automation.health_monitor - INFO - Starting health monitoring loop...
2025-09-03 23:31:21,843 - automation.health_monitor - INFO - Health monitoring active - Image found! Confidence: 0.997
2025-09-03 23:31:31,282 - core.state_monitor - INFO - SUCCESS, IMAGE FOUND! (Confidence: 0.997)
2025-09-03 23:31:31,282 - gui.main_window - INFO - PageDown test: SUCCESS, IMAGE FOUND!
2025-09-03 23:31:34,886 - core.state_monitor - INFO - SUCCESS, IMAGE FOUND! (Confidence: 0.997)
2025-09-03 23:31:34,886 - gui.main_window - INFO - PageDown test: SUCCESS, IMAGE FOUND!
2025-09-03 23:31:42,761 - core.state_monitor - INFO - SUCCESS, IMAGE FOUND! (Confidence: 0.997)
2025-09-03 23:31:42,761 - gui.main_window - INFO - PageDown test: SUCCESS, IMAGE FOUND!
2025-09-03 23:31:43,317 - core.state_monitor - INFO - SUCCESS, IMAGE FOUND! (Confidence: 0.997)
2025-09-03 23:31:43,317 - gui.main_window - INFO - PageDown test: SUCCESS, IMAGE FOUND!
2025-09-03 23:31:49,229 - core.state_monitor - INFO - SUCCESS, IMAGE FOUND! (Confidence: 0.997)
2025-09-03 23:31:49,230 - gui.main_window - INFO - PageDown test: SUCCESS, IMAGE FOUND!
2025-09-03 23:31:49,789 - core.state_monitor - INFO - SUCCESS, IMAGE FOUND! (Confidence: 0.997)
2025-09-03 23:31:49,789 - gui.main_window - INFO - PageDown test: SUCCESS, IMAGE FOUND!
2025-09-03 23:31:50,675 - core.state_monitor - INFO - SUCCESS, IMAGE FOUND! (Confidence: 0.997)
2025-09-03 23:31:50,676 - gui.main_window - INFO - PageDown test: SUCCESS, IMAGE FOUND!
2025-09-03 23:31:52,057 - core.state_monitor - INFO - SUCCESS, IMAGE FOUND! (Confidence: 0.997)
2025-09-03 23:31:52,057 - gui.main_window - INFO - PageDown test: SUCCESS, IMAGE FOUND!
2025-09-03 23:32:09,837 - core.state_monitor - INFO - SUCCESS, IMAGE FOUND! (Confidence: 0.997)
2025-09-03 23:32:09,838 - gui.main_window - INFO - PageDown test: SUCCESS, IMAGE FOUND!
2025-09-03 23:32:10,630 - core.state_monitor - INFO - SUCCESS, IMAGE FOUND! (Confidence: 0.997)
2025-09-03 23:32:10,630 - gui.main_window - INFO - PageDown test: SUCCESS, IMAGE FOUND!
2025-09-03 23:32:11,971 - core.state_monitor - INFO - SUCCESS, IMAGE FOUND! (Confidence: 0.997)
2025-09-03 23:32:11,971 - gui.main_window - INFO - PageDown test: SUCCESS, IMAGE FOUND!
2025-09-03 23:32:12,462 - core.state_monitor - INFO - SUCCESS, IMAGE FOUND! (Confidence: 0.997)
2025-09-03 23:32:12,463 - gui.main_window - INFO - PageDown test: SUCCESS, IMAGE FOUND!
2025-09-03 23:32:12,809 - core.state_monitor - INFO - SUCCESS, IMAGE FOUND! (Confidence: 0.997)
2025-09-03 23:32:12,809 - gui.main_window - INFO - PageDown test: SUCCESS, IMAGE FOUND!
2025-09-03 23:32:13,270 - core.state_monitor - INFO - SUCCESS, IMAGE FOUND! (Confidence: 0.997)
2025-09-03 23:32:13,270 - gui.main_window - INFO - PageDown test: SUCCESS, IMAGE FOUND!
2025-09-03 23:32:17,914 - automation.health_monitor - WARNING - HEALTH IMAGE NOT FOUND! Emergency detected !!
2025-09-03 23:32:17,915 - automation.health_monitor - WARNING - Executing emergency response sequence...
2025-09-03 23:32:18,119 - automation.health_monitor - INFO - Emergency response sequence completed
2025-09-03 23:32:18,119 - automation.health_monitor - WARNING - Emergency response executed (total: 1)
2025-09-03 23:32:20,127 - automation.health_monitor - WARNING - Executing emergency response sequence...
2025-09-03 23:32:20,329 - automation.health_monitor - INFO - Emergency response sequence completed
2025-09-03 23:32:20,329 - automation.health_monitor - WARNING - Emergency response executed (total: 2)
2025-09-03 23:32:22,791 - automation.health_monitor - WARNING - Executing emergency response sequence...
2025-09-03 23:32:22,994 - automation.health_monitor - INFO - Emergency response sequence completed
2025-09-03 23:32:22,994 - automation.health_monitor - WARNING - Emergency response executed (total: 3)
2025-09-03 23:32:25,417 - automation.health_monitor - WARNING - Executing emergency response sequence...
2025-09-03 23:32:25,619 - automation.health_monitor - INFO - Emergency response sequence completed
2025-09-03 23:32:25,619 - automation.health_monitor - WARNING - Emergency response executed (total: 4)
2025-09-03 23:32:27,078 - core.state_monitor - WARNING - HEALTH IMAGE NOT FOUND! (Confidence: 0.434 < 0.8)
2025-09-03 23:32:27,078 - gui.main_window - WARNING - PageDown test: HEALTH IMAGE NOT FOUND!
2025-09-03 23:32:27,681 - automation.health_monitor - WARNING - Executing emergency response sequence...
2025-09-03 23:32:27,883 - automation.health_monitor - INFO - Emergency response sequence completed
2025-09-03 23:32:27,883 - automation.health_monitor - WARNING - Emergency response executed (total: 5)
2025-09-03 23:32:30,368 - automation.health_monitor - WARNING - Executing emergency response sequence...
2025-09-03 23:32:30,570 - automation.health_monitor - INFO - Emergency response sequence completed
2025-09-03 23:32:30,570 - automation.health_monitor - WARNING - Emergency response executed (total: 6)
2025-09-03 23:32:32,985 - automation.health_monitor - WARNING - Executing emergency response sequence...
2025-09-03 23:32:33,187 - automation.health_monitor - INFO - Emergency response sequence completed
2025-09-03 23:32:33,187 - automation.health_monitor - WARNING - Emergency response executed (total: 7)
2025-09-03 23:32:39,062 - core.state_monitor - INFO - SUCCESS, IMAGE FOUND! (Confidence: 0.998)
2025-09-03 23:32:39,062 - gui.main_window - INFO - PageDown test: SUCCESS, IMAGE FOUND!
2025-09-03 23:36:35,320 - cyclops - INFO - Starting Cyclops Desktop Automation Application
2025-09-03 23:36:35,488 - utils.config_manager - INFO - Configuration loaded from config/default_config.json
2025-09-03 23:36:35,488 - utils.config_manager - INFO - Configuration manager initialized with: config/default_config.json
2025-09-03 23:36:35,489 - core.screen_capture - INFO - Screen resolution: 1920x1080
2025-09-03 23:36:35,489 - core.ocr_engine - INFO - Tesseract path set to: C:\Program Files\Tesseract-OCR\tesseract.exe
2025-09-03 23:36:35,489 - core.ocr_engine - INFO - OCR Engine initialized with language: eng
2025-09-03 23:36:35,489 - core.computer_vision - INFO - Computer Vision engine initialized
2025-09-03 23:36:35,489 - core.input_simulator - INFO - Input Simulator initialized
2025-09-03 23:36:35,489 - core.state_monitor - INFO - State Monitor initialized
2025-09-03 23:36:35,489 - core.computer_vision - INFO - Computer Vision engine initialized
2025-09-03 23:36:35,490 - automation.rune_creation - INFO - Rune Creation Automation initialized
2025-09-03 23:36:35,490 - automation.food_eating - INFO - Food Eating Automation initialized
2025-09-03 23:36:35,490 - automation.health_monitor - INFO - Health Monitor Automation initialized
2025-09-03 23:36:35,490 - automation.workflow_manager - INFO - All automation modules initialized
2025-09-03 23:36:35,490 - automation.workflow_manager - INFO - Workflow Manager initialized
2025-09-03 23:36:35,514 - gui.region_selector - INFO - Region overlay created at (1299, 617) - Border only
2025-09-03 23:36:35,514 - gui.main_window - INFO - Persistent overlay created at (1299, 617) - 148x93
2025-09-03 23:36:35,514 - automation.workflow_manager - INFO - Registered callback for health_monitoring
2025-09-03 23:36:35,514 - gui.main_window - INFO - Main window initialized
2025-09-03 23:36:35,515 - cyclops - INFO - Application started successfully
2025-09-03 23:36:59,300 - cyclops - INFO - Starting Cyclops Desktop Automation Application
2025-09-03 23:36:59,465 - utils.config_manager - INFO - Configuration loaded from config/default_config.json
2025-09-03 23:36:59,465 - utils.config_manager - INFO - Configuration manager initialized with: config/default_config.json
2025-09-03 23:36:59,466 - core.screen_capture - INFO - Screen resolution: 1920x1080
2025-09-03 23:36:59,466 - core.ocr_engine - INFO - Tesseract path set to: C:\Program Files\Tesseract-OCR\tesseract.exe
2025-09-03 23:36:59,466 - core.ocr_engine - INFO - OCR Engine initialized with language: eng
2025-09-03 23:36:59,466 - core.computer_vision - INFO - Computer Vision engine initialized
2025-09-03 23:36:59,466 - core.input_simulator - INFO - Input Simulator initialized
2025-09-03 23:36:59,466 - core.state_monitor - INFO - State Monitor initialized
2025-09-03 23:36:59,466 - core.computer_vision - INFO - Computer Vision engine initialized
2025-09-03 23:36:59,466 - automation.rune_creation - INFO - Rune Creation Automation initialized
2025-09-03 23:36:59,466 - automation.food_eating - INFO - Food Eating Automation initialized
2025-09-03 23:36:59,466 - automation.health_monitor - INFO - Health Monitor Automation initialized
2025-09-03 23:36:59,466 - automation.workflow_manager - INFO - All automation modules initialized
2025-09-03 23:36:59,466 - automation.workflow_manager - INFO - Workflow Manager initialized
2025-09-03 23:36:59,487 - gui.region_selector - INFO - Region overlay created at (1299, 617) - Border only
2025-09-03 23:36:59,487 - gui.main_window - INFO - Persistent overlay created at (1299, 617) - 148x93
2025-09-03 23:36:59,487 - automation.workflow_manager - INFO - Registered callback for health_monitoring
2025-09-03 23:36:59,487 - gui.main_window - INFO - Main window initialized
2025-09-03 23:36:59,487 - cyclops - INFO - Application started successfully
2025-09-03 23:37:15,607 - gui.region_selector - INFO - Region selector initialized
2025-09-03 23:37:18,081 - gui.region_selector - INFO - Region selected: X:1751, Y:598, W:106, H:34
2025-09-03 23:37:20,133 - gui.region_selector - INFO - Region overlay destroyed
2025-09-03 23:37:20,136 - gui.region_selector - INFO - Region overlay created at (1751, 598) - Border only
2025-09-03 23:37:20,138 - gui.main_window - INFO - Persistent overlay created at (1751, 598) - 106x34
2025-09-03 23:37:20,201 - gui.main_window - INFO - Health region selected: {'x': 1751, 'y': 598, 'width': 106, 'height': 34}
2025-09-03 23:37:26,290 - core.state_monitor - INFO - SUCCESS, IMAGE FOUND! (Confidence: 0.998)
2025-09-03 23:37:26,290 - gui.main_window - INFO - PageDown test: SUCCESS, IMAGE FOUND!
2025-09-03 23:37:27,256 - core.state_monitor - INFO - SUCCESS, IMAGE FOUND! (Confidence: 0.998)
2025-09-03 23:37:27,256 - gui.main_window - INFO - PageDown test: SUCCESS, IMAGE FOUND!
2025-09-03 23:37:43,145 - gui.region_selector - INFO - Started recording 1 emergency clicks
2025-09-03 23:37:45,632 - gui.region_selector - INFO - Recorded click 1 at (1254, 490)
2025-09-03 23:37:45,633 - gui.region_selector - INFO - Finished recording 1 emergency clicks
2025-09-03 23:37:52,296 - gui.region_selector - INFO - Recorded click 2 at (533, 541)
2025-09-03 23:37:52,296 - gui.region_selector - INFO - Finished recording 2 emergency clicks
2025-09-03 23:37:53,839 - gui.region_selector - INFO - Recorded click 3 at (639, 539)
2025-09-03 23:37:53,839 - gui.region_selector - INFO - Finished recording 3 emergency clicks
2025-09-03 23:37:57,911 - gui.region_selector - INFO - Emergency click recording cancelled
2025-09-03 23:40:24,654 - cyclops - INFO - Starting Cyclops Desktop Automation Application
2025-09-03 23:40:24,812 - utils.config_manager - INFO - Configuration loaded from config/default_config.json
2025-09-03 23:40:24,812 - utils.config_manager - INFO - Configuration manager initialized with: config/default_config.json
2025-09-03 23:40:24,812 - core.screen_capture - INFO - Screen resolution: 1920x1080
2025-09-03 23:40:24,812 - core.ocr_engine - INFO - Tesseract path set to: C:\Program Files\Tesseract-OCR\tesseract.exe
2025-09-03 23:40:24,813 - core.ocr_engine - INFO - OCR Engine initialized with language: eng
2025-09-03 23:40:24,813 - core.computer_vision - INFO - Computer Vision engine initialized
2025-09-03 23:40:24,813 - core.input_simulator - INFO - Input Simulator initialized
2025-09-03 23:40:24,813 - core.state_monitor - INFO - State Monitor initialized
2025-09-03 23:40:24,813 - core.computer_vision - INFO - Computer Vision engine initialized
2025-09-03 23:40:24,813 - automation.rune_creation - INFO - Rune Creation Automation initialized
2025-09-03 23:40:24,813 - automation.food_eating - INFO - Food Eating Automation initialized
2025-09-03 23:40:24,813 - automation.health_monitor - INFO - Health Monitor Automation initialized
2025-09-03 23:40:24,813 - automation.workflow_manager - INFO - All automation modules initialized
2025-09-03 23:40:24,813 - automation.workflow_manager - INFO - Workflow Manager initialized
2025-09-03 23:40:24,836 - gui.region_selector - INFO - Region overlay created at (1299, 617) - Border only
2025-09-03 23:40:24,836 - gui.main_window - INFO - Persistent overlay created at (1299, 617) - 148x93
2025-09-03 23:40:24,836 - automation.workflow_manager - INFO - Registered callback for health_monitoring
2025-09-03 23:40:24,836 - gui.main_window - INFO - Main window initialized
2025-09-03 23:40:24,836 - cyclops - INFO - Application started successfully
2025-09-03 23:41:05,709 - cyclops - INFO - Starting Cyclops Desktop Automation Application
2025-09-03 23:41:05,872 - utils.config_manager - INFO - Configuration loaded from config/default_config.json
2025-09-03 23:41:05,872 - utils.config_manager - INFO - Configuration manager initialized with: config/default_config.json
2025-09-03 23:41:05,872 - core.screen_capture - INFO - Screen resolution: 1920x1080
2025-09-03 23:41:05,873 - core.ocr_engine - INFO - Tesseract path set to: C:\Program Files\Tesseract-OCR\tesseract.exe
2025-09-03 23:41:05,873 - core.ocr_engine - INFO - OCR Engine initialized with language: eng
2025-09-03 23:41:05,873 - core.computer_vision - INFO - Computer Vision engine initialized
2025-09-03 23:41:05,873 - core.input_simulator - INFO - Input Simulator initialized
2025-09-03 23:41:05,873 - core.state_monitor - INFO - State Monitor initialized
2025-09-03 23:41:05,873 - core.computer_vision - INFO - Computer Vision engine initialized
2025-09-03 23:41:05,873 - automation.rune_creation - INFO - Rune Creation Automation initialized
2025-09-03 23:41:05,873 - automation.food_eating - INFO - Food Eating Automation initialized
2025-09-03 23:41:05,873 - automation.health_monitor - INFO - Health Monitor Automation initialized
2025-09-03 23:41:05,873 - automation.workflow_manager - INFO - All automation modules initialized
2025-09-03 23:41:05,873 - automation.workflow_manager - INFO - Workflow Manager initialized
2025-09-03 23:41:05,896 - gui.region_selector - INFO - Region overlay created at (1299, 617) - Border only
2025-09-03 23:41:05,897 - gui.main_window - INFO - Persistent overlay created at (1299, 617) - 148x93
2025-09-03 23:41:05,897 - automation.workflow_manager - INFO - Registered callback for health_monitoring
2025-09-03 23:41:05,897 - gui.main_window - INFO - Main window initialized
2025-09-03 23:41:05,897 - cyclops - INFO - Application started successfully
2025-09-03 23:41:18,969 - gui.region_selector - INFO - Region selector initialized
2025-09-03 23:41:20,486 - gui.region_selector - INFO - Region selected: X:1743, Y:596, W:127, H:45
2025-09-03 23:41:22,792 - gui.region_selector - INFO - Region overlay destroyed
2025-09-03 23:41:22,795 - gui.region_selector - INFO - Region overlay created at (1743, 596) - Border only
2025-09-03 23:41:22,798 - gui.main_window - INFO - Persistent overlay created at (1743, 596) - 127x45
2025-09-03 23:41:22,859 - gui.main_window - INFO - Health region selected: {'x': 1743, 'y': 596, 'width': 127, 'height': 45}
2025-09-03 23:41:25,009 - core.state_monitor - INFO - SUCCESS, IMAGE FOUND! (Confidence: 0.998)
2025-09-03 23:41:25,009 - gui.main_window - INFO - PageDown test: SUCCESS, IMAGE FOUND!
2025-09-03 23:41:25,811 - core.state_monitor - INFO - SUCCESS, IMAGE FOUND! (Confidence: 0.998)
2025-09-03 23:41:25,811 - gui.main_window - INFO - PageDown test: SUCCESS, IMAGE FOUND!
2025-09-03 23:41:35,706 - gui.region_selector - INFO - Started recording 2 emergency clicks
2025-09-03 23:41:37,799 - gui.region_selector - INFO - Recorded click 1 at (1271, 397)
2025-09-03 23:41:37,800 - gui.region_selector - INFO - Recorded click 2 at (1271, 397)
2025-09-03 23:41:37,800 - gui.region_selector - INFO - Recording complete! Got 2 clicks out of 2 requested
2025-09-03 23:41:37,800 - gui.region_selector - INFO - Finished recording 2 emergency clicks
2025-09-03 23:41:39,241 - gui.region_selector - INFO - Recorded click 3 at (1269, 334)
2025-09-03 23:41:39,241 - gui.region_selector - INFO - Recording complete! Got 3 clicks out of 2 requested
2025-09-03 23:41:39,242 - gui.region_selector - INFO - Finished recording 3 emergency clicks
2025-09-03 23:41:45,453 - gui.region_selector - INFO - Recorded click 4 at (669, 531)
2025-09-03 23:41:45,453 - gui.region_selector - INFO - Recording complete! Got 4 clicks out of 2 requested
2025-09-03 23:41:45,454 - gui.region_selector - INFO - Finished recording 4 emergency clicks
2025-09-03 23:41:46,202 - gui.region_selector - INFO - Recorded click 5 at (715, 567)
2025-09-03 23:41:46,202 - gui.region_selector - INFO - Recording complete! Got 5 clicks out of 2 requested
2025-09-03 23:41:46,203 - gui.region_selector - INFO - Finished recording 5 emergency clicks
2025-09-03 23:41:50,113 - gui.region_selector - INFO - Recorded click 6 at (745, 508)
2025-09-03 23:41:50,113 - gui.region_selector - INFO - Recording complete! Got 6 clicks out of 2 requested
2025-09-03 23:41:50,114 - gui.region_selector - INFO - Finished recording 6 emergency clicks
2025-09-03 23:41:50,846 - gui.region_selector - INFO - Recorded click 7 at (809, 549)
2025-09-03 23:41:50,846 - gui.region_selector - INFO - Recording complete! Got 7 clicks out of 2 requested
2025-09-03 23:41:50,847 - gui.region_selector - INFO - Finished recording 7 emergency clicks
2025-09-03 23:41:51,206 - gui.region_selector - INFO - Recorded click 8 at (877, 520)
2025-09-03 23:41:51,207 - gui.region_selector - INFO - Recording complete! Got 8 clicks out of 2 requested
2025-09-03 23:41:51,207 - gui.region_selector - INFO - Finished recording 8 emergency clicks
2025-09-03 23:41:53,009 - gui.main_window - INFO - Recorded 8 emergency click locations
2025-09-03 23:42:09,123 - gui.region_selector - INFO - Started recording 1 emergency clicks
2025-09-03 23:42:10,507 - gui.region_selector - INFO - Recorded click 1 at (1246, 495)
2025-09-03 23:42:10,508 - gui.region_selector - INFO - Recording complete! Got 1 clicks out of 1 requested
2025-09-03 23:42:10,508 - gui.region_selector - INFO - Finished recording 1 emergency clicks
2025-09-03 23:42:10,508 - gui.region_selector - INFO - Recorded click 2 at (1246, 495)
2025-09-03 23:42:10,509 - gui.region_selector - INFO - Recording complete! Got 2 clicks out of 1 requested
2025-09-03 23:42:10,509 - gui.region_selector - INFO - Finished recording 2 emergency clicks
2025-09-03 23:42:12,661 - gui.main_window - INFO - Recorded 2 emergency click locations
2025-09-03 23:42:22,934 - gui.main_window - INFO - Starting automations: ['health_monitor']
2025-09-03 23:42:22,935 - automation.workflow_manager - INFO - Created custom workflow: custom_automation
2025-09-03 23:42:22,935 - automation.workflow_manager - INFO - Starting workflow: custom_automation
2025-09-03 23:42:22,935 - automation.workflow_manager - INFO - Running automation: health_monitor
2025-09-03 23:42:22,936 - automation.workflow_manager - INFO - Started automation: health_monitor
2025-09-03 23:42:22,936 - automation.health_monitor - INFO - Starting health monitoring automation
2025-09-03 23:42:22,936 - automation.workflow_manager - INFO - Workflow 'custom_automation' started successfully
2025-09-03 23:42:22,936 - automation.health_monitor - INFO - Setting up health monitoring:
2025-09-03 23:42:22,937 - automation.health_monitor - INFO -   Region: (1743, 596, 127, 45)
2025-09-03 23:42:22,938 - automation.health_monitor - INFO -   Low health threshold: 50.0%
2025-09-03 23:42:22,939 - automation.health_monitor - INFO -   Max health: 800
2025-09-03 23:42:22,939 - core.state_monitor - INFO - Registered condition: image_search_monitor
2025-09-03 23:42:22,940 - automation.health_monitor - INFO - Setup health monitoring with condition: image_search_monitor
2025-09-03 23:42:22,959 - core.state_monitor - INFO - State monitoring started
2025-09-03 23:42:23,002 - gui.region_selector - INFO - Region overlay created at (1743, 596) - Border only
2025-09-03 23:42:23,002 - automation.health_monitor - INFO - Region overlay created
2025-09-03 23:42:23,006 - automation.health_monitor - INFO - Starting health monitoring loop...
2025-09-03 23:42:23,008 - automation.health_monitor - INFO - Health monitoring active - Image found! Confidence: 0.998
2025-09-03 23:43:19,714 - automation.health_monitor - WARNING - HEALTH IMAGE NOT FOUND! Emergency detected !!
2025-09-03 23:43:19,715 - automation.health_monitor - WARNING - Executing emergency response sequence...
2025-09-03 23:43:19,715 - automation.health_monitor - INFO - Executing 2 emergency clicks
2025-09-03 23:43:21,742 - automation.health_monitor - INFO - Emergency clicks executed successfully
2025-09-03 23:43:21,742 - automation.health_monitor - INFO - Emergency response sequence completed
2025-09-03 23:43:21,743 - automation.health_monitor - WARNING - Emergency response executed (total: 1)
2025-09-03 23:43:24,134 - automation.health_monitor - WARNING - Executing emergency response sequence...
2025-09-03 23:43:24,135 - automation.health_monitor - INFO - Executing 2 emergency clicks
2025-09-03 23:43:26,186 - automation.health_monitor - INFO - Emergency clicks executed successfully
2025-09-03 23:43:26,186 - automation.health_monitor - INFO - Emergency response sequence completed
2025-09-03 23:43:26,186 - automation.health_monitor - WARNING - Emergency response executed (total: 2)
2025-09-03 23:43:28,268 - automation.health_monitor - WARNING - Executing emergency response sequence...
2025-09-03 23:43:28,268 - automation.health_monitor - INFO - Executing 2 emergency clicks
2025-09-03 23:43:30,289 - automation.health_monitor - INFO - Emergency clicks executed successfully
2025-09-03 23:43:30,289 - automation.health_monitor - INFO - Emergency response sequence completed
2025-09-03 23:43:30,289 - automation.health_monitor - WARNING - Emergency response executed (total: 3)
2025-09-03 23:43:32,742 - automation.health_monitor - WARNING - Executing emergency response sequence...
2025-09-03 23:43:32,743 - automation.health_monitor - INFO - Executing 2 emergency clicks
2025-09-03 23:43:34,778 - automation.health_monitor - INFO - Emergency clicks executed successfully
2025-09-03 23:43:34,778 - automation.health_monitor - INFO - Emergency response sequence completed
2025-09-03 23:43:34,779 - automation.health_monitor - WARNING - Emergency response executed (total: 4)
2025-09-03 23:43:37,234 - automation.health_monitor - WARNING - Executing emergency response sequence...
2025-09-03 23:43:37,235 - automation.health_monitor - INFO - Executing 2 emergency clicks
2025-09-03 23:43:39,292 - automation.health_monitor - INFO - Emergency clicks executed successfully
2025-09-03 23:43:39,292 - automation.health_monitor - INFO - Emergency response sequence completed
2025-09-03 23:43:39,292 - automation.health_monitor - WARNING - Emergency response executed (total: 5)
2025-09-03 23:43:41,728 - automation.health_monitor - WARNING - Executing emergency response sequence...
2025-09-03 23:43:41,728 - automation.health_monitor - INFO - Executing 2 emergency clicks
2025-09-03 23:43:43,746 - automation.health_monitor - INFO - Emergency clicks executed successfully
2025-09-03 23:43:43,746 - automation.health_monitor - INFO - Emergency response sequence completed
2025-09-03 23:43:43,746 - automation.health_monitor - WARNING - Emergency response executed (total: 6)
2025-09-03 23:43:45,859 - automation.health_monitor - WARNING - Executing emergency response sequence...
2025-09-03 23:43:45,860 - automation.health_monitor - INFO - Executing 2 emergency clicks
2025-09-03 23:43:47,881 - automation.health_monitor - INFO - Emergency clicks executed successfully
2025-09-03 23:43:47,881 - automation.health_monitor - INFO - Emergency response sequence completed
2025-09-03 23:43:47,881 - automation.health_monitor - WARNING - Emergency response executed (total: 7)
2025-09-03 23:43:49,949 - automation.health_monitor - WARNING - Executing emergency response sequence...
2025-09-03 23:43:49,949 - automation.health_monitor - INFO - Executing 2 emergency clicks
2025-09-03 23:43:51,993 - automation.health_monitor - INFO - Emergency clicks executed successfully
2025-09-03 23:43:51,993 - automation.health_monitor - INFO - Emergency response sequence completed
2025-09-03 23:43:51,994 - automation.health_monitor - WARNING - Emergency response executed (total: 8)
2025-09-03 23:43:54,499 - automation.health_monitor - WARNING - Executing emergency response sequence...
2025-09-03 23:43:54,500 - automation.health_monitor - INFO - Executing 2 emergency clicks
2025-09-03 23:43:56,518 - automation.health_monitor - INFO - Emergency clicks executed successfully
2025-09-03 23:43:56,518 - automation.health_monitor - INFO - Emergency response sequence completed
2025-09-03 23:43:56,519 - automation.health_monitor - WARNING - Emergency response executed (total: 9)
2025-09-03 23:43:58,538 - automation.health_monitor - WARNING - Executing emergency response sequence...
2025-09-03 23:43:58,539 - automation.health_monitor - INFO - Executing 2 emergency clicks
2025-09-03 23:44:00,577 - automation.health_monitor - INFO - Emergency clicks executed successfully
2025-09-03 23:44:00,577 - automation.health_monitor - INFO - Emergency response sequence completed
2025-09-03 23:44:00,577 - automation.health_monitor - WARNING - Emergency response executed (total: 10)
2025-09-03 23:44:05,899 - gui.main_window - INFO - Stopping all automations
2025-09-03 23:44:05,899 - automation.workflow_manager - INFO - Stopping workflow: custom_automation
2025-09-03 23:44:05,900 - automation.health_monitor - INFO - Stopping health monitoring automation
2025-09-03 23:44:05,904 - gui.region_selector - INFO - Region overlay destroyed
2025-09-03 23:44:06,202 - core.state_monitor - INFO - State monitoring stopped
2025-09-03 23:44:06,202 - automation.health_monitor - INFO - Health monitoring automation stopped. Emergency responses: 10
2025-09-03 23:44:06,202 - automation.workflow_manager - INFO - Stopped automation: health_monitor
2025-09-03 23:44:06,203 - automation.workflow_manager - INFO - Workflow 'custom_automation' stopped successfully
2025-09-03 23:46:53,059 - cyclops - INFO - Starting Cyclops Desktop Automation Application
2025-09-03 23:46:53,223 - utils.config_manager - INFO - Configuration loaded from config/default_config.json
2025-09-03 23:46:53,223 - utils.config_manager - INFO - Configuration manager initialized with: config/default_config.json
2025-09-03 23:46:53,223 - core.screen_capture - INFO - Screen resolution: 1920x1080
2025-09-03 23:46:53,223 - core.ocr_engine - INFO - Tesseract path set to: C:\Program Files\Tesseract-OCR\tesseract.exe
2025-09-03 23:46:53,223 - core.ocr_engine - INFO - OCR Engine initialized with language: eng
2025-09-03 23:46:53,224 - core.computer_vision - INFO - Computer Vision engine initialized
2025-09-03 23:46:53,224 - core.input_simulator - INFO - Input Simulator initialized
2025-09-03 23:46:53,224 - core.state_monitor - INFO - State Monitor initialized
2025-09-03 23:46:53,224 - core.computer_vision - INFO - Computer Vision engine initialized
2025-09-03 23:46:53,224 - automation.rune_creation - INFO - Rune Creation Automation initialized
2025-09-03 23:46:53,224 - automation.food_eating - INFO - Food Eating Automation initialized
2025-09-03 23:46:53,224 - automation.health_monitor - INFO - Health Monitor Automation initialized
2025-09-03 23:46:53,224 - automation.workflow_manager - INFO - All automation modules initialized
2025-09-03 23:46:53,224 - automation.workflow_manager - INFO - Workflow Manager initialized
2025-09-03 23:46:53,245 - gui.region_selector - INFO - Region overlay created at (1299, 617) - Border only
2025-09-03 23:46:53,245 - gui.main_window - INFO - Persistent overlay created at (1299, 617) - 148x93
2025-09-03 23:46:53,246 - automation.workflow_manager - INFO - Registered callback for health_monitoring
2025-09-03 23:46:53,246 - cyclops - ERROR - Failed to start application: 'WorkflowManager' object has no attribute 'get_automation'
2025-09-03 23:48:05,683 - cyclops - INFO - Starting Cyclops Desktop Automation Application
2025-09-03 23:48:05,845 - utils.config_manager - INFO - Configuration loaded from config/default_config.json
2025-09-03 23:48:05,845 - utils.config_manager - INFO - Configuration manager initialized with: config/default_config.json
2025-09-03 23:48:05,845 - core.screen_capture - INFO - Screen resolution: 1920x1080
2025-09-03 23:48:05,845 - core.ocr_engine - INFO - Tesseract path set to: C:\Program Files\Tesseract-OCR\tesseract.exe
2025-09-03 23:48:05,845 - core.ocr_engine - INFO - OCR Engine initialized with language: eng
2025-09-03 23:48:05,845 - core.computer_vision - INFO - Computer Vision engine initialized
2025-09-03 23:48:05,845 - core.input_simulator - INFO - Input Simulator initialized
2025-09-03 23:48:05,846 - core.state_monitor - INFO - State Monitor initialized
2025-09-03 23:48:05,846 - core.computer_vision - INFO - Computer Vision engine initialized
2025-09-03 23:48:05,846 - automation.rune_creation - INFO - Rune Creation Automation initialized
2025-09-03 23:48:05,846 - automation.food_eating - INFO - Food Eating Automation initialized
2025-09-03 23:48:05,846 - automation.health_monitor - INFO - Health Monitor Automation initialized
2025-09-03 23:48:05,846 - automation.workflow_manager - INFO - All automation modules initialized
2025-09-03 23:48:05,846 - automation.workflow_manager - INFO - Workflow Manager initialized
2025-09-03 23:48:05,867 - gui.region_selector - INFO - Region overlay created at (1299, 617) - Border only
2025-09-03 23:48:05,867 - gui.main_window - INFO - Persistent overlay created at (1299, 617) - 148x93
2025-09-03 23:48:05,867 - automation.workflow_manager - INFO - Registered callback for health_monitoring
2025-09-03 23:48:05,868 - cyclops - ERROR - Failed to start application: 'WorkflowManager' object has no attribute 'get_automation'
2025-09-03 23:50:14,839 - cyclops - INFO - Starting Cyclops Desktop Automation Application
2025-09-03 23:50:15,018 - utils.config_manager - INFO - Configuration loaded from config/default_config.json
2025-09-03 23:50:15,018 - utils.config_manager - INFO - Configuration manager initialized with: config/default_config.json
2025-09-03 23:50:15,018 - core.screen_capture - INFO - Screen resolution: 1920x1080
2025-09-03 23:50:15,018 - core.ocr_engine - INFO - Tesseract path set to: C:\Program Files\Tesseract-OCR\tesseract.exe
2025-09-03 23:50:15,019 - core.ocr_engine - INFO - OCR Engine initialized with language: eng
2025-09-03 23:50:15,019 - core.computer_vision - INFO - Computer Vision engine initialized
2025-09-03 23:50:15,019 - core.input_simulator - INFO - Input Simulator initialized
2025-09-03 23:50:15,019 - core.state_monitor - INFO - State Monitor initialized
2025-09-03 23:50:15,019 - core.computer_vision - INFO - Computer Vision engine initialized
2025-09-03 23:50:15,019 - automation.rune_creation - INFO - Rune Creation Automation initialized
2025-09-03 23:50:15,019 - automation.food_eating - INFO - Food Eating Automation initialized
2025-09-03 23:50:15,019 - automation.health_monitor - INFO - Health Monitor Automation initialized
2025-09-03 23:50:15,019 - automation.workflow_manager - INFO - All automation modules initialized
2025-09-03 23:50:15,019 - automation.workflow_manager - INFO - Workflow Manager initialized
2025-09-03 23:50:15,040 - gui.region_selector - INFO - Region overlay created at (1299, 617) - Border only
2025-09-03 23:50:15,040 - gui.main_window - INFO - Persistent overlay created at (1299, 617) - 148x93
2025-09-03 23:50:15,040 - automation.workflow_manager - INFO - Registered callback for health_monitor
2025-09-03 23:50:15,040 - gui.main_window - INFO - Main window initialized
2025-09-03 23:50:15,040 - cyclops - INFO - Application started successfully
2025-09-03 23:50:46,923 - cyclops - INFO - Starting Cyclops Desktop Automation Application
2025-09-03 23:50:47,087 - utils.config_manager - INFO - Configuration loaded from config/default_config.json
2025-09-03 23:50:47,087 - utils.config_manager - INFO - Configuration manager initialized with: config/default_config.json
2025-09-03 23:50:47,087 - core.screen_capture - INFO - Screen resolution: 1920x1080
2025-09-03 23:50:47,087 - core.ocr_engine - INFO - Tesseract path set to: C:\Program Files\Tesseract-OCR\tesseract.exe
2025-09-03 23:50:47,087 - core.ocr_engine - INFO - OCR Engine initialized with language: eng
2025-09-03 23:50:47,087 - core.computer_vision - INFO - Computer Vision engine initialized
2025-09-03 23:50:47,087 - core.input_simulator - INFO - Input Simulator initialized
2025-09-03 23:50:47,087 - core.state_monitor - INFO - State Monitor initialized
2025-09-03 23:50:47,088 - core.computer_vision - INFO - Computer Vision engine initialized
2025-09-03 23:50:47,088 - automation.rune_creation - INFO - Rune Creation Automation initialized
2025-09-03 23:50:47,088 - automation.food_eating - INFO - Food Eating Automation initialized
2025-09-03 23:50:47,088 - automation.health_monitor - INFO - Health Monitor Automation initialized
2025-09-03 23:50:47,088 - automation.workflow_manager - INFO - All automation modules initialized
2025-09-03 23:50:47,088 - automation.workflow_manager - INFO - Workflow Manager initialized
2025-09-03 23:50:47,109 - gui.region_selector - INFO - Region overlay created at (1299, 617) - Border only
2025-09-03 23:50:47,109 - gui.main_window - INFO - Persistent overlay created at (1299, 617) - 148x93
2025-09-03 23:50:47,109 - automation.workflow_manager - INFO - Registered callback for health_monitor
2025-09-03 23:50:47,109 - gui.main_window - INFO - Main window initialized
2025-09-03 23:50:47,109 - cyclops - INFO - Application started successfully
2025-09-03 23:51:09,843 - gui.region_selector - INFO - Region selector initialized
2025-09-03 23:51:11,844 - gui.region_selector - INFO - Region selected: X:1744, Y:593, W:124, H:38
2025-09-03 23:51:13,484 - gui.region_selector - INFO - Region overlay destroyed
2025-09-03 23:51:13,487 - gui.region_selector - INFO - Region overlay created at (1744, 593) - Border only
2025-09-03 23:51:13,489 - gui.main_window - INFO - Persistent overlay created at (1744, 593) - 124x38
2025-09-03 23:51:13,542 - gui.main_window - INFO - Health region selected: {'x': 1744, 'y': 593, 'width': 124, 'height': 38}
2025-09-03 23:51:22,266 - gui.region_selector - INFO - Started recording 3 emergency clicks
2025-09-03 23:51:23,686 - gui.region_selector - INFO - Recorded click 1 at (1270, 446)
2025-09-03 23:51:23,688 - gui.region_selector - INFO - Recorded click 2 at (1270, 446)
2025-09-03 23:51:27,278 - gui.region_selector - INFO - Recorded click 3 at (1303, 447)
2025-09-03 23:51:27,278 - gui.region_selector - INFO - Recording complete! Got 3 clicks out of 3 requested
2025-09-03 23:51:27,279 - gui.region_selector - INFO - Finished recording 3 emergency clicks
2025-09-03 23:51:27,279 - gui.region_selector - INFO - Recorded click 4 at (1303, 447)
2025-09-03 23:51:27,279 - gui.region_selector - INFO - Recording complete! Got 4 clicks out of 3 requested
2025-09-03 23:51:27,279 - gui.region_selector - INFO - Finished recording 4 emergency clicks
2025-09-03 23:51:34,149 - gui.region_selector - INFO - Recorded click 5 at (1335, 445)
2025-09-03 23:51:34,150 - gui.region_selector - INFO - Recording complete! Got 5 clicks out of 3 requested
2025-09-03 23:51:34,150 - gui.region_selector - INFO - Finished recording 5 emergency clicks
2025-09-03 23:51:38,122 - gui.region_selector - INFO - Recorded click 6 at (1365, 450)
2025-09-03 23:51:38,122 - gui.region_selector - INFO - Recording complete! Got 6 clicks out of 3 requested
2025-09-03 23:51:38,123 - gui.region_selector - INFO - Finished recording 6 emergency clicks
2025-09-03 23:51:40,971 - gui.main_window - INFO - Recorded 6 emergency click locations
2025-09-03 23:51:49,248 - core.state_monitor - INFO - SUCCESS, IMAGE FOUND! (Confidence: 0.998)
2025-09-03 23:51:49,248 - gui.main_window - INFO - PageDown test: SUCCESS, IMAGE FOUND!
2025-09-03 23:51:50,399 - core.state_monitor - INFO - SUCCESS, IMAGE FOUND! (Confidence: 0.998)
2025-09-03 23:51:50,399 - gui.main_window - INFO - PageDown test: SUCCESS, IMAGE FOUND!
2025-09-03 23:51:51,483 - gui.main_window - INFO - Starting automations: ['health_monitor']
2025-09-03 23:51:51,483 - automation.workflow_manager - INFO - Created custom workflow: custom_automation
2025-09-03 23:51:51,484 - automation.workflow_manager - INFO - Starting workflow: custom_automation
2025-09-03 23:51:51,484 - automation.workflow_manager - INFO - Running automation: health_monitor
2025-09-03 23:51:51,485 - automation.workflow_manager - INFO - Started automation: health_monitor
2025-09-03 23:51:51,485 - gui.main_window - INFO - Health monitoring started - updating overlay to green
2025-09-03 23:51:51,485 - automation.workflow_manager - INFO - Workflow 'custom_automation' started successfully
2025-09-03 23:51:51,488 - automation.health_monitor - INFO - Starting health monitoring automation
2025-09-03 23:51:51,488 - automation.health_monitor - INFO - Setting up health monitoring:
2025-09-03 23:51:51,489 - automation.health_monitor - INFO -   Region: (1744, 593, 124, 38)
2025-09-03 23:51:51,489 - automation.health_monitor - INFO -   Low health threshold: 50.0%
2025-09-03 23:51:51,490 - automation.health_monitor - INFO -   Max health: 800
2025-09-03 23:51:51,492 - core.state_monitor - INFO - Registered condition: image_search_monitor
2025-09-03 23:51:51,492 - automation.health_monitor - INFO - Setup health monitoring with condition: image_search_monitor
2025-09-03 23:51:51,524 - core.state_monitor - INFO - State monitoring started
2025-09-03 23:51:51,583 - gui.region_selector - INFO - Region overlay created at (1744, 593) - Border only
2025-09-03 23:51:51,583 - automation.health_monitor - INFO - Region overlay created
2025-09-03 23:51:51,585 - automation.health_monitor - INFO - Starting health monitoring loop...
2025-09-03 23:51:51,585 - automation.health_monitor - INFO - Health monitoring active - Image found! Confidence: 0.998
2025-09-03 23:51:57,068 - automation.health_monitor - WARNING - HEALTH IMAGE NOT FOUND! Emergency detected !!
2025-09-03 23:51:57,068 - automation.health_monitor - WARNING - Executing emergency response sequence...
2025-09-03 23:51:57,068 - automation.health_monitor - INFO - Executing 6 emergency clicks
2025-09-03 23:52:03,343 - automation.health_monitor - INFO - Emergency clicks executed successfully
2025-09-03 23:52:03,343 - automation.health_monitor - INFO - Emergency response sequence completed
2025-09-03 23:52:03,344 - automation.health_monitor - WARNING - Emergency response executed. Stopping automation.
2025-09-03 23:52:03,344 - gui.main_window - WARNING - Emergency stop triggered - stopping all automations
2025-09-03 23:52:03,344 - automation.workflow_manager - INFO - Stopping all workflows...
2025-09-03 23:52:03,344 - automation.workflow_manager - INFO - Stopping workflow: custom_automation
2025-09-03 23:52:03,344 - automation.health_monitor - INFO - Stopping health monitoring automation
2025-09-03 23:52:03,349 - gui.region_selector - INFO - Region overlay destroyed
2025-09-03 23:52:03,349 - automation.workflow_manager - ERROR - Failed to stop workflow 'custom_automation': cannot join current thread
2025-09-03 23:52:03,349 - automation.workflow_manager - INFO - All workflows stopped
2025-09-03 23:52:23,337 - automation.health_monitor - INFO - Health monitoring stopped due to emergency response
2025-09-03 23:52:23,843 - core.state_monitor - INFO - State monitoring stopped
2025-09-03 23:52:23,843 - automation.health_monitor - INFO - Health monitoring automation stopped. Emergency responses: 0
2025-09-03 23:52:23,844 - gui.main_window - INFO - Health monitoring stopped - updating overlay to yellow
2025-09-03 23:52:43,289 - gui.region_selector - INFO - Started recording 3 emergency clicks
2025-09-03 23:52:44,762 - gui.region_selector - INFO - Recorded click 1 at (1276, 445)
2025-09-03 23:52:44,763 - gui.region_selector - INFO - Recorded click 2 at (1276, 445)
2025-09-03 23:52:49,236 - gui.region_selector - INFO - Recorded click 3 at (1312, 446)
2025-09-03 23:52:49,236 - gui.region_selector - INFO - Recording complete! Got 3 clicks out of 3 requested
2025-09-03 23:52:49,236 - gui.region_selector - INFO - Finished recording 3 emergency clicks
2025-09-03 23:52:49,237 - gui.region_selector - INFO - Recorded click 4 at (1312, 446)
2025-09-03 23:52:49,237 - gui.region_selector - INFO - Recording complete! Got 4 clicks out of 3 requested
2025-09-03 23:52:49,237 - gui.region_selector - INFO - Finished recording 4 emergency clicks
2025-09-03 23:52:50,135 - gui.region_selector - INFO - Recorded click 5 at (1354, 450)
2025-09-03 23:52:50,135 - gui.region_selector - INFO - Recording complete! Got 5 clicks out of 3 requested
2025-09-03 23:52:50,136 - gui.region_selector - INFO - Finished recording 5 emergency clicks
2025-09-03 23:52:50,768 - gui.main_window - INFO - Recorded 5 emergency click locations
2025-09-03 23:52:55,813 - gui.main_window - INFO - Starting automations: ['health_monitor']
2025-09-03 23:52:55,813 - automation.workflow_manager - INFO - Created custom workflow: custom_automation
2025-09-03 23:52:55,814 - automation.workflow_manager - WARNING - Workflow 'custom_automation' is already running
2025-09-03 23:52:55,814 - gui.main_window - ERROR - Failed to start custom workflow
2025-09-03 23:53:03,272 - gui.main_window - INFO - Starting automations: ['health_monitor']
2025-09-03 23:53:03,272 - automation.workflow_manager - INFO - Created custom workflow: custom_automation
2025-09-03 23:53:03,274 - automation.workflow_manager - WARNING - Workflow 'custom_automation' is already running
2025-09-03 23:53:03,274 - gui.main_window - ERROR - Failed to start custom workflow
2025-09-03 23:54:21,546 - cyclops - INFO - Starting Cyclops Desktop Automation Application
2025-09-03 23:54:21,717 - utils.config_manager - INFO - Configuration loaded from config/default_config.json
2025-09-03 23:54:21,717 - utils.config_manager - INFO - Configuration manager initialized with: config/default_config.json
2025-09-03 23:54:21,717 - core.screen_capture - INFO - Screen resolution: 1920x1080
2025-09-03 23:54:21,717 - core.ocr_engine - INFO - Tesseract path set to: C:\Program Files\Tesseract-OCR\tesseract.exe
2025-09-03 23:54:21,717 - core.ocr_engine - INFO - OCR Engine initialized with language: eng
2025-09-03 23:54:21,718 - core.computer_vision - INFO - Computer Vision engine initialized
2025-09-03 23:54:21,718 - core.input_simulator - INFO - Input Simulator initialized
2025-09-03 23:54:21,718 - core.state_monitor - INFO - State Monitor initialized
2025-09-03 23:54:21,718 - core.computer_vision - INFO - Computer Vision engine initialized
2025-09-03 23:54:21,719 - automation.rune_creation - INFO - Rune Creation Automation initialized
2025-09-03 23:54:21,719 - automation.food_eating - INFO - Food Eating Automation initialized
2025-09-03 23:54:21,719 - automation.health_monitor - INFO - Health Monitor Automation initialized
2025-09-03 23:54:21,719 - automation.workflow_manager - INFO - All automation modules initialized
2025-09-03 23:54:21,719 - automation.workflow_manager - INFO - Workflow Manager initialized
2025-09-03 23:54:21,737 - gui.region_selector - INFO - Region overlay created at (1299, 617) - Border only
2025-09-03 23:54:21,737 - gui.main_window - INFO - Persistent overlay created at (1299, 617) - 148x93
2025-09-03 23:54:21,737 - automation.workflow_manager - INFO - Registered callback for health_monitor
2025-09-03 23:54:21,737 - gui.main_window - INFO - Main window initialized
2025-09-03 23:54:21,737 - cyclops - INFO - Application started successfully
2025-09-03 23:54:45,897 - cyclops - INFO - Starting Cyclops Desktop Automation Application
2025-09-03 23:54:46,061 - utils.config_manager - INFO - Configuration loaded from config/default_config.json
2025-09-03 23:54:46,061 - utils.config_manager - INFO - Configuration manager initialized with: config/default_config.json
2025-09-03 23:54:46,061 - core.screen_capture - INFO - Screen resolution: 1920x1080
2025-09-03 23:54:46,061 - core.ocr_engine - INFO - Tesseract path set to: C:\Program Files\Tesseract-OCR\tesseract.exe
2025-09-03 23:54:46,061 - core.ocr_engine - INFO - OCR Engine initialized with language: eng
2025-09-03 23:54:46,061 - core.computer_vision - INFO - Computer Vision engine initialized
2025-09-03 23:54:46,061 - core.input_simulator - INFO - Input Simulator initialized
2025-09-03 23:54:46,061 - core.state_monitor - INFO - State Monitor initialized
2025-09-03 23:54:46,061 - core.computer_vision - INFO - Computer Vision engine initialized
2025-09-03 23:54:46,061 - automation.rune_creation - INFO - Rune Creation Automation initialized
2025-09-03 23:54:46,062 - automation.food_eating - INFO - Food Eating Automation initialized
2025-09-03 23:54:46,062 - automation.health_monitor - INFO - Health Monitor Automation initialized
2025-09-03 23:54:46,062 - automation.workflow_manager - INFO - All automation modules initialized
2025-09-03 23:54:46,062 - automation.workflow_manager - INFO - Workflow Manager initialized
2025-09-03 23:54:46,081 - gui.region_selector - INFO - Region overlay created at (1299, 617) - Border only
2025-09-03 23:54:46,081 - gui.main_window - INFO - Persistent overlay created at (1299, 617) - 148x93
2025-09-03 23:54:46,081 - automation.workflow_manager - INFO - Registered callback for health_monitor
2025-09-03 23:54:46,081 - gui.main_window - INFO - Main window initialized
2025-09-03 23:54:46,081 - cyclops - INFO - Application started successfully
2025-09-03 23:54:57,867 - gui.region_selector - INFO - Started recording 2 emergency clicks
2025-09-03 23:54:58,700 - gui.region_selector - INFO - Recorded click 1 at (1275, 450)
2025-09-03 23:54:58,700 - gui.region_selector - INFO - Recorded click 2 at (1275, 450)
2025-09-03 23:54:58,701 - gui.region_selector - INFO - Recording complete! Got 2 clicks out of 2 requested
2025-09-03 23:54:58,701 - gui.region_selector - INFO - Finished recording 2 emergency clicks
2025-09-03 23:55:00,812 - gui.region_selector - INFO - Recorded click 3 at (1309, 449)
2025-09-03 23:55:00,813 - gui.region_selector - INFO - Recording complete! Got 3 clicks out of 2 requested
2025-09-03 23:55:00,813 - gui.region_selector - INFO - Finished recording 3 emergency clicks
2025-09-03 23:55:03,182 - gui.main_window - INFO - Recorded 3 emergency click locations
2025-09-03 23:55:09,097 - gui.region_selector - INFO - Region overlay destroyed
2025-09-03 23:55:09,099 - gui.region_selector - INFO - Region overlay created at (50, 50) - Border only
2025-09-03 23:55:09,100 - gui.main_window - INFO - Persistent overlay created at (50, 50) - 200x20
2025-09-03 23:55:09,100 - gui.main_window - INFO - Health region cleared and reset to default
2025-09-03 23:55:10,659 - gui.region_selector - INFO - Region selector initialized
2025-09-03 23:55:12,377 - gui.region_selector - INFO - Region selected: X:1745, Y:596, W:121, H:39
2025-09-03 23:55:14,549 - gui.region_selector - INFO - Region overlay destroyed
2025-09-03 23:55:14,552 - gui.region_selector - INFO - Region overlay created at (1745, 596) - Border only
2025-09-03 23:55:14,555 - gui.main_window - INFO - Persistent overlay created at (1745, 596) - 121x39
2025-09-03 23:55:14,611 - gui.main_window - INFO - Health region selected: {'x': 1745, 'y': 596, 'width': 121, 'height': 39}
2025-09-03 23:55:17,292 - core.state_monitor - INFO - SUCCESS, IMAGE FOUND! (Confidence: 0.998)
2025-09-03 23:55:17,292 - gui.main_window - INFO - PageDown test: SUCCESS, IMAGE FOUND!
2025-09-03 23:55:24,333 - gui.main_window - INFO - Starting automations: ['health_monitor']
2025-09-03 23:55:24,333 - automation.workflow_manager - INFO - Created custom workflow: custom_automation
2025-09-03 23:55:24,334 - automation.workflow_manager - INFO - Starting workflow: custom_automation
2025-09-03 23:55:24,334 - automation.workflow_manager - INFO - Running automation: health_monitor
2025-09-03 23:55:24,334 - automation.workflow_manager - INFO - Started automation: health_monitor
2025-09-03 23:55:24,334 - gui.main_window - INFO - Health monitoring started - updating overlay to green
2025-09-03 23:55:24,335 - automation.workflow_manager - INFO - Workflow 'custom_automation' started successfully
2025-09-03 23:55:24,337 - automation.health_monitor - INFO - Starting health monitoring automation
2025-09-03 23:55:24,337 - automation.health_monitor - INFO - Setting up health monitoring:
2025-09-03 23:55:24,339 - automation.health_monitor - INFO -   Region: (1745, 596, 121, 39)
2025-09-03 23:55:24,340 - automation.health_monitor - INFO -   Low health threshold: 50.0%
2025-09-03 23:55:24,340 - automation.health_monitor - INFO -   Max health: 800
2025-09-03 23:55:24,341 - core.state_monitor - INFO - Registered condition: image_search_monitor
2025-09-03 23:55:24,342 - automation.health_monitor - INFO - Setup health monitoring with condition: image_search_monitor
2025-09-03 23:55:24,367 - core.state_monitor - INFO - State monitoring started
2025-09-03 23:55:24,421 - gui.region_selector - INFO - Region overlay created at (1745, 596) - Border only
2025-09-03 23:55:24,421 - automation.health_monitor - INFO - Region overlay created
2025-09-03 23:55:24,423 - automation.health_monitor - INFO - Starting health monitoring loop...
2025-09-03 23:55:24,423 - automation.health_monitor - INFO - Health monitoring active - Image found! Confidence: 0.998
2025-09-03 23:55:41,006 - automation.health_monitor - WARNING - HEALTH IMAGE NOT FOUND! Emergency detected !!
2025-09-03 23:55:41,006 - automation.health_monitor - WARNING - Executing emergency response sequence...
2025-09-03 23:55:41,006 - automation.health_monitor - INFO - Executing 3 emergency clicks
2025-09-03 23:55:44,116 - automation.health_monitor - INFO - Emergency clicks executed successfully
2025-09-03 23:55:44,116 - automation.health_monitor - INFO - Emergency response sequence completed
2025-09-03 23:55:44,117 - automation.health_monitor - WARNING - Emergency response executed. Stopping automation.
2025-09-03 23:55:44,117 - gui.main_window - WARNING - Emergency stop triggered - stopping all automations
2025-09-03 23:55:44,117 - automation.workflow_manager - INFO - Stopping all workflows...
2025-09-03 23:55:44,118 - automation.workflow_manager - INFO - Stopping workflow: custom_automation
2025-09-03 23:55:44,118 - automation.health_monitor - INFO - Stopping health monitoring automation
2025-09-03 23:55:44,123 - gui.region_selector - INFO - Region overlay destroyed
2025-09-03 23:55:44,123 - automation.workflow_manager - WARNING - Skipping thread join for health_monitor - current thread
2025-09-03 23:55:44,124 - automation.workflow_manager - INFO - Stopped automation: health_monitor
2025-09-03 23:55:44,125 - automation.workflow_manager - INFO - Workflow 'custom_automation' stopped successfully
2025-09-03 23:55:44,125 - automation.workflow_manager - INFO - All workflows stopped
2025-09-03 23:55:52,144 - automation.health_monitor - INFO - Health monitoring stopped due to emergency response
2025-09-03 23:55:52,503 - core.state_monitor - INFO - State monitoring stopped
2025-09-03 23:55:52,503 - automation.health_monitor - INFO - Health monitoring automation stopped. Emergency responses: 0
2025-09-03 23:55:52,504 - gui.main_window - INFO - Health monitoring stopped - updating overlay to yellow
2025-09-03 23:55:54,802 - gui.main_window - INFO - Starting automations: ['health_monitor']
2025-09-03 23:55:54,802 - automation.workflow_manager - INFO - Created custom workflow: custom_automation
2025-09-03 23:55:54,804 - automation.workflow_manager - INFO - Starting workflow: custom_automation
2025-09-03 23:55:54,806 - automation.workflow_manager - INFO - Running automation: health_monitor
2025-09-03 23:55:54,806 - automation.workflow_manager - INFO - Started automation: health_monitor
2025-09-03 23:55:54,806 - gui.main_window - INFO - Health monitoring started - updating overlay to green
2025-09-03 23:55:54,808 - automation.workflow_manager - INFO - Workflow 'custom_automation' started successfully
2025-09-03 23:55:54,812 - automation.health_monitor - INFO - Starting health monitoring automation
2025-09-03 23:55:54,812 - automation.health_monitor - INFO - Setting up health monitoring:
2025-09-03 23:55:54,815 - automation.health_monitor - INFO -   Region: (1745, 596, 121, 39)
2025-09-03 23:55:54,816 - automation.health_monitor - INFO -   Low health threshold: 50.0%
2025-09-03 23:55:54,818 - automation.health_monitor - INFO -   Max health: 800
2025-09-03 23:55:54,820 - core.state_monitor - INFO - Registered condition: image_search_monitor
2025-09-03 23:55:54,822 - automation.health_monitor - INFO - Setup health monitoring with condition: image_search_monitor
2025-09-03 23:55:54,845 - core.state_monitor - INFO - State monitoring started
2025-09-03 23:55:54,848 - gui.region_selector - INFO - Region overlay created at (1745, 596) - Border only
2025-09-03 23:55:54,849 - automation.health_monitor - INFO - Region overlay created
2025-09-03 23:55:54,877 - automation.health_monitor - INFO - Starting health monitoring loop...
2025-09-03 23:56:03,004 - gui.main_window - INFO - Stopping all automations
2025-09-03 23:56:03,004 - automation.workflow_manager - INFO - Stopping workflow: custom_automation
2025-09-03 23:56:03,005 - automation.health_monitor - INFO - Stopping health monitoring automation
2025-09-03 23:56:03,008 - gui.region_selector - INFO - Region overlay destroyed
2025-09-03 23:56:03,495 - core.state_monitor - INFO - State monitoring stopped
2025-09-03 23:56:03,496 - automation.health_monitor - INFO - Health monitoring automation stopped. Emergency responses: 0
2025-09-03 23:56:03,496 - gui.main_window - INFO - Health monitoring stopped - updating overlay to yellow
2025-09-03 23:56:05,009 - automation.workflow_manager - INFO - Stopped automation: health_monitor
2025-09-03 23:56:05,009 - automation.workflow_manager - INFO - Workflow 'custom_automation' stopped successfully
2025-09-03 23:56:06,965 - core.state_monitor - INFO - SUCCESS, IMAGE FOUND! (Confidence: 0.998)
2025-09-03 23:56:06,965 - gui.main_window - INFO - PageDown test: SUCCESS, IMAGE FOUND!
2025-09-03 23:56:08,322 - core.state_monitor - INFO - SUCCESS, IMAGE FOUND! (Confidence: 0.998)
2025-09-03 23:56:08,323 - gui.main_window - INFO - PageDown test: SUCCESS, IMAGE FOUND!
2025-09-03 23:57:55,176 - cyclops - INFO - Starting Cyclops Desktop Automation Application
2025-09-03 23:57:55,342 - utils.config_manager - INFO - Configuration loaded from config/default_config.json
2025-09-03 23:57:55,343 - utils.config_manager - INFO - Configuration manager initialized with: config/default_config.json
2025-09-03 23:57:55,343 - core.screen_capture - INFO - Screen resolution: 1920x1080
2025-09-03 23:57:55,343 - core.ocr_engine - INFO - Tesseract path set to: C:\Program Files\Tesseract-OCR\tesseract.exe
2025-09-03 23:57:55,343 - core.ocr_engine - INFO - OCR Engine initialized with language: eng
2025-09-03 23:57:55,343 - core.computer_vision - INFO - Computer Vision engine initialized
2025-09-03 23:57:55,343 - core.input_simulator - INFO - Input Simulator initialized
2025-09-03 23:57:55,344 - core.state_monitor - INFO - State Monitor initialized
2025-09-03 23:57:55,344 - core.computer_vision - INFO - Computer Vision engine initialized
2025-09-03 23:57:55,344 - automation.rune_creation - INFO - Rune Creation Automation initialized
2025-09-03 23:57:55,344 - automation.food_eating - INFO - Food Eating Automation initialized
2025-09-03 23:57:55,344 - automation.health_monitor - INFO - Health Monitor Automation initialized
2025-09-03 23:57:55,344 - automation.workflow_manager - INFO - All automation modules initialized
2025-09-03 23:57:55,344 - automation.workflow_manager - INFO - Workflow Manager initialized
2025-09-03 23:57:55,366 - gui.region_selector - INFO - Region overlay created at (1299, 617) - Border only
2025-09-03 23:57:55,366 - gui.main_window - INFO - Persistent overlay created at (1299, 617) - 148x93
2025-09-03 23:57:55,367 - automation.workflow_manager - INFO - Registered callback for health_monitor
2025-09-03 23:57:55,367 - gui.main_window - INFO - Main window initialized
2025-09-03 23:57:55,367 - cyclops - INFO - Application started successfully
2025-09-03 23:58:53,808 - cyclops - INFO - Starting Cyclops Desktop Automation Application
2025-09-03 23:58:53,965 - utils.config_manager - INFO - Configuration loaded from config/default_config.json
2025-09-03 23:58:53,966 - utils.config_manager - INFO - Configuration manager initialized with: config/default_config.json
2025-09-03 23:58:53,966 - core.screen_capture - INFO - Screen resolution: 1920x1080
2025-09-03 23:58:53,966 - core.ocr_engine - INFO - Tesseract path set to: C:\Program Files\Tesseract-OCR\tesseract.exe
2025-09-03 23:58:53,967 - core.ocr_engine - INFO - OCR Engine initialized with language: eng
2025-09-03 23:58:53,967 - core.computer_vision - INFO - Computer Vision engine initialized
2025-09-03 23:58:53,967 - core.input_simulator - INFO - Input Simulator initialized
2025-09-03 23:58:53,967 - core.state_monitor - INFO - State Monitor initialized
2025-09-03 23:58:53,967 - core.computer_vision - INFO - Computer Vision engine initialized
2025-09-03 23:58:53,967 - automation.rune_creation - INFO - Rune Creation Automation initialized
2025-09-03 23:58:53,967 - automation.food_eating - INFO - Food Eating Automation initialized
2025-09-03 23:58:53,967 - automation.health_monitor - INFO - Health Monitor Automation initialized
2025-09-03 23:58:53,967 - automation.workflow_manager - INFO - All automation modules initialized
2025-09-03 23:58:53,967 - automation.workflow_manager - INFO - Workflow Manager initialized
2025-09-03 23:58:53,990 - gui.region_selector - INFO - Region overlay created at (1299, 617) - Border only
2025-09-03 23:58:53,990 - gui.main_window - INFO - Persistent overlay created at (1299, 617) - 148x93
2025-09-03 23:58:53,990 - automation.workflow_manager - INFO - Registered callback for health_monitor
2025-09-03 23:58:53,990 - gui.main_window - INFO - Main window initialized
2025-09-03 23:58:53,990 - cyclops - INFO - Application started successfully
2025-09-03 23:59:21,218 - cyclops - INFO - Starting Cyclops Desktop Automation Application
2025-09-03 23:59:21,376 - utils.config_manager - INFO - Configuration loaded from config/default_config.json
2025-09-03 23:59:21,376 - utils.config_manager - INFO - Configuration manager initialized with: config/default_config.json
2025-09-03 23:59:21,377 - core.screen_capture - INFO - Screen resolution: 1920x1080
2025-09-03 23:59:21,377 - core.ocr_engine - INFO - Tesseract path set to: C:\Program Files\Tesseract-OCR\tesseract.exe
2025-09-03 23:59:21,377 - core.ocr_engine - INFO - OCR Engine initialized with language: eng
2025-09-03 23:59:21,377 - core.computer_vision - INFO - Computer Vision engine initialized
2025-09-03 23:59:21,377 - core.input_simulator - INFO - Input Simulator initialized
2025-09-03 23:59:21,377 - core.state_monitor - INFO - State Monitor initialized
2025-09-03 23:59:21,377 - core.computer_vision - INFO - Computer Vision engine initialized
2025-09-03 23:59:21,377 - automation.rune_creation - INFO - Rune Creation Automation initialized
2025-09-03 23:59:21,377 - automation.food_eating - INFO - Food Eating Automation initialized
2025-09-03 23:59:21,377 - automation.health_monitor - INFO - Health Monitor Automation initialized
2025-09-03 23:59:21,377 - automation.workflow_manager - INFO - All automation modules initialized
2025-09-03 23:59:21,377 - automation.workflow_manager - INFO - Workflow Manager initialized
2025-09-03 23:59:21,399 - gui.region_selector - INFO - Region overlay created at (1299, 617) - Border only
2025-09-03 23:59:21,399 - gui.main_window - INFO - Persistent overlay created at (1299, 617) - 148x93
2025-09-03 23:59:21,399 - automation.workflow_manager - INFO - Registered callback for health_monitor
2025-09-03 23:59:21,400 - gui.main_window - INFO - Main window initialized
2025-09-03 23:59:21,400 - cyclops - INFO - Application started successfully
2025-09-03 23:59:25,137 - gui.region_selector - INFO - Region overlay destroyed
2025-09-03 23:59:25,138 - gui.region_selector - INFO - Region overlay created at (50, 50) - Border only
2025-09-03 23:59:25,138 - gui.main_window - INFO - Persistent overlay created at (50, 50) - 200x20
2025-09-03 23:59:25,138 - gui.main_window - INFO - Health region cleared and reset to default
2025-09-03 23:59:29,757 - gui.region_selector - INFO - Region overlay destroyed
2025-09-03 23:59:29,759 - gui.region_selector - INFO - Region overlay created at (50, 50) - Border only
2025-09-03 23:59:29,759 - gui.main_window - INFO - Persistent overlay created at (50, 50) - 200x20
2025-09-03 23:59:29,759 - gui.main_window - INFO - Health region cleared and reset to default
2025-09-03 23:59:34,264 - gui.region_selector - INFO - Region selector initialized
2025-09-03 23:59:36,463 - gui.region_selector - INFO - Region selected: X:1735, Y:587, W:136, H:49
2025-09-03 23:59:37,876 - gui.region_selector - INFO - Region overlay destroyed
2025-09-03 23:59:37,878 - gui.region_selector - INFO - Region overlay created at (1735, 587) - Border only
2025-09-03 23:59:37,880 - gui.main_window - INFO - Persistent overlay created at (1735, 587) - 136x49
2025-09-03 23:59:37,958 - gui.main_window - INFO - Health region selected: {'x': 1735, 'y': 587, 'width': 136, 'height': 49}
2025-09-03 23:59:49,606 - core.state_monitor - INFO - SUCCESS, IMAGE FOUND! (Confidence: 0.998)
2025-09-03 23:59:49,606 - gui.main_window - INFO - PageDown test: SUCCESS, IMAGE FOUND!
2025-09-03 23:59:50,331 - core.state_monitor - INFO - SUCCESS, IMAGE FOUND! (Confidence: 0.998)
2025-09-03 23:59:50,331 - gui.main_window - INFO - PageDown test: SUCCESS, IMAGE FOUND!
2025-09-04 00:00:04,270 - gui.region_selector - INFO - Started recording 3 emergency clicks
2025-09-04 00:00:06,099 - gui.region_selector - INFO - Recorded click 1 at (1193, 434)
2025-09-04 00:00:07,391 - gui.region_selector - INFO - Recorded click 2 at (1159, 429)
2025-09-04 00:00:08,172 - gui.region_selector - INFO - Recorded click 3 at (1159, 394)
2025-09-04 00:00:08,172 - gui.region_selector - INFO - Recording complete! Got 3 clicks out of 3 requested
2025-09-04 00:00:08,172 - gui.region_selector - INFO - Finished recording 3 emergency clicks
2025-09-04 00:00:15,856 - gui.main_window - INFO - Recorded 3 emergency click locations
2025-09-04 00:00:21,680 - gui.main_window - INFO - Starting automations: ['health_monitor']
2025-09-04 00:00:21,680 - automation.workflow_manager - INFO - Created custom workflow: custom_automation
2025-09-04 00:00:21,681 - automation.workflow_manager - INFO - Starting workflow: custom_automation
2025-09-04 00:00:21,681 - automation.workflow_manager - INFO - Running automation: health_monitor
2025-09-04 00:00:21,681 - automation.workflow_manager - INFO - Started automation: health_monitor
2025-09-04 00:00:21,681 - gui.main_window - INFO - Health monitoring started - updating overlay to green
2025-09-04 00:00:21,681 - automation.workflow_manager - INFO - Workflow 'custom_automation' started successfully
2025-09-04 00:00:21,684 - automation.health_monitor - INFO - Starting health monitoring automation
2025-09-04 00:00:21,684 - automation.health_monitor - INFO - Setting up health monitoring:
2025-09-04 00:00:21,685 - automation.health_monitor - INFO -   Region: (1735, 587, 136, 49)
2025-09-04 00:00:21,686 - automation.health_monitor - INFO -   Low health threshold: 50.0%
2025-09-04 00:00:21,687 - automation.health_monitor - INFO -   Max health: 800
2025-09-04 00:00:21,688 - core.state_monitor - INFO - Registered condition: image_search_monitor
2025-09-04 00:00:21,688 - automation.health_monitor - INFO - Setup health monitoring with condition: image_search_monitor
2025-09-04 00:00:21,706 - core.state_monitor - INFO - State monitoring started
2025-09-04 00:00:21,743 - gui.region_selector - INFO - Region overlay created at (1735, 587) - Border only
2025-09-04 00:00:21,744 - automation.health_monitor - INFO - Region overlay created
2025-09-04 00:00:21,744 - automation.health_monitor - INFO - Starting health monitoring loop...
2025-09-04 00:00:21,747 - automation.health_monitor - INFO - Health monitoring active - Image found! Confidence: 0.998
2025-09-04 00:01:08,725 - automation.health_monitor - WARNING - HEALTH IMAGE NOT FOUND! Emergency detected !!
2025-09-04 00:01:08,725 - automation.health_monitor - WARNING - Executing emergency response sequence...
2025-09-04 00:01:08,725 - automation.health_monitor - INFO - Executing 3 emergency clicks
2025-09-04 00:01:11,818 - automation.health_monitor - INFO - Emergency clicks executed successfully
2025-09-04 00:01:11,818 - automation.health_monitor - INFO - Emergency response sequence completed
2025-09-04 00:01:11,819 - automation.health_monitor - WARNING - Emergency response executed. Stopping automation.
2025-09-04 00:01:11,819 - gui.main_window - WARNING - Emergency stop triggered - stopping all automations
2025-09-04 00:01:11,819 - automation.workflow_manager - INFO - Stopping all workflows...
2025-09-04 00:01:11,819 - automation.workflow_manager - INFO - Stopping workflow: custom_automation
2025-09-04 00:01:11,819 - automation.health_monitor - INFO - Stopping health monitoring automation
2025-09-04 00:01:11,824 - gui.region_selector - INFO - Region overlay destroyed
2025-09-04 00:01:11,824 - automation.workflow_manager - WARNING - Skipping thread join for health_monitor - current thread
2025-09-04 00:01:11,824 - automation.workflow_manager - INFO - Stopped automation: health_monitor
2025-09-04 00:01:11,824 - automation.workflow_manager - INFO - Workflow 'custom_automation' stopped successfully
2025-09-04 00:01:11,824 - automation.workflow_manager - INFO - All workflows stopped
2025-09-04 00:01:15,411 - automation.health_monitor - INFO - Health monitoring stopped due to emergency response
2025-09-04 00:01:15,917 - core.state_monitor - INFO - State monitoring stopped
2025-09-04 00:01:15,917 - automation.health_monitor - INFO - Health monitoring automation stopped. Emergency responses: 0
2025-09-04 00:01:15,917 - gui.main_window - INFO - Health monitoring stopped - updating overlay to yellow
2025-09-04 00:01:28,111 - gui.main_window - INFO - Starting automations: ['health_monitor']
2025-09-04 00:01:28,111 - automation.workflow_manager - INFO - Created custom workflow: custom_automation
2025-09-04 00:01:28,112 - automation.workflow_manager - INFO - Starting workflow: custom_automation
2025-09-04 00:01:28,113 - automation.workflow_manager - INFO - Running automation: health_monitor
2025-09-04 00:01:28,113 - automation.workflow_manager - INFO - Started automation: health_monitor
2025-09-04 00:01:28,113 - gui.main_window - INFO - Health monitoring started - updating overlay to green
2025-09-04 00:01:28,113 - automation.workflow_manager - INFO - Workflow 'custom_automation' started successfully
2025-09-04 00:01:28,116 - automation.health_monitor - INFO - Starting health monitoring automation
2025-09-04 00:01:28,116 - automation.health_monitor - INFO - Setting up health monitoring:
2025-09-04 00:01:28,118 - automation.health_monitor - INFO -   Region: (1735, 587, 136, 49)
2025-09-04 00:01:28,118 - automation.health_monitor - INFO -   Low health threshold: 50.0%
2025-09-04 00:01:28,119 - automation.health_monitor - INFO -   Max health: 800
2025-09-04 00:01:28,119 - core.state_monitor - INFO - Registered condition: image_search_monitor
2025-09-04 00:01:28,120 - automation.health_monitor - INFO - Setup health monitoring with condition: image_search_monitor
2025-09-04 00:01:28,140 - core.state_monitor - INFO - State monitoring started
2025-09-04 00:01:28,193 - gui.region_selector - INFO - Region overlay created at (1735, 587) - Border only
2025-09-04 00:01:28,193 - automation.health_monitor - INFO - Region overlay created
2025-09-04 00:01:28,194 - automation.health_monitor - INFO - Starting health monitoring loop...
2025-09-04 00:04:40,522 - gui.region_selector - INFO - Region overlay destroyed
2025-09-04 00:04:40,528 - gui.region_selector - INFO - Region overlay destroyed
2025-09-04 00:04:40,528 - automation.health_monitor - INFO - Overlay visibility: False
2025-09-04 00:04:40,528 - gui.main_window - INFO - Overlay visibility toggled: False
2025-09-04 00:04:41,252 - gui.region_selector - INFO - Region overlay created at (1735, 587) - Border only
2025-09-04 00:04:41,252 - gui.main_window - INFO - Persistent overlay created at (1735, 587) - 136x49
2025-09-04 00:04:41,253 - gui.region_selector - INFO - Region overlay created at (1735, 587) - Border only
2025-09-04 00:04:41,253 - automation.health_monitor - INFO - Region overlay created
2025-09-04 00:04:41,253 - automation.health_monitor - INFO - Overlay visibility: True
2025-09-04 00:04:41,253 - gui.main_window - INFO - Overlay visibility toggled: True
2025-09-04 00:05:56,378 - cyclops - INFO - Starting Cyclops Desktop Automation Application
2025-09-04 00:05:56,549 - utils.config_manager - INFO - Configuration loaded from config/default_config.json
2025-09-04 00:05:56,549 - utils.config_manager - INFO - Configuration manager initialized with: config/default_config.json
2025-09-04 00:05:56,549 - core.screen_capture - INFO - Screen resolution: 1920x1080
2025-09-04 00:05:56,550 - core.ocr_engine - INFO - Tesseract path set to: C:\Program Files\Tesseract-OCR\tesseract.exe
2025-09-04 00:05:56,550 - core.ocr_engine - INFO - OCR Engine initialized with language: eng
2025-09-04 00:05:56,550 - core.computer_vision - INFO - Computer Vision engine initialized
2025-09-04 00:05:56,550 - core.input_simulator - INFO - Input Simulator initialized
2025-09-04 00:05:56,550 - core.state_monitor - INFO - State Monitor initialized
2025-09-04 00:05:56,550 - core.computer_vision - INFO - Computer Vision engine initialized
2025-09-04 00:05:56,550 - automation.rune_creation - INFO - Rune Creation Automation initialized
2025-09-04 00:05:56,550 - automation.food_eating - INFO - Food Eating Automation initialized
2025-09-04 00:05:56,550 - automation.health_monitor - INFO - Health Monitor Automation initialized
2025-09-04 00:05:56,551 - automation.workflow_manager - INFO - All automation modules initialized
2025-09-04 00:05:56,551 - automation.workflow_manager - INFO - Workflow Manager initialized
2025-09-04 00:05:56,576 - gui.region_selector - INFO - Region overlay created at (1299, 617) - Border only
2025-09-04 00:05:56,576 - gui.main_window - INFO - Persistent overlay created at (1299, 617) - 148x93
2025-09-04 00:05:56,576 - automation.workflow_manager - INFO - Registered callback for health_monitor
2025-09-04 00:05:56,576 - gui.main_window - INFO - Main window initialized
2025-09-04 00:05:56,576 - cyclops - INFO - Application started successfully
2025-09-04 00:06:25,332 - cyclops - INFO - Starting Cyclops Desktop Automation Application
2025-09-04 00:06:25,501 - utils.config_manager - INFO - Configuration loaded from config/default_config.json
2025-09-04 00:06:25,501 - utils.config_manager - INFO - Configuration manager initialized with: config/default_config.json
2025-09-04 00:06:25,502 - core.screen_capture - INFO - Screen resolution: 1920x1080
2025-09-04 00:06:25,502 - core.ocr_engine - INFO - Tesseract path set to: C:\Program Files\Tesseract-OCR\tesseract.exe
2025-09-04 00:06:25,502 - core.ocr_engine - INFO - OCR Engine initialized with language: eng
2025-09-04 00:06:25,502 - core.computer_vision - INFO - Computer Vision engine initialized
2025-09-04 00:06:25,502 - core.input_simulator - INFO - Input Simulator initialized
2025-09-04 00:06:25,502 - core.state_monitor - INFO - State Monitor initialized
2025-09-04 00:06:25,502 - core.computer_vision - INFO - Computer Vision engine initialized
2025-09-04 00:06:25,502 - automation.rune_creation - INFO - Rune Creation Automation initialized
2025-09-04 00:06:25,502 - automation.food_eating - INFO - Food Eating Automation initialized
2025-09-04 00:06:25,502 - automation.health_monitor - INFO - Health Monitor Automation initialized
2025-09-04 00:06:25,502 - automation.workflow_manager - INFO - All automation modules initialized
2025-09-04 00:06:25,502 - automation.workflow_manager - INFO - Workflow Manager initialized
2025-09-04 00:06:25,520 - gui.region_selector - INFO - Region overlay created at (1299, 617) - Border only
2025-09-04 00:06:25,520 - gui.main_window - INFO - Persistent overlay created at (1299, 617) - 148x93
2025-09-04 00:06:25,520 - automation.workflow_manager - INFO - Registered callback for health_monitor
2025-09-04 00:06:25,520 - gui.main_window - INFO - Main window initialized
2025-09-04 00:06:25,520 - cyclops - INFO - Application started successfully
2025-09-04 00:14:41,204 - cyclops - INFO - Starting Cyclops Desktop Automation Application
2025-09-04 00:14:41,374 - utils.config_manager - INFO - Configuration loaded from config/default_config.json
2025-09-04 00:14:41,375 - utils.config_manager - INFO - Configuration manager initialized with: config/default_config.json
2025-09-04 00:14:41,375 - core.screen_capture - INFO - Screen resolution: 1920x1080
2025-09-04 00:14:41,375 - core.ocr_engine - INFO - Tesseract path set to: C:\Program Files\Tesseract-OCR\tesseract.exe
2025-09-04 00:14:41,375 - core.ocr_engine - INFO - OCR Engine initialized with language: eng
2025-09-04 00:14:41,375 - core.computer_vision - INFO - Computer Vision engine initialized
2025-09-04 00:14:41,375 - core.input_simulator - INFO - Input Simulator initialized
2025-09-04 00:14:41,375 - core.state_monitor - INFO - State Monitor initialized
2025-09-04 00:14:41,375 - core.computer_vision - INFO - Computer Vision engine initialized
2025-09-04 00:14:41,375 - automation.rune_creation - INFO - Rune Creation Automation initialized
2025-09-04 00:14:41,376 - automation.food_eating - INFO - Food Eating Automation initialized
2025-09-04 00:14:41,376 - automation.food_eating - INFO - Food positions: 0 configured
2025-09-04 00:14:41,376 - automation.food_eating - INFO - Click range: 3-6
2025-09-04 00:14:41,376 - automation.food_eating - INFO - Delay range: 4.0-8.0 minutes
2025-09-04 00:14:41,376 - automation.health_monitor - INFO - Health Monitor Automation initialized
2025-09-04 00:14:41,376 - automation.workflow_manager - INFO - All automation modules initialized
2025-09-04 00:14:41,376 - automation.workflow_manager - INFO - Workflow Manager initialized
2025-09-04 00:14:41,403 - gui.region_selector - INFO - Region overlay created at (1299, 617) - Border only
2025-09-04 00:14:41,403 - gui.main_window - INFO - Persistent overlay created at (1299, 617) - 148x93
2025-09-04 00:14:41,403 - automation.workflow_manager - INFO - Registered callback for health_monitor
2025-09-04 00:14:41,403 - gui.main_window - INFO - Main window initialized
2025-09-04 00:14:41,403 - cyclops - INFO - Application started successfully
2025-09-04 00:15:58,349 - cyclops - INFO - Starting Cyclops Desktop Automation Application
2025-09-04 00:15:58,516 - utils.config_manager - INFO - Configuration loaded from config/default_config.json
2025-09-04 00:15:58,516 - utils.config_manager - INFO - Configuration manager initialized with: config/default_config.json
2025-09-04 00:15:58,516 - core.screen_capture - INFO - Screen resolution: 1920x1080
2025-09-04 00:15:58,516 - core.ocr_engine - INFO - Tesseract path set to: C:\Program Files\Tesseract-OCR\tesseract.exe
2025-09-04 00:15:58,516 - core.ocr_engine - INFO - OCR Engine initialized with language: eng
2025-09-04 00:15:58,516 - core.computer_vision - INFO - Computer Vision engine initialized
2025-09-04 00:15:58,516 - core.input_simulator - INFO - Input Simulator initialized
2025-09-04 00:15:58,516 - core.state_monitor - INFO - State Monitor initialized
2025-09-04 00:15:58,517 - core.computer_vision - INFO - Computer Vision engine initialized
2025-09-04 00:15:58,517 - automation.rune_creation - INFO - Rune Creation Automation initialized
2025-09-04 00:15:58,517 - automation.food_eating - INFO - Food Eating Automation initialized
2025-09-04 00:15:58,517 - automation.food_eating - INFO - Food positions: 0 configured
2025-09-04 00:15:58,517 - automation.food_eating - INFO - Click range: 3-6
2025-09-04 00:15:58,517 - automation.food_eating - INFO - Delay range: 4.0-8.0 minutes
2025-09-04 00:15:58,517 - automation.health_monitor - INFO - Health Monitor Automation initialized
2025-09-04 00:15:58,517 - automation.workflow_manager - INFO - All automation modules initialized
2025-09-04 00:15:58,517 - automation.workflow_manager - INFO - Workflow Manager initialized
2025-09-04 00:15:58,541 - gui.region_selector - INFO - Region overlay created at (1299, 617) - Border only
2025-09-04 00:15:58,541 - gui.main_window - INFO - Persistent overlay created at (1299, 617) - 148x93
2025-09-04 00:15:58,541 - automation.workflow_manager - INFO - Registered callback for health_monitor
2025-09-04 00:15:58,541 - gui.main_window - INFO - Main window initialized
2025-09-04 00:15:58,541 - cyclops - INFO - Application started successfully
2025-09-04 00:16:19,533 - gui.region_selector - INFO - Started recording 1 emergency clicks
2025-09-04 00:16:21,298 - gui.region_selector - INFO - Recorded click 1 at (1770, 661)
2025-09-04 00:16:21,298 - gui.region_selector - INFO - Recording complete! Got 1 clicks out of 1 requested
2025-09-04 00:16:21,298 - gui.region_selector - INFO - Finished recording 1 emergency clicks
2025-09-04 00:16:28,083 - automation.food_eating - INFO - Added food position: (1770, 661) - Total positions: 1
2025-09-04 00:16:41,256 - automation.food_eating - INFO - Cleared all food positions
2025-09-04 00:16:44,816 - gui.region_selector - INFO - Started recording 1 emergency clicks
2025-09-04 00:16:45,835 - gui.region_selector - INFO - Recorded click 1 at (1770, 658)
2025-09-04 00:16:45,835 - gui.region_selector - INFO - Recording complete! Got 1 clicks out of 1 requested
2025-09-04 00:16:45,835 - gui.region_selector - INFO - Finished recording 1 emergency clicks
2025-09-04 00:16:55,324 - automation.food_eating - INFO - Added food position: (1770, 658) - Total positions: 1
2025-09-04 00:17:02,352 - gui.region_selector - INFO - Started recording 1 emergency clicks
2025-09-04 00:17:03,418 - gui.region_selector - INFO - Recorded click 1 at (1768, 659)
2025-09-04 00:17:03,419 - gui.region_selector - INFO - Recording complete! Got 1 clicks out of 1 requested
2025-09-04 00:17:03,419 - gui.region_selector - INFO - Finished recording 1 emergency clicks
2025-09-04 00:17:09,453 - automation.food_eating - INFO - Added food position: (1768, 659) - Total positions: 2
2025-09-04 00:17:44,884 - cyclops - INFO - Starting Cyclops Desktop Automation Application
2025-09-04 00:17:45,040 - utils.config_manager - INFO - Configuration loaded from config/default_config.json
2025-09-04 00:17:45,040 - utils.config_manager - INFO - Configuration manager initialized with: config/default_config.json
2025-09-04 00:17:45,040 - core.screen_capture - INFO - Screen resolution: 1920x1080
2025-09-04 00:17:45,040 - core.ocr_engine - INFO - Tesseract path set to: C:\Program Files\Tesseract-OCR\tesseract.exe
2025-09-04 00:17:45,041 - core.ocr_engine - INFO - OCR Engine initialized with language: eng
2025-09-04 00:17:45,041 - core.computer_vision - INFO - Computer Vision engine initialized
2025-09-04 00:17:45,041 - core.input_simulator - INFO - Input Simulator initialized
2025-09-04 00:17:45,041 - core.state_monitor - INFO - State Monitor initialized
2025-09-04 00:17:45,041 - core.computer_vision - INFO - Computer Vision engine initialized
2025-09-04 00:17:45,041 - automation.rune_creation - INFO - Rune Creation Automation initialized
2025-09-04 00:17:45,041 - automation.food_eating - INFO - Food Eating Automation initialized
2025-09-04 00:17:45,041 - automation.food_eating - INFO - Food positions: 0 configured
2025-09-04 00:17:45,041 - automation.food_eating - INFO - Click range: 3-6
2025-09-04 00:17:45,042 - automation.food_eating - INFO - Delay range: 4.0-8.0 minutes
2025-09-04 00:17:45,042 - automation.health_monitor - INFO - Health Monitor Automation initialized
2025-09-04 00:17:45,042 - automation.workflow_manager - INFO - All automation modules initialized
2025-09-04 00:17:45,042 - automation.workflow_manager - INFO - Workflow Manager initialized
2025-09-04 00:17:45,065 - gui.region_selector - INFO - Region overlay created at (1299, 617) - Border only
2025-09-04 00:17:45,065 - gui.main_window - INFO - Persistent overlay created at (1299, 617) - 148x93
2025-09-04 00:17:45,065 - automation.workflow_manager - INFO - Registered callback for health_monitor
2025-09-04 00:17:45,065 - gui.main_window - INFO - Main window initialized
2025-09-04 00:17:45,065 - cyclops - INFO - Application started successfully
2025-09-04 00:19:13,578 - cyclops - INFO - Starting Cyclops Desktop Automation Application
2025-09-04 00:19:13,741 - utils.config_manager - INFO - Configuration loaded from config/default_config.json
2025-09-04 00:19:13,741 - utils.config_manager - INFO - Configuration manager initialized with: config/default_config.json
2025-09-04 00:19:13,741 - core.screen_capture - INFO - Screen resolution: 1920x1080
2025-09-04 00:19:13,742 - core.ocr_engine - INFO - Tesseract path set to: C:\Program Files\Tesseract-OCR\tesseract.exe
2025-09-04 00:19:13,742 - core.ocr_engine - INFO - OCR Engine initialized with language: eng
2025-09-04 00:19:13,742 - core.computer_vision - INFO - Computer Vision engine initialized
2025-09-04 00:19:13,742 - core.input_simulator - INFO - Input Simulator initialized
2025-09-04 00:19:13,742 - core.state_monitor - INFO - State Monitor initialized
2025-09-04 00:19:13,742 - core.computer_vision - INFO - Computer Vision engine initialized
2025-09-04 00:19:13,743 - automation.rune_creation - INFO - Rune Creation Automation initialized
2025-09-04 00:19:13,743 - automation.food_eating - INFO - Food Eating Automation initialized
2025-09-04 00:19:13,743 - automation.food_eating - INFO - Food positions: 0 configured
2025-09-04 00:19:13,743 - automation.food_eating - INFO - Click range: 3-6
2025-09-04 00:19:13,743 - automation.food_eating - INFO - Delay range: 4.0-8.0 minutes
2025-09-04 00:19:13,743 - automation.health_monitor - INFO - Health Monitor Automation initialized
2025-09-04 00:19:13,743 - automation.workflow_manager - INFO - All automation modules initialized
2025-09-04 00:19:13,744 - automation.workflow_manager - INFO - Workflow Manager initialized
2025-09-04 00:19:13,772 - gui.region_selector - INFO - Region overlay created at (1299, 617) - Border only
2025-09-04 00:19:13,772 - gui.main_window - INFO - Persistent overlay created at (1299, 617) - 148x93
2025-09-04 00:19:13,772 - automation.workflow_manager - INFO - Registered callback for health_monitor
2025-09-04 00:19:13,772 - gui.main_window - INFO - Main window initialized
2025-09-04 00:19:13,772 - cyclops - INFO - Application started successfully
2025-09-04 00:19:56,836 - cyclops - INFO - Starting Cyclops Desktop Automation Application
2025-09-04 00:19:56,998 - utils.config_manager - INFO - Configuration loaded from config/default_config.json
2025-09-04 00:19:56,998 - utils.config_manager - INFO - Configuration manager initialized with: config/default_config.json
2025-09-04 00:19:56,998 - core.screen_capture - INFO - Screen resolution: 1920x1080
2025-09-04 00:19:56,998 - core.ocr_engine - INFO - Tesseract path set to: C:\Program Files\Tesseract-OCR\tesseract.exe
2025-09-04 00:19:56,998 - core.ocr_engine - INFO - OCR Engine initialized with language: eng
2025-09-04 00:19:56,998 - core.computer_vision - INFO - Computer Vision engine initialized
2025-09-04 00:19:56,998 - core.input_simulator - INFO - Input Simulator initialized
2025-09-04 00:19:56,998 - core.state_monitor - INFO - State Monitor initialized
2025-09-04 00:19:56,998 - core.computer_vision - INFO - Computer Vision engine initialized
2025-09-04 00:19:56,998 - automation.rune_creation - INFO - Rune Creation Automation initialized
2025-09-04 00:19:56,998 - automation.food_eating - INFO - Food Eating Automation initialized
2025-09-04 00:19:56,998 - automation.food_eating - INFO - Food positions: 0 configured
2025-09-04 00:19:56,998 - automation.food_eating - INFO - Click range: 3-6
2025-09-04 00:19:56,998 - automation.food_eating - INFO - Delay range: 4.0-8.0 minutes
2025-09-04 00:19:56,998 - automation.health_monitor - INFO - Health Monitor Automation initialized
2025-09-04 00:19:56,998 - automation.workflow_manager - INFO - All automation modules initialized
2025-09-04 00:19:56,998 - automation.workflow_manager - INFO - Workflow Manager initialized
2025-09-04 00:19:57,010 - gui.main_window - INFO - Updating food positions display. Current positions: []
2025-09-04 00:19:57,010 - gui.main_window - INFO - Updated display to: No positions configured (0/3)
2025-09-04 00:19:57,026 - gui.region_selector - INFO - Region overlay created at (1299, 617) - Border only
2025-09-04 00:19:57,026 - gui.main_window - INFO - Persistent overlay created at (1299, 617) - 148x93
2025-09-04 00:19:57,026 - automation.workflow_manager - INFO - Registered callback for health_monitor
2025-09-04 00:19:57,026 - gui.main_window - INFO - Main window initialized
2025-09-04 00:19:57,026 - cyclops - INFO - Application started successfully
2025-09-04 00:20:55,786 - cyclops - INFO - Starting Cyclops Desktop Automation Application
2025-09-04 00:20:55,956 - utils.config_manager - INFO - Configuration loaded from config/default_config.json
2025-09-04 00:20:55,956 - utils.config_manager - INFO - Configuration manager initialized with: config/default_config.json
2025-09-04 00:20:55,956 - core.screen_capture - INFO - Screen resolution: 1920x1080
2025-09-04 00:20:55,956 - core.ocr_engine - INFO - Tesseract path set to: C:\Program Files\Tesseract-OCR\tesseract.exe
2025-09-04 00:20:55,956 - core.ocr_engine - INFO - OCR Engine initialized with language: eng
2025-09-04 00:20:55,956 - core.computer_vision - INFO - Computer Vision engine initialized
2025-09-04 00:20:55,956 - core.input_simulator - INFO - Input Simulator initialized
2025-09-04 00:20:55,956 - core.state_monitor - INFO - State Monitor initialized
2025-09-04 00:20:55,956 - core.computer_vision - INFO - Computer Vision engine initialized
2025-09-04 00:20:55,956 - automation.rune_creation - INFO - Rune Creation Automation initialized
2025-09-04 00:20:55,956 - automation.food_eating - INFO - Food Eating Automation initialized
2025-09-04 00:20:55,956 - automation.food_eating - INFO - Food positions: 0 configured
2025-09-04 00:20:55,956 - automation.food_eating - INFO - Click range: 3-6
2025-09-04 00:20:55,956 - automation.food_eating - INFO - Delay range: 4.0-8.0 minutes
2025-09-04 00:20:55,957 - automation.health_monitor - INFO - Health Monitor Automation initialized
2025-09-04 00:20:55,957 - automation.workflow_manager - INFO - All automation modules initialized
2025-09-04 00:20:55,957 - automation.workflow_manager - INFO - Workflow Manager initialized
2025-09-04 00:20:55,969 - gui.main_window - INFO - Updating food positions display. Current positions: []
2025-09-04 00:20:55,969 - gui.main_window - INFO - Updated display to: No positions configured (0/3)
2025-09-04 00:20:55,989 - gui.region_selector - INFO - Region overlay created at (1299, 617) - Border only
2025-09-04 00:20:55,989 - gui.main_window - INFO - Persistent overlay created at (1299, 617) - 148x93
2025-09-04 00:20:55,989 - automation.workflow_manager - INFO - Registered callback for health_monitor
2025-09-04 00:20:55,990 - gui.main_window - INFO - Main window initialized
2025-09-04 00:20:55,990 - cyclops - INFO - Application started successfully
2025-09-04 00:21:07,974 - gui.region_selector - INFO - Started recording food position
2025-09-04 00:21:09,589 - gui.region_selector - INFO - Recorded food position at (1769, 657)
2025-09-04 00:21:10,626 - gui.main_window - INFO - Food position recording callback received: [(1769, 657)]
2025-09-04 00:21:10,626 - gui.main_window - INFO - Processing recorded food position: (1769, 657)
2025-09-04 00:21:10,628 - gui.main_window - INFO - Adding food position to automation: (1769, 657)
2025-09-04 00:21:10,630 - automation.food_eating - INFO - Added food position: (1769, 657) - Total positions: 1
2025-09-04 00:21:10,631 - gui.main_window - INFO - Updating food positions display. Current positions: [[1769, 657]]
2025-09-04 00:21:10,634 - gui.main_window - INFO - Updated display to: Positions: (1769, 657) (1/3)
2025-09-04 00:21:10,636 - gui.main_window - INFO - Successfully added food position: (1769, 657)
2025-09-04 00:21:24,086 - gui.region_selector - INFO - Started recording food position
2025-09-04 00:21:25,336 - gui.region_selector - INFO - Recorded food position at (1776, 661)
2025-09-04 00:21:26,361 - gui.main_window - INFO - Food position recording callback received: [(1776, 661)]
2025-09-04 00:21:26,361 - gui.main_window - INFO - Processing recorded food position: (1776, 661)
2025-09-04 00:21:26,364 - gui.main_window - INFO - Adding food position to automation: (1776, 661)
2025-09-04 00:21:26,367 - automation.food_eating - INFO - Added food position: (1776, 661) - Total positions: 2
2025-09-04 00:21:26,369 - gui.main_window - INFO - Updating food positions display. Current positions: [[1769, 657], [1776, 661]]
2025-09-04 00:21:26,373 - gui.main_window - INFO - Updated display to: Positions: (1769, 657), (1776, 661) (2/3)
2025-09-04 00:21:26,375 - gui.main_window - INFO - Successfully added food position: (1776, 661)
2025-09-04 00:21:31,951 - gui.region_selector - INFO - Started recording food position
2025-09-04 00:21:33,021 - gui.region_selector - INFO - Recorded food position at (1778, 654)
2025-09-04 00:21:34,043 - gui.main_window - INFO - Food position recording callback received: [(1778, 654)]
2025-09-04 00:21:34,043 - gui.main_window - INFO - Processing recorded food position: (1778, 654)
2025-09-04 00:21:34,045 - gui.main_window - INFO - Adding food position to automation: (1778, 654)
2025-09-04 00:21:34,047 - automation.food_eating - INFO - Added food position: (1778, 654) - Total positions: 3
2025-09-04 00:21:34,049 - gui.main_window - INFO - Updating food positions display. Current positions: [[1769, 657], [1776, 661], [1778, 654]]
2025-09-04 00:21:34,051 - gui.main_window - INFO - Updated display to: Positions: (1769, 657), (1776, 661), (1778, 654) (3/3)
2025-09-04 00:21:34,053 - gui.main_window - INFO - Successfully added food position: (1778, 654)
2025-09-04 00:24:48,967 - cyclops - INFO - Starting Cyclops Desktop Automation Application
2025-09-04 00:24:49,136 - utils.config_manager - INFO - Configuration loaded from config/default_config.json
2025-09-04 00:24:49,136 - utils.config_manager - INFO - Configuration manager initialized with: config/default_config.json
2025-09-04 00:24:49,136 - core.screen_capture - INFO - Screen resolution: 1920x1080
2025-09-04 00:24:49,136 - core.ocr_engine - INFO - Tesseract path set to: C:\Program Files\Tesseract-OCR\tesseract.exe
2025-09-04 00:24:49,137 - core.ocr_engine - INFO - OCR Engine initialized with language: eng
2025-09-04 00:24:49,137 - core.computer_vision - INFO - Computer Vision engine initialized
2025-09-04 00:24:49,137 - core.input_simulator - INFO - Input Simulator initialized
2025-09-04 00:24:49,137 - core.state_monitor - INFO - State Monitor initialized
2025-09-04 00:24:49,137 - core.computer_vision - INFO - Computer Vision engine initialized
2025-09-04 00:24:49,137 - automation.rune_creation - INFO - Rune Creation Automation initialized
2025-09-04 00:24:49,137 - automation.food_eating - INFO - Food Eating Automation initialized
2025-09-04 00:24:49,138 - automation.food_eating - INFO - Food positions: 0 configured
2025-09-04 00:24:49,138 - automation.food_eating - INFO - Click range: 3-6
2025-09-04 00:24:49,138 - automation.food_eating - INFO - Delay range: 4.0-8.0 minutes
2025-09-04 00:24:49,138 - automation.health_monitor - INFO - Health Monitor Automation initialized
2025-09-04 00:24:49,138 - automation.workflow_manager - INFO - All automation modules initialized
2025-09-04 00:24:49,138 - automation.workflow_manager - INFO - Workflow Manager initialized
2025-09-04 00:24:49,149 - gui.main_window - INFO - Updating food positions display. Current positions: []
2025-09-04 00:24:49,149 - gui.main_window - INFO - Updated display to: No positions configured (0/3)
2025-09-04 00:24:49,166 - gui.region_selector - INFO - Region overlay created at (1299, 617) - Border only
2025-09-04 00:24:49,166 - gui.main_window - INFO - Persistent overlay created at (1299, 617) - 148x93
2025-09-04 00:24:49,166 - automation.workflow_manager - INFO - Registered callback for health_monitor
2025-09-04 00:24:49,166 - gui.main_window - INFO - Main window initialized
2025-09-04 00:24:49,166 - cyclops - INFO - Application started successfully
2025-09-04 00:25:19,059 - cyclops - INFO - Starting Cyclops Desktop Automation Application
2025-09-04 00:25:19,227 - utils.config_manager - INFO - Configuration loaded from config/default_config.json
2025-09-04 00:25:19,228 - utils.config_manager - INFO - Configuration manager initialized with: config/default_config.json
2025-09-04 00:25:19,228 - core.screen_capture - INFO - Screen resolution: 1920x1080
2025-09-04 00:25:19,228 - core.ocr_engine - INFO - Tesseract path set to: C:\Program Files\Tesseract-OCR\tesseract.exe
2025-09-04 00:25:19,228 - core.ocr_engine - INFO - OCR Engine initialized with language: eng
2025-09-04 00:25:19,228 - core.computer_vision - INFO - Computer Vision engine initialized
2025-09-04 00:25:19,228 - core.input_simulator - INFO - Input Simulator initialized
2025-09-04 00:25:19,228 - core.state_monitor - INFO - State Monitor initialized
2025-09-04 00:25:19,228 - core.computer_vision - INFO - Computer Vision engine initialized
2025-09-04 00:25:19,228 - automation.rune_creation - INFO - Rune Creation Automation initialized
2025-09-04 00:25:19,228 - automation.food_eating - INFO - Food Eating Automation initialized
2025-09-04 00:25:19,229 - automation.food_eating - INFO - Food positions: 0 configured
2025-09-04 00:25:19,229 - automation.food_eating - INFO - Click range: 3-6
2025-09-04 00:25:19,229 - automation.food_eating - INFO - Delay range: 4.0-8.0 minutes
2025-09-04 00:25:19,229 - automation.health_monitor - INFO - Health Monitor Automation initialized
2025-09-04 00:25:19,229 - automation.workflow_manager - INFO - All automation modules initialized
2025-09-04 00:25:19,229 - automation.workflow_manager - INFO - Workflow Manager initialized
2025-09-04 00:25:19,241 - gui.main_window - INFO - Updating food positions display. Current positions: []
2025-09-04 00:25:19,241 - gui.main_window - INFO - Updated display to: No positions configured (0/3)
2025-09-04 00:25:19,261 - gui.region_selector - INFO - Region overlay created at (1299, 617) - Border only
2025-09-04 00:25:19,261 - gui.main_window - INFO - Persistent overlay created at (1299, 617) - 148x93
2025-09-04 00:25:19,261 - automation.workflow_manager - INFO - Registered callback for health_monitor
2025-09-04 00:25:19,261 - gui.main_window - INFO - Main window initialized
2025-09-04 00:25:19,261 - cyclops - INFO - Application started successfully
2025-09-04 00:25:32,397 - gui.region_selector - INFO - Started recording 3 food positions
2025-09-04 00:25:33,971 - gui.region_selector - INFO - Recorded food position 1 at (1769, 661)
2025-09-04 00:25:34,635 - gui.region_selector - INFO - Recorded food position 2 at (1770, 661)
2025-09-04 00:25:35,313 - gui.region_selector - INFO - Recorded final food position 3 at (1776, 661)
2025-09-04 00:25:36,852 - gui.main_window - INFO - Food position recording callback received: [(1769, 661), (1770, 661), (1776, 661)]
2025-09-04 00:25:36,852 - automation.food_eating - INFO - Cleared all food positions
2025-09-04 00:25:36,856 - gui.main_window - INFO - Adding food position 1: (1769, 661)
2025-09-04 00:25:36,860 - automation.food_eating - INFO - Added food position: (1769, 661) - Total positions: 1
2025-09-04 00:25:36,863 - gui.main_window - INFO - Successfully added food position 1: (1769, 661)
2025-09-04 00:25:36,865 - gui.main_window - INFO - Adding food position 2: (1770, 661)
2025-09-04 00:25:36,869 - automation.food_eating - INFO - Added food position: (1770, 661) - Total positions: 2
2025-09-04 00:25:36,872 - gui.main_window - INFO - Successfully added food position 2: (1770, 661)
2025-09-04 00:25:36,876 - gui.main_window - INFO - Adding food position 3: (1776, 661)
2025-09-04 00:25:36,878 - automation.food_eating - INFO - Added food position: (1776, 661) - Total positions: 3
2025-09-04 00:25:36,880 - gui.main_window - INFO - Successfully added food position 3: (1776, 661)
2025-09-04 00:25:36,882 - gui.main_window - INFO - Updating food positions display. Current positions: [[1769, 661], [1770, 661], [1776, 661]]
2025-09-04 00:25:36,885 - gui.main_window - INFO - Updated display to: Positions: (1769, 661), (1770, 661), (1776, 661) (3/3)
2025-09-04 00:25:58,076 - gui.main_window - INFO - Testing food eating logic...
2025-09-04 00:26:04,412 - automation.food_eating - INFO - Starting food eating sequence at position (1769, 661) with 5 clicks
2025-09-04 00:26:07,165 - gui.main_window - ERROR - Food eating test failed
2025-09-04 00:26:13,574 - gui.main_window - INFO - Testing food eating logic...
2025-09-04 00:26:15,686 - automation.food_eating - INFO - Starting food eating sequence at position (1776, 661) with 4 clicks
2025-09-04 00:26:17,186 - gui.main_window - ERROR - Food eating test failed
2025-09-04 00:27:43,679 - cyclops - INFO - Starting Cyclops Desktop Automation Application
2025-09-04 00:27:43,850 - utils.config_manager - INFO - Configuration loaded from config/default_config.json
2025-09-04 00:27:43,851 - utils.config_manager - INFO - Configuration manager initialized with: config/default_config.json
2025-09-04 00:27:43,851 - core.screen_capture - INFO - Screen resolution: 1920x1080
2025-09-04 00:27:43,851 - core.ocr_engine - INFO - Tesseract path set to: C:\Program Files\Tesseract-OCR\tesseract.exe
2025-09-04 00:27:43,851 - core.ocr_engine - INFO - OCR Engine initialized with language: eng
2025-09-04 00:27:43,851 - core.computer_vision - INFO - Computer Vision engine initialized
2025-09-04 00:27:43,851 - core.input_simulator - INFO - Input Simulator initialized
2025-09-04 00:27:43,852 - core.state_monitor - INFO - State Monitor initialized
2025-09-04 00:27:43,852 - core.computer_vision - INFO - Computer Vision engine initialized
2025-09-04 00:27:43,852 - automation.rune_creation - INFO - Rune Creation Automation initialized
2025-09-04 00:27:43,852 - automation.food_eating - INFO - Food Eating Automation initialized
2025-09-04 00:27:43,852 - automation.food_eating - INFO - Food positions: 0 configured
2025-09-04 00:27:43,852 - automation.food_eating - INFO - Click range: 3-6
2025-09-04 00:27:43,852 - automation.food_eating - INFO - Delay range: 4.0-8.0 minutes
2025-09-04 00:27:43,852 - automation.health_monitor - INFO - Health Monitor Automation initialized
2025-09-04 00:27:43,852 - automation.workflow_manager - INFO - All automation modules initialized
2025-09-04 00:27:43,853 - automation.workflow_manager - INFO - Workflow Manager initialized
2025-09-04 00:27:43,864 - gui.main_window - INFO - Updating food positions display. Current positions: []
2025-09-04 00:27:43,864 - gui.main_window - INFO - Updated display to: No positions configured (0/3)
2025-09-04 00:27:43,878 - gui.region_selector - INFO - Region overlay created at (1299, 617) - Border only
2025-09-04 00:27:43,879 - gui.main_window - INFO - Persistent overlay created at (1299, 617) - 148x93
2025-09-04 00:27:43,879 - automation.workflow_manager - INFO - Registered callback for health_monitor
2025-09-04 00:27:43,879 - gui.main_window - INFO - Main window initialized
2025-09-04 00:27:43,879 - cyclops - INFO - Application started successfully
2025-09-04 00:28:06,597 - cyclops - INFO - Starting Cyclops Desktop Automation Application
2025-09-04 00:28:06,764 - utils.config_manager - INFO - Configuration loaded from config/default_config.json
2025-09-04 00:28:06,764 - utils.config_manager - INFO - Configuration manager initialized with: config/default_config.json
2025-09-04 00:28:06,764 - core.screen_capture - INFO - Screen resolution: 1920x1080
2025-09-04 00:28:06,764 - core.ocr_engine - INFO - Tesseract path set to: C:\Program Files\Tesseract-OCR\tesseract.exe
2025-09-04 00:28:06,765 - core.ocr_engine - INFO - OCR Engine initialized with language: eng
2025-09-04 00:28:06,765 - core.computer_vision - INFO - Computer Vision engine initialized
2025-09-04 00:28:06,765 - core.input_simulator - INFO - Input Simulator initialized
2025-09-04 00:28:06,765 - core.state_monitor - INFO - State Monitor initialized
2025-09-04 00:28:06,765 - core.computer_vision - INFO - Computer Vision engine initialized
2025-09-04 00:28:06,766 - automation.rune_creation - INFO - Rune Creation Automation initialized
2025-09-04 00:28:06,766 - automation.food_eating - INFO - Food Eating Automation initialized
2025-09-04 00:28:06,766 - automation.food_eating - INFO - Food positions: 0 configured
2025-09-04 00:28:06,766 - automation.food_eating - INFO - Click range: 3-6
2025-09-04 00:28:06,766 - automation.food_eating - INFO - Delay range: 4.0-8.0 minutes
2025-09-04 00:28:06,766 - automation.health_monitor - INFO - Health Monitor Automation initialized
2025-09-04 00:28:06,766 - automation.workflow_manager - INFO - All automation modules initialized
2025-09-04 00:28:06,766 - automation.workflow_manager - INFO - Workflow Manager initialized
2025-09-04 00:28:06,782 - gui.main_window - INFO - Updating food positions display. Current positions: []
2025-09-04 00:28:06,782 - gui.main_window - INFO - Updated display to: No positions configured (0/3)
2025-09-04 00:28:06,799 - gui.region_selector - INFO - Region overlay created at (1299, 617) - Border only
2025-09-04 00:28:06,799 - gui.main_window - INFO - Persistent overlay created at (1299, 617) - 148x93
2025-09-04 00:28:06,799 - automation.workflow_manager - INFO - Registered callback for health_monitor
2025-09-04 00:28:06,799 - gui.main_window - INFO - Main window initialized
2025-09-04 00:28:06,799 - cyclops - INFO - Application started successfully
2025-09-04 00:28:13,794 - gui.region_selector - INFO - Started recording 3 food positions
2025-09-04 00:28:16,627 - gui.region_selector - INFO - Recorded food position 1 at (1767, 659)
2025-09-04 00:28:17,012 - gui.region_selector - INFO - Recorded food position 2 at (1771, 659)
2025-09-04 00:28:17,478 - gui.region_selector - INFO - Recorded final food position 3 at (1776, 659)
2025-09-04 00:28:18,996 - gui.main_window - INFO - Food position recording callback received: [(1767, 659), (1771, 659), (1776, 659)]
2025-09-04 00:28:18,996 - automation.food_eating - INFO - Cleared all food positions
2025-09-04 00:28:18,998 - gui.main_window - INFO - Adding food position 1: (1767, 659)
2025-09-04 00:28:19,000 - automation.food_eating - INFO - Added food position: (1767, 659) - Total positions: 1
2025-09-04 00:28:19,003 - gui.main_window - INFO - Successfully added food position 1: (1767, 659)
2025-09-04 00:28:19,005 - gui.main_window - INFO - Adding food position 2: (1771, 659)
2025-09-04 00:28:19,007 - automation.food_eating - INFO - Added food position: (1771, 659) - Total positions: 2
2025-09-04 00:28:19,010 - gui.main_window - INFO - Successfully added food position 2: (1771, 659)
2025-09-04 00:28:19,011 - gui.main_window - INFO - Adding food position 3: (1776, 659)
2025-09-04 00:28:19,012 - automation.food_eating - INFO - Added food position: (1776, 659) - Total positions: 3
2025-09-04 00:28:19,014 - gui.main_window - INFO - Successfully added food position 3: (1776, 659)
2025-09-04 00:28:19,015 - gui.main_window - INFO - Updating food positions display. Current positions: [[1767, 659], [1771, 659], [1776, 659]]
2025-09-04 00:28:19,016 - gui.main_window - INFO - Updated display to: Positions: (1767, 659), (1771, 659), (1776, 659) (3/3)
2025-09-04 00:28:26,723 - gui.main_window - INFO - Testing food eating logic with 3 positions...
2025-09-04 00:28:26,723 - automation.food_eating - INFO - Starting food eating sequence at position (1767, 659) with 3 clicks
2025-09-04 00:28:32,317 - automation.food_eating - INFO - Food eating sequence completed: 3 clicks at position (1767, 659)
2025-09-04 00:28:32,317 - gui.main_window - INFO - Food eating test completed successfully
2025-09-04 00:28:55,987 - gui.main_window - INFO - Testing food eating logic with 3 positions...
2025-09-04 00:28:55,987 - automation.food_eating - INFO - Starting food eating sequence at position (1767, 659) with 5 clicks
2025-09-04 00:29:06,736 - automation.food_eating - INFO - Food eating sequence completed: 5 clicks at position (1767, 659)
2025-09-04 00:29:06,736 - gui.main_window - INFO - Food eating test completed successfully
2025-09-04 00:31:33,438 - cyclops - INFO - Starting Cyclops Desktop Automation Application
2025-09-04 00:31:33,602 - utils.config_manager - INFO - Configuration loaded from config/default_config.json
2025-09-04 00:31:33,602 - utils.config_manager - INFO - Configuration manager initialized with: config/default_config.json
2025-09-04 00:31:33,602 - core.screen_capture - INFO - Screen resolution: 1920x1080
2025-09-04 00:31:33,602 - core.ocr_engine - INFO - Tesseract path set to: C:\Program Files\Tesseract-OCR\tesseract.exe
2025-09-04 00:31:33,602 - core.ocr_engine - INFO - OCR Engine initialized with language: eng
2025-09-04 00:31:33,602 - core.computer_vision - INFO - Computer Vision engine initialized
2025-09-04 00:31:33,602 - core.input_simulator - INFO - Input Simulator initialized
2025-09-04 00:31:33,603 - core.state_monitor - INFO - State Monitor initialized
2025-09-04 00:31:33,603 - core.computer_vision - INFO - Computer Vision engine initialized
2025-09-04 00:31:33,603 - automation.rune_creation - INFO - Rune Creation Automation initialized
2025-09-04 00:31:33,603 - automation.food_eating - INFO - Food Eating Automation initialized
2025-09-04 00:31:33,603 - automation.food_eating - INFO - Food positions: 0 configured
2025-09-04 00:31:33,603 - automation.food_eating - INFO - Click range: 3-6
2025-09-04 00:31:33,603 - automation.food_eating - INFO - Delay range: 4.0-8.0 minutes
2025-09-04 00:31:33,603 - automation.health_monitor - INFO - Health Monitor Automation initialized
2025-09-04 00:31:33,603 - automation.workflow_manager - INFO - All automation modules initialized
2025-09-04 00:31:33,603 - automation.workflow_manager - INFO - Workflow Manager initialized
2025-09-04 00:31:33,613 - gui.main_window - INFO - Updating food positions display. Current positions: []
2025-09-04 00:31:33,614 - gui.main_window - INFO - Updated display to: No positions configured (0/3)
2025-09-04 00:31:33,626 - gui.region_selector - INFO - Region overlay created at (1299, 617) - Border only
2025-09-04 00:31:33,627 - gui.main_window - INFO - Persistent overlay created at (1299, 617) - 148x93
2025-09-04 00:31:33,627 - automation.workflow_manager - INFO - Registered callback for health_monitor
2025-09-04 00:31:33,627 - gui.main_window - INFO - Main window initialized
2025-09-04 00:31:33,627 - cyclops - INFO - Application started successfully
2025-09-04 00:31:54,867 - cyclops - INFO - Starting Cyclops Desktop Automation Application
2025-09-04 00:31:55,033 - utils.config_manager - INFO - Configuration loaded from config/default_config.json
2025-09-04 00:31:55,033 - utils.config_manager - INFO - Configuration manager initialized with: config/default_config.json
2025-09-04 00:31:55,033 - core.screen_capture - INFO - Screen resolution: 1920x1080
2025-09-04 00:31:55,033 - core.ocr_engine - INFO - Tesseract path set to: C:\Program Files\Tesseract-OCR\tesseract.exe
2025-09-04 00:31:55,033 - core.ocr_engine - INFO - OCR Engine initialized with language: eng
2025-09-04 00:31:55,033 - core.computer_vision - INFO - Computer Vision engine initialized
2025-09-04 00:31:55,033 - core.input_simulator - INFO - Input Simulator initialized
2025-09-04 00:31:55,033 - core.state_monitor - INFO - State Monitor initialized
2025-09-04 00:31:55,033 - core.computer_vision - INFO - Computer Vision engine initialized
2025-09-04 00:31:55,033 - automation.rune_creation - INFO - Rune Creation Automation initialized
2025-09-04 00:31:55,034 - automation.food_eating - INFO - Food Eating Automation initialized
2025-09-04 00:31:55,035 - automation.food_eating - INFO - Food positions: 0 configured
2025-09-04 00:31:55,035 - automation.food_eating - INFO - Click range: 3-6
2025-09-04 00:31:55,035 - automation.food_eating - INFO - Delay range: 4.0-8.0 minutes
2025-09-04 00:31:55,035 - automation.health_monitor - INFO - Health Monitor Automation initialized
2025-09-04 00:31:55,035 - automation.workflow_manager - INFO - All automation modules initialized
2025-09-04 00:31:55,035 - automation.workflow_manager - INFO - Workflow Manager initialized
2025-09-04 00:31:55,048 - gui.main_window - INFO - Updating food positions display. Current positions: []
2025-09-04 00:31:55,049 - gui.main_window - INFO - Updated display to: No positions configured (0/3)
2025-09-04 00:31:55,066 - gui.region_selector - INFO - Region overlay created at (1299, 617) - Border only
2025-09-04 00:31:55,066 - gui.main_window - INFO - Persistent overlay created at (1299, 617) - 148x93
2025-09-04 00:31:55,066 - automation.workflow_manager - INFO - Registered callback for health_monitor
2025-09-04 00:31:55,066 - gui.main_window - INFO - Main window initialized
2025-09-04 00:31:55,066 - cyclops - INFO - Application started successfully
2025-09-04 00:32:07,754 - gui.region_selector - INFO - Started recording 3 food positions
2025-09-04 00:32:09,344 - gui.region_selector - INFO - Recorded food position 1 at (1772, 656)
2025-09-04 00:32:09,777 - gui.region_selector - INFO - Recorded food position 2 at (1765, 663)
2025-09-04 00:32:10,547 - gui.region_selector - INFO - Recorded final food position 3 at (1774, 663)
2025-09-04 00:32:12,077 - gui.main_window - INFO - Food position recording callback received: [(1772, 656), (1765, 663), (1774, 663)]
2025-09-04 00:32:12,077 - automation.food_eating - INFO - Cleared all food positions
2025-09-04 00:32:12,080 - gui.main_window - INFO - Adding food position 1: (1772, 656)
2025-09-04 00:32:12,083 - automation.food_eating - INFO - Added food position: (1772, 656) - Total positions: 1
2025-09-04 00:32:12,086 - gui.main_window - INFO - Successfully added food position 1: (1772, 656)
2025-09-04 00:32:12,090 - gui.main_window - INFO - Adding food position 2: (1765, 663)
2025-09-04 00:32:12,090 - automation.food_eating - INFO - Added food position: (1765, 663) - Total positions: 2
2025-09-04 00:32:12,093 - gui.main_window - INFO - Successfully added food position 2: (1765, 663)
2025-09-04 00:32:12,093 - gui.main_window - INFO - Adding food position 3: (1774, 663)
2025-09-04 00:32:12,095 - automation.food_eating - INFO - Added food position: (1774, 663) - Total positions: 3
2025-09-04 00:32:12,097 - gui.main_window - INFO - Successfully added food position 3: (1774, 663)
2025-09-04 00:32:12,100 - gui.main_window - INFO - Updating food positions display. Current positions: [[1772, 656], [1765, 663], [1774, 663]]
2025-09-04 00:32:12,103 - gui.main_window - INFO - Updated display to: Positions: (1772, 656), (1765, 663), (1774, 663) (3/3)
2025-09-04 00:32:46,477 - gui.main_window - INFO - Testing food eating logic with 3 positions...
2025-09-04 00:32:46,478 - automation.food_eating - INFO - Starting food eating sequence at position (1765, 663) with 3 clicks
2025-09-04 00:32:47,844 - automation.food_eating - INFO - Food eating sequence completed: 3 clicks at position (1765, 663)
2025-09-04 00:32:47,844 - gui.main_window - INFO - Food eating test completed successfully
2025-09-04 00:32:55,317 - cyclops - INFO - Starting Cyclops Desktop Automation Application
2025-09-04 00:32:55,487 - utils.config_manager - INFO - Configuration loaded from config/default_config.json
2025-09-04 00:32:55,488 - utils.config_manager - INFO - Configuration manager initialized with: config/default_config.json
2025-09-04 00:32:55,488 - core.screen_capture - INFO - Screen resolution: 1920x1080
2025-09-04 00:32:55,488 - core.ocr_engine - INFO - Tesseract path set to: C:\Program Files\Tesseract-OCR\tesseract.exe
2025-09-04 00:32:55,488 - core.ocr_engine - INFO - OCR Engine initialized with language: eng
2025-09-04 00:32:55,488 - core.computer_vision - INFO - Computer Vision engine initialized
2025-09-04 00:32:55,489 - core.input_simulator - INFO - Input Simulator initialized
2025-09-04 00:32:55,489 - core.state_monitor - INFO - State Monitor initialized
2025-09-04 00:32:55,489 - core.computer_vision - INFO - Computer Vision engine initialized
2025-09-04 00:32:55,489 - automation.rune_creation - INFO - Rune Creation Automation initialized
2025-09-04 00:32:55,489 - automation.food_eating - INFO - Food Eating Automation initialized
2025-09-04 00:32:55,489 - automation.food_eating - INFO - Food positions: 0 configured
2025-09-04 00:32:55,490 - automation.food_eating - INFO - Click range: 3-6
2025-09-04 00:32:55,490 - automation.food_eating - INFO - Delay range: 4.0-8.0 minutes
2025-09-04 00:32:55,490 - automation.health_monitor - INFO - Health Monitor Automation initialized
2025-09-04 00:32:55,490 - automation.workflow_manager - INFO - All automation modules initialized
2025-09-04 00:32:55,490 - automation.workflow_manager - INFO - Workflow Manager initialized
2025-09-04 00:32:55,504 - gui.main_window - INFO - Updating food positions display. Current positions: []
2025-09-04 00:32:55,504 - gui.main_window - INFO - Updated display to: No positions configured (0/3)
2025-09-04 00:32:55,525 - gui.region_selector - INFO - Region overlay created at (1299, 617) - Border only
2025-09-04 00:32:55,525 - gui.main_window - INFO - Persistent overlay created at (1299, 617) - 148x93
2025-09-04 00:32:55,526 - automation.workflow_manager - INFO - Registered callback for health_monitor
2025-09-04 00:32:55,526 - gui.main_window - INFO - Main window initialized
2025-09-04 00:32:55,526 - cyclops - INFO - Application started successfully
2025-09-04 00:32:56,574 - gui.region_selector - INFO - Started recording 3 food positions
2025-09-04 00:32:58,177 - gui.region_selector - INFO - Recorded food position 1 at (1776, 657)
2025-09-04 00:32:58,604 - gui.region_selector - INFO - Recorded food position 2 at (1774, 658)
2025-09-04 00:32:58,994 - gui.region_selector - INFO - Recorded final food position 3 at (1773, 659)
2025-09-04 00:33:00,524 - gui.main_window - INFO - Food position recording callback received: [(1776, 657), (1774, 658), (1773, 659)]
2025-09-04 00:33:00,525 - automation.food_eating - INFO - Cleared all food positions
2025-09-04 00:33:00,527 - gui.main_window - INFO - Adding food position 1: (1776, 657)
2025-09-04 00:33:00,530 - automation.food_eating - INFO - Added food position: (1776, 657) - Total positions: 1
2025-09-04 00:33:00,532 - gui.main_window - INFO - Successfully added food position 1: (1776, 657)
2025-09-04 00:33:00,534 - gui.main_window - INFO - Adding food position 2: (1774, 658)
2025-09-04 00:33:00,536 - automation.food_eating - INFO - Added food position: (1774, 658) - Total positions: 2
2025-09-04 00:33:00,537 - gui.main_window - INFO - Successfully added food position 2: (1774, 658)
2025-09-04 00:33:00,540 - gui.main_window - INFO - Adding food position 3: (1773, 659)
2025-09-04 00:33:00,543 - automation.food_eating - INFO - Added food position: (1773, 659) - Total positions: 3
2025-09-04 00:33:00,544 - gui.main_window - INFO - Successfully added food position 3: (1773, 659)
2025-09-04 00:33:00,546 - gui.main_window - INFO - Updating food positions display. Current positions: [[1776, 657], [1774, 658], [1773, 659]]
2025-09-04 00:33:00,547 - gui.main_window - INFO - Updated display to: Positions: (1776, 657), (1774, 658), (1773, 659) (3/3)
2025-09-04 00:33:02,276 - gui.main_window - INFO - Testing food eating logic with 3 positions...
2025-09-04 00:33:02,276 - automation.food_eating - INFO - Starting food eating sequence at position (1773, 659) with 5 clicks
2025-09-04 00:33:04,211 - automation.food_eating - INFO - Food eating sequence completed: 5 clicks at position (1773, 659)
2025-09-04 00:33:04,211 - gui.main_window - INFO - Food eating test completed successfully
2025-09-04 00:33:11,692 - gui.main_window - INFO - Testing food eating logic with 3 positions...
2025-09-04 00:33:11,692 - automation.food_eating - INFO - Starting food eating sequence at position (1776, 657) with 4 clicks
2025-09-04 00:33:13,220 - automation.food_eating - INFO - Food eating sequence completed: 4 clicks at position (1776, 657)
2025-09-04 00:33:13,220 - gui.main_window - INFO - Food eating test completed successfully
2025-09-04 00:33:39,898 - gui.main_window - INFO - Testing food eating logic with 3 positions...
2025-09-04 00:33:39,898 - automation.food_eating - INFO - Starting food eating sequence at position (1774, 658) with 5 clicks
2025-09-04 00:33:41,756 - automation.food_eating - INFO - Food eating sequence completed: 5 clicks at position (1774, 658)
2025-09-04 00:33:41,756 - gui.main_window - INFO - Food eating test completed successfully
2025-09-04 00:34:05,571 - gui.main_window - INFO - Testing food eating logic with 3 positions...
2025-09-04 00:34:05,571 - automation.food_eating - INFO - Starting food eating sequence at position (1776, 657) with 5 clicks
2025-09-04 00:34:07,399 - automation.food_eating - INFO - Food eating sequence completed: 5 clicks at position (1776, 657)
2025-09-04 00:34:07,399 - gui.main_window - INFO - Food eating test completed successfully
2025-09-04 00:34:39,226 - gui.main_window - INFO - Updated food_eating.enabled = True
2025-09-04 00:34:43,723 - gui.main_window - INFO - Starting automations: ['food_eating', 'health_monitor']
2025-09-04 00:34:43,723 - automation.workflow_manager - INFO - Created custom workflow: custom_automation
2025-09-04 00:34:43,723 - automation.workflow_manager - INFO - Starting workflow: custom_automation
2025-09-04 00:34:43,724 - automation.workflow_manager - INFO - Running automation: food_eating
2025-09-04 00:34:43,724 - automation.workflow_manager - INFO - Started automation: food_eating
2025-09-04 00:34:43,724 - automation.food_eating - INFO - Starting food eating automation
2025-09-04 00:34:43,724 - automation.food_eating - INFO - Next food eating scheduled in 7.6 minutes at 00:42:22
2025-09-04 00:34:43,724 - automation.workflow_manager - INFO - Running automation: health_monitor
2025-09-04 00:34:43,724 - automation.workflow_manager - INFO - Started automation: health_monitor
2025-09-04 00:34:43,724 - gui.main_window - INFO - Health monitoring started - updating overlay to green
2025-09-04 00:34:43,725 - automation.workflow_manager - INFO - Workflow 'custom_automation' started successfully
2025-09-04 00:34:43,727 - automation.health_monitor - INFO - Starting health monitoring automation
2025-09-04 00:34:43,727 - automation.health_monitor - INFO - Setting up health monitoring:
2025-09-04 00:34:43,728 - automation.health_monitor - INFO -   Region: (1299, 617, 148, 93)
2025-09-04 00:34:43,728 - automation.health_monitor - INFO -   Low health threshold: 50.0%
2025-09-04 00:34:43,729 - automation.health_monitor - INFO -   Max health: 800
2025-09-04 00:34:43,730 - core.state_monitor - INFO - Registered condition: image_search_monitor
2025-09-04 00:34:43,731 - automation.health_monitor - INFO - Setup health monitoring with condition: image_search_monitor
2025-09-04 00:34:43,759 - core.state_monitor - INFO - State monitoring started
2025-09-04 00:34:43,806 - gui.region_selector - INFO - Region overlay created at (1299, 617) - Border only
2025-09-04 00:34:43,806 - automation.health_monitor - INFO - Region overlay created
2025-09-04 00:34:43,810 - automation.health_monitor - INFO - Starting health monitoring loop...
2025-09-04 00:34:43,811 - automation.health_monitor - INFO - Health monitoring active - Image not found! Confidence: 0.497
2025-09-04 00:34:43,815 - automation.health_monitor - WARNING - HEALTH IMAGE NOT FOUND! Emergency detected !!
2025-09-04 00:34:43,817 - automation.health_monitor - WARNING - Executing emergency response sequence...
2025-09-04 00:34:44,021 - automation.health_monitor - INFO - Emergency response sequence completed
2025-09-04 00:34:44,021 - automation.health_monitor - WARNING - Emergency response executed. Stopping automation.
2025-09-04 00:34:44,022 - gui.main_window - WARNING - Emergency stop triggered - stopping all automations
2025-09-04 00:34:44,022 - automation.workflow_manager - INFO - Stopping all workflows...
2025-09-04 00:34:44,022 - automation.workflow_manager - INFO - Stopping workflow: custom_automation
2025-09-04 00:34:44,023 - automation.food_eating - INFO - Stopping food eating automation
2025-09-04 00:34:46,028 - automation.workflow_manager - INFO - Stopped automation: food_eating
2025-09-04 00:34:46,028 - automation.health_monitor - INFO - Stopping health monitoring automation
2025-09-04 00:34:46,033 - gui.region_selector - INFO - Region overlay destroyed
2025-09-04 00:34:46,033 - automation.workflow_manager - WARNING - Skipping thread join for health_monitor - current thread
2025-09-04 00:34:46,033 - automation.workflow_manager - INFO - Stopped automation: health_monitor
2025-09-04 00:34:46,034 - automation.workflow_manager - INFO - Workflow 'custom_automation' stopped successfully
2025-09-04 00:34:46,034 - automation.workflow_manager - INFO - All workflows stopped
2025-09-04 00:34:48,488 - automation.health_monitor - INFO - Health monitoring stopped due to emergency response
2025-09-04 00:34:48,963 - core.state_monitor - INFO - State monitoring stopped
2025-09-04 00:34:48,963 - automation.health_monitor - INFO - Health monitoring automation stopped. Emergency responses: 0
2025-09-04 00:34:48,964 - gui.main_window - INFO - Health monitoring stopped - updating overlay to yellow
2025-09-04 00:34:56,605 - automation.food_eating - INFO - Food eating automation stopped. Total eaten: 0
2025-09-04 00:36:46,835 - cyclops - INFO - Starting Cyclops Desktop Automation Application
2025-09-04 00:36:47,001 - utils.config_manager - INFO - Configuration loaded from config/default_config.json
2025-09-04 00:36:47,001 - utils.config_manager - INFO - Configuration manager initialized with: config/default_config.json
2025-09-04 00:36:47,003 - core.screen_capture - INFO - Screen resolution: 1920x1080
2025-09-04 00:36:47,003 - core.ocr_engine - INFO - Tesseract path set to: C:\Program Files\Tesseract-OCR\tesseract.exe
2025-09-04 00:36:47,003 - core.ocr_engine - INFO - OCR Engine initialized with language: eng
2025-09-04 00:36:47,003 - core.computer_vision - INFO - Computer Vision engine initialized
2025-09-04 00:36:47,003 - core.input_simulator - INFO - Input Simulator initialized
2025-09-04 00:36:47,003 - core.state_monitor - INFO - State Monitor initialized
2025-09-04 00:36:47,003 - core.computer_vision - INFO - Computer Vision engine initialized
2025-09-04 00:36:47,003 - automation.rune_creation - INFO - Rune Creation Automation initialized
2025-09-04 00:36:47,003 - automation.food_eating - INFO - Food Eating Automation initialized
2025-09-04 00:36:47,003 - automation.food_eating - INFO - Food positions: 0 configured
2025-09-04 00:36:47,004 - automation.food_eating - INFO - Click range: 3-6
2025-09-04 00:36:47,004 - automation.food_eating - INFO - Delay range: 4.0-8.0 minutes
2025-09-04 00:36:47,004 - automation.health_monitor - INFO - Health Monitor Automation initialized
2025-09-04 00:36:47,004 - automation.workflow_manager - INFO - All automation modules initialized
2025-09-04 00:36:47,005 - automation.workflow_manager - INFO - Workflow Manager initialized
2025-09-04 00:36:47,015 - gui.main_window - INFO - Updating food positions display. Current positions: []
2025-09-04 00:36:47,016 - gui.main_window - INFO - Updated display to: No positions configured (0/3)
2025-09-04 00:36:47,032 - gui.region_selector - INFO - Region overlay created at (1299, 617) - Border only
2025-09-04 00:36:47,032 - gui.main_window - INFO - Persistent overlay created at (1299, 617) - 148x93
2025-09-04 00:36:47,032 - automation.workflow_manager - INFO - Registered callback for health_monitor
2025-09-04 00:36:47,032 - gui.main_window - INFO - Main window initialized
2025-09-04 00:36:47,032 - cyclops - INFO - Application started successfully
2025-09-04 00:37:22,394 - cyclops - INFO - Starting Cyclops Desktop Automation Application
2025-09-04 00:37:22,567 - utils.config_manager - INFO - Configuration loaded from config/default_config.json
2025-09-04 00:37:22,567 - utils.config_manager - INFO - Configuration manager initialized with: config/default_config.json
2025-09-04 00:37:22,568 - core.screen_capture - INFO - Screen resolution: 1920x1080
2025-09-04 00:37:22,568 - core.ocr_engine - INFO - Tesseract path set to: C:\Program Files\Tesseract-OCR\tesseract.exe
2025-09-04 00:37:22,568 - core.ocr_engine - INFO - OCR Engine initialized with language: eng
2025-09-04 00:37:22,568 - core.computer_vision - INFO - Computer Vision engine initialized
2025-09-04 00:37:22,568 - core.input_simulator - INFO - Input Simulator initialized
2025-09-04 00:37:22,568 - core.state_monitor - INFO - State Monitor initialized
2025-09-04 00:37:22,568 - core.computer_vision - INFO - Computer Vision engine initialized
2025-09-04 00:37:22,568 - automation.rune_creation - INFO - Rune Creation Automation initialized
2025-09-04 00:37:22,569 - automation.food_eating - INFO - Food Eating Automation initialized
2025-09-04 00:37:22,569 - automation.food_eating - INFO - Food positions: 0 configured
2025-09-04 00:37:22,569 - automation.food_eating - INFO - Click range: 3-6
2025-09-04 00:37:22,569 - automation.food_eating - INFO - Delay range: 4.0-8.0 minutes
2025-09-04 00:37:22,569 - automation.health_monitor - INFO - Health Monitor Automation initialized
2025-09-04 00:37:22,569 - automation.workflow_manager - INFO - All automation modules initialized
2025-09-04 00:37:22,569 - automation.workflow_manager - INFO - Workflow Manager initialized
2025-09-04 00:37:22,580 - gui.main_window - INFO - Updating food positions display. Current positions: []
2025-09-04 00:37:22,580 - gui.main_window - INFO - Updated display to: No positions configured (0/3)
2025-09-04 00:37:22,593 - gui.region_selector - INFO - Region overlay created at (1299, 617) - Border only
2025-09-04 00:37:22,594 - gui.main_window - INFO - Persistent overlay created at (1299, 617) - 148x93
2025-09-04 00:37:22,594 - automation.workflow_manager - INFO - Registered callback for health_monitor
2025-09-04 00:37:22,594 - gui.main_window - INFO - Main window initialized
2025-09-04 00:37:22,594 - cyclops - INFO - Application started successfully
2025-09-04 00:37:52,022 - cyclops - INFO - Starting Cyclops Desktop Automation Application
2025-09-04 00:37:52,189 - utils.config_manager - INFO - Configuration loaded from config/default_config.json
2025-09-04 00:37:52,189 - utils.config_manager - INFO - Configuration manager initialized with: config/default_config.json
2025-09-04 00:37:52,189 - core.screen_capture - INFO - Screen resolution: 1920x1080
2025-09-04 00:37:52,189 - core.ocr_engine - INFO - Tesseract path set to: C:\Program Files\Tesseract-OCR\tesseract.exe
2025-09-04 00:37:52,189 - core.ocr_engine - INFO - OCR Engine initialized with language: eng
2025-09-04 00:37:52,189 - core.computer_vision - INFO - Computer Vision engine initialized
2025-09-04 00:37:52,190 - core.input_simulator - INFO - Input Simulator initialized
2025-09-04 00:37:52,190 - core.state_monitor - INFO - State Monitor initialized
2025-09-04 00:37:52,190 - core.computer_vision - INFO - Computer Vision engine initialized
2025-09-04 00:37:52,190 - automation.rune_creation - INFO - Rune Creation Automation initialized
2025-09-04 00:37:52,190 - automation.food_eating - INFO - Food Eating Automation initialized
2025-09-04 00:37:52,190 - automation.food_eating - INFO - Food positions: 0 configured
2025-09-04 00:37:52,190 - automation.food_eating - INFO - Click range: 3-6
2025-09-04 00:37:52,190 - automation.food_eating - INFO - Delay range: 4.0-8.0 minutes
2025-09-04 00:37:52,190 - automation.health_monitor - INFO - Health Monitor Automation initialized
2025-09-04 00:37:52,190 - automation.workflow_manager - INFO - All automation modules initialized
2025-09-04 00:37:52,190 - automation.workflow_manager - INFO - Workflow Manager initialized
2025-09-04 00:37:52,205 - gui.main_window - INFO - Updating food positions display. Current positions: []
2025-09-04 00:37:52,205 - gui.main_window - INFO - Updated display to: No positions configured (0/3)
2025-09-04 00:37:52,222 - gui.region_selector - INFO - Region overlay created at (1299, 617) - Border only
2025-09-04 00:37:52,222 - gui.main_window - INFO - Persistent overlay created at (1299, 617) - 148x93
2025-09-04 00:37:52,223 - automation.workflow_manager - INFO - Registered callback for health_monitor
2025-09-04 00:37:52,223 - gui.main_window - INFO - Main window initialized
2025-09-04 00:37:52,223 - cyclops - INFO - Application started successfully
2025-09-04 00:37:56,685 - automation.workflow_manager - INFO - Stopping all workflows...
2025-09-04 00:37:56,685 - automation.workflow_manager - INFO - All workflows stopped
2025-09-04 00:37:56,691 - gui.region_selector - INFO - Region overlay destroyed
2025-09-04 00:37:56,692 - utils.config_manager - INFO - Configuration saved to config/default_config.json
2025-09-04 00:37:57,559 - gui.main_window - INFO - Configuration saved
2025-09-04 00:37:57,559 - gui.main_window - INFO - Application closing
2025-09-04 00:37:57,590 - cyclops - INFO - Application closed
2025-09-04 00:38:02,960 - cyclops - INFO - Starting Cyclops Desktop Automation Application
2025-09-04 00:38:03,138 - utils.config_manager - INFO - Configuration loaded from config/default_config.json
2025-09-04 00:38:03,138 - utils.config_manager - INFO - Configuration manager initialized with: config/default_config.json
2025-09-04 00:38:03,138 - core.screen_capture - INFO - Screen resolution: 1920x1080
2025-09-04 00:38:03,138 - core.ocr_engine - INFO - Tesseract path set to: C:\Program Files\Tesseract-OCR\tesseract.exe
2025-09-04 00:38:03,138 - core.ocr_engine - INFO - OCR Engine initialized with language: eng
2025-09-04 00:38:03,138 - core.computer_vision - INFO - Computer Vision engine initialized
2025-09-04 00:38:03,138 - core.input_simulator - INFO - Input Simulator initialized
2025-09-04 00:38:03,138 - core.state_monitor - INFO - State Monitor initialized
2025-09-04 00:38:03,139 - core.computer_vision - INFO - Computer Vision engine initialized
2025-09-04 00:38:03,139 - automation.rune_creation - INFO - Rune Creation Automation initialized
2025-09-04 00:38:03,140 - automation.food_eating - INFO - Food Eating Automation initialized
2025-09-04 00:38:03,140 - automation.food_eating - INFO - Food positions: 0 configured
2025-09-04 00:38:03,140 - automation.food_eating - INFO - Click range: 3-6
2025-09-04 00:38:03,140 - automation.food_eating - INFO - Delay range: 4.0-8.0 minutes
2025-09-04 00:38:03,140 - automation.health_monitor - INFO - Health Monitor Automation initialized
2025-09-04 00:38:03,140 - automation.workflow_manager - INFO - All automation modules initialized
2025-09-04 00:38:03,140 - automation.workflow_manager - INFO - Workflow Manager initialized
2025-09-04 00:38:03,152 - gui.main_window - INFO - Updating food positions display. Current positions: []
2025-09-04 00:38:03,152 - gui.main_window - INFO - Updated display to: No positions configured (0/3)
2025-09-04 00:38:03,166 - gui.region_selector - INFO - Region overlay created at (1299, 617) - Border only
2025-09-04 00:38:03,166 - gui.main_window - INFO - Persistent overlay created at (1299, 617) - 148x93
2025-09-04 00:38:03,166 - automation.workflow_manager - INFO - Registered callback for health_monitor
2025-09-04 00:38:03,166 - gui.main_window - INFO - Main window initialized
2025-09-04 00:38:03,166 - cyclops - INFO - Application started successfully
2025-09-04 00:38:12,843 - gui.region_selector - INFO - Region overlay destroyed
2025-09-04 00:38:12,844 - gui.region_selector - INFO - Region overlay created at (50, 50) - Border only
2025-09-04 00:38:12,844 - gui.main_window - INFO - Persistent overlay created at (50, 50) - 200x20
2025-09-04 00:38:12,845 - gui.main_window - INFO - Health region cleared and reset to default
2025-09-04 00:38:21,654 - gui.main_window - INFO - Starting food position recording...
2025-09-04 00:38:21,657 - gui.region_selector - INFO - Started recording 3 food positions
2025-09-04 00:38:22,931 - gui.region_selector - INFO - Recorded food position 1 at (1773, 659)
2025-09-04 00:38:23,301 - gui.region_selector - INFO - Recorded food position 2 at (1773, 659)
2025-09-04 00:38:23,833 - gui.region_selector - INFO - Recorded final food position 3 at (1774, 663)
2025-09-04 00:38:25,354 - gui.main_window - INFO - Food position recording callback received: [(1773, 659), (1773, 659), (1774, 663)]
2025-09-04 00:38:25,354 - automation.food_eating - INFO - Cleared all food positions
2025-09-04 00:38:25,356 - gui.main_window - INFO - Adding food position 1: (1773, 659)
2025-09-04 00:38:25,358 - automation.food_eating - INFO - Added food position: (1773, 659) - Total positions: 1
2025-09-04 00:38:25,361 - gui.main_window - INFO - Successfully added food position 1: (1773, 659)
2025-09-04 00:38:25,363 - gui.main_window - INFO - Adding food position 2: (1773, 659)
2025-09-04 00:38:25,365 - automation.food_eating - WARNING - Food position (1773, 659) already exists
2025-09-04 00:38:25,366 - gui.main_window - WARNING - Failed to add food position 2: (1773, 659)
2025-09-04 00:38:25,368 - gui.main_window - INFO - Adding food position 3: (1774, 663)
2025-09-04 00:38:25,370 - automation.food_eating - INFO - Added food position: (1774, 663) - Total positions: 2
2025-09-04 00:38:25,373 - gui.main_window - INFO - Successfully added food position 3: (1774, 663)
2025-09-04 00:38:25,373 - gui.main_window - INFO - Updating food positions display. Current positions: [[1773, 659], [1774, 663]]
2025-09-04 00:38:25,375 - gui.main_window - INFO - Updated display to: Positions: (1773, 659), (1774, 663) (2/3)
2025-09-04 00:38:43,606 - gui.main_window - INFO - Updated food_eating.enabled = True
2025-09-04 00:38:47,082 - gui.region_selector - INFO - Region selector initialized
2025-09-04 00:38:48,874 - gui.region_selector - INFO - Region selected: X:1746, Y:599, W:106, H:31
2025-09-04 00:38:50,229 - gui.region_selector - INFO - Region overlay destroyed
2025-09-04 00:38:50,232 - gui.region_selector - INFO - Region overlay created at (1746, 599) - Border only
2025-09-04 00:38:50,234 - gui.main_window - INFO - Persistent overlay created at (1746, 599) - 106x31
2025-09-04 00:38:50,314 - gui.main_window - INFO - Health region selected: {'x': 1746, 'y': 599, 'width': 106, 'height': 31}
2025-09-04 00:38:58,667 - gui.region_selector - INFO - Started recording 1 emergency clicks
2025-09-04 00:38:59,932 - gui.region_selector - INFO - Recorded click 1 at (1274, 442)
2025-09-04 00:38:59,933 - gui.region_selector - INFO - Recording complete! Got 1 clicks out of 1 requested
2025-09-04 00:38:59,933 - gui.region_selector - INFO - Finished recording 1 emergency clicks
2025-09-04 00:39:01,880 - gui.main_window - INFO - Recorded 1 emergency click locations
2025-09-04 00:39:08,622 - gui.main_window - INFO - Starting automations: ['food_eating', 'health_monitor']
2025-09-04 00:39:08,622 - automation.workflow_manager - INFO - Created custom workflow: custom_automation
2025-09-04 00:39:08,623 - automation.workflow_manager - INFO - Starting workflow: custom_automation
2025-09-04 00:39:08,623 - automation.workflow_manager - INFO - Running automation: food_eating
2025-09-04 00:39:08,623 - automation.workflow_manager - INFO - Started automation: food_eating
2025-09-04 00:39:08,623 - automation.food_eating - INFO - Starting food eating automation
2025-09-04 00:39:08,624 - automation.food_eating - INFO - Next food eating scheduled in 6.3 minutes at 00:45:25
2025-09-04 00:39:08,624 - automation.workflow_manager - INFO - Running automation: health_monitor
2025-09-04 00:39:08,624 - automation.workflow_manager - INFO - Started automation: health_monitor
2025-09-04 00:39:08,624 - gui.main_window - INFO - Health monitoring started - updating overlay to green
2025-09-04 00:39:08,624 - automation.workflow_manager - INFO - Workflow 'custom_automation' started successfully
2025-09-04 00:39:08,627 - automation.health_monitor - INFO - Starting health monitoring automation
2025-09-04 00:39:08,627 - automation.health_monitor - INFO - Setting up health monitoring:
2025-09-04 00:39:08,627 - automation.health_monitor - INFO -   Region: (1746, 599, 106, 31)
2025-09-04 00:39:08,628 - automation.health_monitor - INFO -   Low health threshold: 50.0%
2025-09-04 00:39:08,628 - automation.health_monitor - INFO -   Max health: 800
2025-09-04 00:39:08,629 - core.state_monitor - INFO - Registered condition: image_search_monitor
2025-09-04 00:39:08,630 - automation.health_monitor - INFO - Setup health monitoring with condition: image_search_monitor
2025-09-04 00:39:08,648 - core.state_monitor - INFO - State monitoring started
2025-09-04 00:39:08,680 - gui.region_selector - INFO - Region overlay created at (1746, 599) - Border only
2025-09-04 00:39:08,680 - automation.health_monitor - INFO - Region overlay created
2025-09-04 00:39:08,684 - automation.health_monitor - INFO - Starting health monitoring loop...
2025-09-04 00:39:08,688 - automation.health_monitor - INFO - Health monitoring active - Image found! Confidence: 0.998
2025-09-04 00:39:30,172 - gui.main_window - INFO - Testing food eating logic with 2 positions...
2025-09-04 00:39:30,172 - automation.food_eating - INFO - Starting food eating sequence at position (1773, 659) with 4 clicks
2025-09-04 00:39:31,774 - automation.food_eating - INFO - Food eating sequence completed: 4 clicks at position (1773, 659)
2025-09-04 00:39:31,774 - gui.main_window - INFO - Food eating test completed successfully
2025-09-04 00:45:47,333 - automation.food_eating - INFO - Starting food eating sequence at position (1773, 659) with 5 clicks
2025-09-04 00:45:49,206 - automation.food_eating - INFO - Food eating sequence completed: 5 clicks at position (1773, 659)
2025-09-04 00:45:49,206 - automation.food_eating - INFO - Food eating sequence completed (total: 1)
2025-09-04 00:45:49,206 - automation.food_eating - INFO - Next food eating scheduled in 6.2 minutes at 00:52:02
2025-09-04 00:46:19,645 - gui.main_window - INFO - Stopping all automations
2025-09-04 00:46:19,645 - automation.workflow_manager - INFO - Stopping workflow: custom_automation
2025-09-04 00:46:19,646 - automation.food_eating - INFO - Stopping food eating automation
2025-09-04 00:46:21,651 - automation.workflow_manager - INFO - Stopped automation: food_eating
2025-09-04 00:46:21,651 - automation.health_monitor - INFO - Stopping health monitoring automation
2025-09-04 00:46:21,655 - gui.region_selector - INFO - Region overlay destroyed
2025-09-04 00:46:22,523 - automation.food_eating - INFO - Food eating automation stopped. Total eaten: 1
2025-09-04 00:46:23,664 - automation.workflow_manager - INFO - Stopped automation: health_monitor
2025-09-04 00:46:23,664 - automation.workflow_manager - INFO - Workflow 'custom_automation' stopped successfully
2025-09-04 00:46:23,666 - automation.health_monitor - ERROR - Health status check failed: invalid command name ".!toplevel16"
2025-09-04 00:46:23,666 - automation.health_monitor - INFO - Health monitoring stopped due to emergency response
2025-09-04 00:46:23,887 - core.state_monitor - INFO - State monitoring stopped
2025-09-04 00:46:23,887 - automation.health_monitor - INFO - Health monitoring automation stopped. Emergency responses: 0
2025-09-04 00:46:23,887 - gui.main_window - INFO - Health monitoring stopped - updating overlay to yellow
2025-09-04 01:01:33,913 - cyclops - INFO - Starting Cyclops Desktop Automation Application
2025-09-04 01:02:12,813 - cyclops - INFO - Starting Cyclops Desktop Automation Application
2025-09-04 01:02:13,093 - utils.config_manager - INFO - Configuration loaded from config/default_config.json
2025-09-04 01:02:13,093 - utils.config_manager - INFO - Configuration manager initialized with: config/default_config.json
2025-09-04 01:02:13,093 - core.screen_capture - INFO - Screen resolution: 1920x1080
2025-09-04 01:02:13,093 - core.ocr_engine - INFO - Tesseract path set to: C:\Program Files\Tesseract-OCR\tesseract.exe
2025-09-04 01:02:13,093 - core.ocr_engine - INFO - OCR Engine initialized with language: eng
2025-09-04 01:02:13,093 - core.computer_vision - INFO - Computer Vision engine initialized
2025-09-04 01:02:13,093 - core.input_simulator - INFO - Input Simulator initialized
2025-09-04 01:02:13,094 - core.state_monitor - INFO - State Monitor initialized
2025-09-04 01:02:13,094 - core.computer_vision - INFO - Computer Vision engine initialized
2025-09-04 01:02:13,094 - automation.rune_creation - INFO - Rune Creation Automation initialized
2025-09-04 01:02:13,094 - automation.rune_creation - INFO - Rune positions: 0 configured
2025-09-04 01:02:13,094 - automation.rune_creation - INFO - Delay range: 2.0-5.0 minutes
2025-09-04 01:02:13,094 - automation.rune_creation - INFO - Blank rune image: C:\Users\Lucas\Desktop\workspace\personal\cyclops\src\automation\..\..\blank.png
2025-09-04 01:02:13,094 - automation.food_eating - INFO - Food Eating Automation initialized
2025-09-04 01:02:13,094 - automation.food_eating - INFO - Food positions: 0 configured
2025-09-04 01:02:13,094 - automation.food_eating - INFO - Click range: 3-6
2025-09-04 01:02:13,094 - automation.food_eating - INFO - Delay range: 4.0-8.0 minutes
2025-09-04 01:02:13,094 - automation.health_monitor - INFO - Health Monitor Automation initialized
2025-09-04 01:02:13,094 - automation.workflow_manager - INFO - All automation modules initialized
2025-09-04 01:02:13,094 - automation.workflow_manager - INFO - Workflow Manager initialized
2025-09-04 01:02:13,105 - gui.main_window - INFO - Updating rune positions display. Current positions: []
2025-09-04 01:02:13,105 - gui.main_window - INFO - Updated display to: No positions configured (0/3)
2025-09-04 01:02:13,111 - gui.main_window - INFO - Updating food positions display. Current positions: []
2025-09-04 01:02:13,111 - gui.main_window - INFO - Updated display to: No positions configured (0/3)
2025-09-04 01:02:13,129 - gui.region_selector - INFO - Region overlay created at (1299, 617) - Border only
2025-09-04 01:02:13,129 - gui.main_window - INFO - Persistent overlay created at (1299, 617) - 148x93
2025-09-04 01:02:13,130 - automation.workflow_manager - INFO - Registered callback for health_monitor
2025-09-04 01:02:13,130 - gui.main_window - INFO - Main window initialized
2025-09-04 01:02:13,130 - cyclops - INFO - Application started successfully
2025-09-04 01:03:52,920 - gui.main_window - INFO - Starting rune position recording...
2025-09-04 01:03:52,924 - gui.region_selector - INFO - Started recording 3 rune target positions
2025-09-04 01:03:54,633 - gui.region_selector - INFO - Recorded rune target position 1 at (1769, 389)
2025-09-04 01:03:55,151 - gui.region_selector - INFO - Recorded rune target position 2 at (1775, 385)
2025-09-04 01:03:55,881 - gui.region_selector - INFO - Recorded final rune target position 3 at (1772, 386)
2025-09-04 01:03:57,415 - gui.main_window - INFO - Rune position recording callback received: [(1769, 389), (1775, 385), (1772, 386)]
2025-09-04 01:03:57,415 - automation.rune_creation - INFO - Cleared all rune positions
2025-09-04 01:03:57,420 - gui.main_window - INFO - Adding rune position 1: (1769, 389)
2025-09-04 01:03:57,420 - automation.rune_creation - INFO - Added rune position: (1769, 389)
2025-09-04 01:03:57,424 - gui.main_window - INFO - Successfully added rune position 1: (1769, 389)
2025-09-04 01:03:57,426 - gui.main_window - INFO - Adding rune position 2: (1775, 385)
2025-09-04 01:03:57,430 - automation.rune_creation - INFO - Added rune position: (1775, 385)
2025-09-04 01:03:57,433 - gui.main_window - INFO - Successfully added rune position 2: (1775, 385)
2025-09-04 01:03:57,435 - gui.main_window - INFO - Adding rune position 3: (1772, 386)
2025-09-04 01:03:57,436 - automation.rune_creation - INFO - Added rune position: (1772, 386)
2025-09-04 01:03:57,438 - gui.main_window - INFO - Successfully added rune position 3: (1772, 386)
2025-09-04 01:03:57,441 - gui.main_window - INFO - Updating rune positions display. Current positions: [(1769, 389), (1775, 385), (1772, 386)]
2025-09-04 01:03:57,443 - gui.main_window - INFO - Updated display to: Positions: (1769, 389), (1775, 385), (1772, 386) (3/3)
2025-09-04 01:05:19,503 - gui.main_window - INFO - Testing rune creation logic with 3 positions...
2025-09-04 01:05:19,503 - automation.rune_creation - INFO - Starting rune creation sequence...
2025-09-04 01:05:19,845 - automation.rune_creation - INFO - Found blank rune at (1659, 247)
2025-09-04 01:05:19,846 - automation.rune_creation - INFO - Selected target position: (1775, 385)
2025-09-04 01:05:19,846 - automation.rune_creation - INFO - Performing drag and drop...
2025-09-04 01:05:22,166 - automation.rune_creation - INFO - Pressing hotkey: f6
2025-09-04 01:05:23,369 - automation.rune_creation - INFO - Rune creation sequence completed successfully
2025-09-04 01:05:23,369 - gui.main_window - INFO - Rune creation test completed successfully
2025-09-04 01:05:37,423 - gui.main_window - INFO - Testing rune creation logic with 3 positions...
2025-09-04 01:05:37,423 - automation.rune_creation - INFO - Starting rune creation sequence...
2025-09-04 01:05:37,705 - automation.rune_creation - INFO - Found blank rune at (1659, 247)
2025-09-04 01:05:37,705 - automation.rune_creation - INFO - Selected target position: (1769, 389)
2025-09-04 01:05:37,706 - automation.rune_creation - INFO - Performing drag and drop...
2025-09-04 01:05:40,024 - automation.rune_creation - INFO - Pressing hotkey: f6
2025-09-04 01:05:41,228 - automation.rune_creation - INFO - Rune creation sequence completed successfully
2025-09-04 01:05:41,228 - gui.main_window - INFO - Rune creation test completed successfully
2025-09-04 01:05:44,704 - gui.main_window - INFO - Testing rune creation logic with 3 positions...
2025-09-04 01:05:44,704 - automation.rune_creation - INFO - Starting rune creation sequence...
2025-09-04 01:05:44,981 - automation.rune_creation - INFO - Found blank rune at (1659, 247)
2025-09-04 01:05:44,981 - automation.rune_creation - INFO - Selected target position: (1772, 386)
2025-09-04 01:05:44,982 - automation.rune_creation - INFO - Performing drag and drop...
2025-09-04 01:05:47,299 - automation.rune_creation - INFO - Pressing hotkey: f6
2025-09-04 01:05:48,502 - automation.rune_creation - INFO - Rune creation sequence completed successfully
2025-09-04 01:05:48,502 - gui.main_window - INFO - Rune creation test completed successfully
2025-09-04 01:05:52,005 - gui.main_window - INFO - Testing rune creation logic with 3 positions...
2025-09-04 01:05:52,005 - automation.rune_creation - INFO - Starting rune creation sequence...
2025-09-04 01:05:52,287 - automation.rune_creation - INFO - Found blank rune at (1659, 247)
2025-09-04 01:05:52,287 - automation.rune_creation - INFO - Selected target position: (1769, 389)
2025-09-04 01:05:52,288 - automation.rune_creation - INFO - Performing drag and drop...
2025-09-04 01:05:54,604 - automation.rune_creation - INFO - Pressing hotkey: f6
2025-09-04 01:05:55,807 - automation.rune_creation - INFO - Rune creation sequence completed successfully
2025-09-04 01:05:55,807 - gui.main_window - INFO - Rune creation test completed successfully
2025-09-04 01:06:01,314 - gui.main_window - INFO - Testing rune creation logic with 3 positions...
2025-09-04 01:06:01,314 - automation.rune_creation - INFO - Starting rune creation sequence...
2025-09-04 01:06:01,597 - automation.rune_creation - INFO - Found blank rune at (1659, 247)
2025-09-04 01:06:01,598 - automation.rune_creation - INFO - Selected target position: (1775, 385)
2025-09-04 01:06:01,598 - automation.rune_creation - INFO - Performing drag and drop...
2025-09-04 01:06:03,914 - automation.rune_creation - INFO - Pressing hotkey: f6
2025-09-04 01:06:05,117 - automation.rune_creation - INFO - Rune creation sequence completed successfully
2025-09-04 01:06:05,117 - gui.main_window - INFO - Rune creation test completed successfully
2025-09-04 01:07:47,536 - cyclops - INFO - Starting Cyclops Desktop Automation Application
2025-09-04 01:07:47,716 - utils.config_manager - INFO - Configuration loaded from config/default_config.json
2025-09-04 01:07:47,716 - utils.config_manager - INFO - Configuration manager initialized with: config/default_config.json
2025-09-04 01:07:47,717 - core.screen_capture - INFO - Screen resolution: 1920x1080
2025-09-04 01:07:47,717 - core.ocr_engine - INFO - Tesseract path set to: C:\Program Files\Tesseract-OCR\tesseract.exe
2025-09-04 01:07:47,717 - core.ocr_engine - INFO - OCR Engine initialized with language: eng
2025-09-04 01:07:47,717 - core.computer_vision - INFO - Computer Vision engine initialized
2025-09-04 01:07:47,717 - core.input_simulator - INFO - Input Simulator initialized
2025-09-04 01:07:47,717 - core.state_monitor - INFO - State Monitor initialized
2025-09-04 01:07:47,717 - core.computer_vision - INFO - Computer Vision engine initialized
2025-09-04 01:07:47,718 - automation.rune_creation - INFO - Rune Creation Automation initialized
2025-09-04 01:07:47,718 - automation.rune_creation - INFO - Rune positions: 0 configured
2025-09-04 01:07:47,718 - automation.rune_creation - INFO - Delay range: 2.0-5.0 minutes
2025-09-04 01:07:47,718 - automation.rune_creation - INFO - Blank rune image: C:\Users\Lucas\Desktop\workspace\personal\cyclops\src\automation\..\..\blank.png
2025-09-04 01:07:47,718 - automation.food_eating - INFO - Food Eating Automation initialized
2025-09-04 01:07:47,718 - automation.food_eating - INFO - Food positions: 0 configured
2025-09-04 01:07:47,719 - automation.food_eating - INFO - Click range: 3-6
2025-09-04 01:07:47,719 - automation.food_eating - INFO - Delay range: 4.0-8.0 minutes
2025-09-04 01:07:47,719 - automation.health_monitor - INFO - Health Monitor Automation initialized
2025-09-04 01:07:47,719 - automation.workflow_manager - INFO - All automation modules initialized
2025-09-04 01:07:47,719 - automation.workflow_manager - INFO - Workflow Manager initialized
2025-09-04 01:07:47,730 - gui.main_window - INFO - Updating rune positions display. Current positions: []
2025-09-04 01:07:47,730 - gui.main_window - INFO - Updated display to: No positions configured (0/3)
2025-09-04 01:07:47,736 - gui.main_window - INFO - Updating food positions display. Current positions: []
2025-09-04 01:07:47,736 - gui.main_window - INFO - Updated display to: No positions configured (0/3)
2025-09-04 01:07:47,751 - gui.region_selector - INFO - Region overlay created at (1299, 617) - Border only
2025-09-04 01:07:47,751 - gui.main_window - INFO - Persistent overlay created at (1299, 617) - 148x93
2025-09-04 01:07:47,751 - automation.workflow_manager - INFO - Registered callback for health_monitor
2025-09-04 01:07:47,751 - gui.main_window - INFO - Main window initialized
2025-09-04 01:07:47,751 - cyclops - INFO - Application started successfully
2025-09-04 01:11:24,575 - cyclops - INFO - Starting Cyclops Desktop Automation Application
2025-09-04 01:11:24,742 - utils.config_manager - INFO - Configuration loaded from config/default_config.json
2025-09-04 01:11:24,742 - utils.config_manager - INFO - Configuration manager initialized with: config/default_config.json
2025-09-04 01:11:24,743 - core.screen_capture - INFO - Screen resolution: 1920x1080
2025-09-04 01:11:24,743 - core.ocr_engine - INFO - Tesseract path set to: C:\Program Files\Tesseract-OCR\tesseract.exe
2025-09-04 01:11:24,743 - core.ocr_engine - INFO - OCR Engine initialized with language: eng
2025-09-04 01:11:24,743 - core.computer_vision - INFO - Computer Vision engine initialized
2025-09-04 01:11:24,743 - core.input_simulator - INFO - Input Simulator initialized
2025-09-04 01:11:24,743 - core.state_monitor - INFO - State Monitor initialized
2025-09-04 01:11:24,743 - core.computer_vision - INFO - Computer Vision engine initialized
2025-09-04 01:11:24,743 - automation.rune_creation - INFO - Rune Creation Automation initialized
2025-09-04 01:11:24,743 - automation.rune_creation - INFO - Rune positions: 0 configured
2025-09-04 01:11:24,743 - automation.rune_creation - INFO - Delay range: 2.0-5.0 minutes
2025-09-04 01:11:24,743 - automation.rune_creation - INFO - Blank rune image: C:\Users\Lucas\Desktop\workspace\personal\cyclops\src\automation\..\..\blank.png
2025-09-04 01:11:24,743 - automation.food_eating - INFO - Food Eating Automation initialized
2025-09-04 01:11:24,744 - automation.food_eating - INFO - Food positions: 0 configured
2025-09-04 01:11:24,744 - automation.food_eating - INFO - Click range: 3-6
2025-09-04 01:11:24,744 - automation.food_eating - INFO - Delay range: 4.0-8.0 minutes
2025-09-04 01:11:24,744 - automation.health_monitor - INFO - Health Monitor Automation initialized
2025-09-04 01:11:24,744 - automation.workflow_manager - INFO - All automation modules initialized
2025-09-04 01:11:24,744 - automation.workflow_manager - INFO - Workflow Manager initialized
2025-09-04 01:11:24,753 - gui.main_window - INFO - Updating rune positions display. Current positions: []
2025-09-04 01:11:24,753 - gui.main_window - INFO - Updated display to: No positions configured (0/3)
2025-09-04 01:11:24,757 - gui.main_window - INFO - Updating food positions display. Current positions: []
2025-09-04 01:11:24,758 - gui.main_window - INFO - Updated display to: No positions configured (0/3)
2025-09-04 01:11:24,772 - gui.region_selector - INFO - Region overlay created at (1299, 617) - Border only
2025-09-04 01:11:24,772 - gui.main_window - INFO - Persistent overlay created at (1299, 617) - 148x93
2025-09-04 01:11:24,772 - automation.workflow_manager - INFO - Registered callback for health_monitor
2025-09-04 01:11:24,772 - gui.main_window - INFO - Main window initialized
2025-09-04 01:11:24,772 - cyclops - INFO - Application started successfully
2025-09-04 01:11:36,908 - gui.main_window - INFO - Starting food position recording...
2025-09-04 01:11:36,911 - gui.region_selector - INFO - Started recording 3 food positions
2025-09-04 01:11:38,807 - gui.region_selector - INFO - Recorded food position 1 at (1771, 660)
2025-09-04 01:11:39,461 - gui.region_selector - INFO - Recorded food position 2 at (1775, 660)
2025-09-04 01:11:39,977 - gui.region_selector - INFO - Recorded final food position 3 at (1772, 661)
2025-09-04 01:11:41,498 - gui.main_window - INFO - Food position recording callback received: [(1771, 660), (1775, 660), (1772, 661)]
2025-09-04 01:11:41,498 - automation.food_eating - INFO - Cleared all food positions
2025-09-04 01:11:41,501 - gui.main_window - INFO - Adding food position 1: (1771, 660)
2025-09-04 01:11:41,504 - automation.food_eating - INFO - Added food position: (1771, 660) - Total positions: 1
2025-09-04 01:11:41,505 - gui.main_window - INFO - Successfully added food position 1: (1771, 660)
2025-09-04 01:11:41,508 - gui.main_window - INFO - Adding food position 2: (1775, 660)
2025-09-04 01:11:41,508 - automation.food_eating - INFO - Added food position: (1775, 660) - Total positions: 2
2025-09-04 01:11:41,508 - gui.main_window - INFO - Successfully added food position 2: (1775, 660)
2025-09-04 01:11:41,508 - gui.main_window - INFO - Adding food position 3: (1772, 661)
2025-09-04 01:11:41,508 - automation.food_eating - INFO - Added food position: (1772, 661) - Total positions: 3
2025-09-04 01:11:41,511 - gui.main_window - INFO - Successfully added food position 3: (1772, 661)
2025-09-04 01:11:41,513 - gui.main_window - INFO - Updating food positions display. Current positions: [[1771, 660], [1775, 660], [1772, 661]]
2025-09-04 01:11:41,515 - gui.main_window - INFO - Updated display to: Positions: (1771, 660), (1775, 660), (1772, 661) (3/3)
2025-09-04 01:11:44,813 - gui.main_window - INFO - Starting rune position recording...
2025-09-04 01:11:44,817 - gui.region_selector - INFO - Started recording 3 rune target positions
2025-09-04 01:11:45,951 - gui.region_selector - INFO - Recorded rune target position 1 at (1771, 388)
2025-09-04 01:11:46,836 - gui.region_selector - INFO - Recorded rune target position 2 at (1775, 388)
2025-09-04 01:11:48,183 - gui.region_selector - INFO - Recorded final rune target position 3 at (1771, 383)
2025-09-04 01:11:49,714 - gui.main_window - INFO - Rune position recording callback received: [(1771, 388), (1775, 388), (1771, 383)]
2025-09-04 01:11:49,714 - automation.rune_creation - INFO - Cleared all rune positions
2025-09-04 01:11:49,717 - gui.main_window - INFO - Adding rune position 1: (1771, 388)
2025-09-04 01:11:49,720 - automation.rune_creation - INFO - Added rune position: (1771, 388)
2025-09-04 01:11:49,723 - gui.main_window - INFO - Successfully added rune position 1: (1771, 388)
2025-09-04 01:11:49,725 - gui.main_window - INFO - Adding rune position 2: (1775, 388)
2025-09-04 01:11:49,728 - automation.rune_creation - INFO - Added rune position: (1775, 388)
2025-09-04 01:11:49,729 - gui.main_window - INFO - Successfully added rune position 2: (1775, 388)
2025-09-04 01:11:49,731 - gui.main_window - INFO - Adding rune position 3: (1771, 383)
2025-09-04 01:11:49,734 - automation.rune_creation - INFO - Added rune position: (1771, 383)
2025-09-04 01:11:49,736 - gui.main_window - INFO - Successfully added rune position 3: (1771, 383)
2025-09-04 01:11:49,739 - gui.main_window - INFO - Updating rune positions display. Current positions: [(1771, 388), (1775, 388), (1771, 383)]
2025-09-04 01:11:49,741 - gui.main_window - INFO - Updated display to: Positions: (1771, 388), (1775, 388), (1771, 383) (3/3)
2025-09-04 01:11:59,512 - gui.region_selector - INFO - Region selector initialized
2025-09-04 01:12:03,820 - gui.region_selector - INFO - Region selected: X:1748, Y:596, W:115, H:39
2025-09-04 01:12:04,849 - gui.region_selector - INFO - Region overlay destroyed
2025-09-04 01:12:04,852 - gui.region_selector - INFO - Region overlay created at (1748, 596) - Border only
2025-09-04 01:12:04,853 - gui.main_window - INFO - Persistent overlay created at (1748, 596) - 115x39
2025-09-04 01:12:04,934 - gui.main_window - INFO - Health region selected: {'x': 1748, 'y': 596, 'width': 115, 'height': 39}
2025-09-04 01:12:13,665 - core.state_monitor - INFO - SUCCESS, IMAGE FOUND! (Confidence: 0.998)
2025-09-04 01:12:13,665 - gui.main_window - INFO - PageDown test: SUCCESS, IMAGE FOUND!
2025-09-04 01:14:30,226 - gui.region_selector - INFO - Started recording 1 emergency clicks
2025-09-04 01:14:31,467 - gui.region_selector - INFO - Recorded click 1 at (1277, 443)
2025-09-04 01:14:31,467 - gui.region_selector - INFO - Recording complete! Got 1 clicks out of 1 requested
2025-09-04 01:14:31,468 - gui.region_selector - INFO - Finished recording 1 emergency clicks
2025-09-04 01:14:33,191 - gui.main_window - INFO - Recorded 1 emergency click locations
2025-09-04 01:14:38,982 - gui.main_window - INFO - Starting automations: ['health_monitor']
2025-09-04 01:14:38,982 - automation.workflow_manager - INFO - Created custom workflow: custom_automation
2025-09-04 01:14:38,983 - automation.workflow_manager - INFO - Starting workflow: custom_automation
2025-09-04 01:14:38,983 - automation.workflow_manager - INFO - Running automation: health_monitor
2025-09-04 01:14:38,983 - automation.workflow_manager - INFO - Started automation: health_monitor
2025-09-04 01:14:38,983 - gui.main_window - INFO - Health monitoring started - updating overlay to green
2025-09-04 01:14:38,984 - automation.workflow_manager - INFO - Workflow 'custom_automation' started successfully
2025-09-04 01:14:38,987 - automation.health_monitor - INFO - Starting health monitoring automation
2025-09-04 01:14:38,987 - automation.health_monitor - INFO - Setting up health monitoring:
2025-09-04 01:14:38,988 - automation.health_monitor - INFO -   Region: (1748, 596, 115, 39)
2025-09-04 01:14:38,989 - automation.health_monitor - INFO -   Low health threshold: 50.0%
2025-09-04 01:14:38,989 - automation.health_monitor - INFO -   Max health: 800
2025-09-04 01:14:38,989 - core.state_monitor - INFO - Registered condition: image_search_monitor
2025-09-04 01:14:38,989 - automation.health_monitor - INFO - Setup health monitoring with condition: image_search_monitor
2025-09-04 01:14:39,008 - core.state_monitor - INFO - State monitoring started
2025-09-04 01:14:39,065 - gui.region_selector - INFO - Region overlay created at (1748, 596) - Border only
2025-09-04 01:14:39,065 - automation.health_monitor - INFO - Region overlay created
2025-09-04 01:14:39,068 - automation.health_monitor - INFO - Starting health monitoring loop...
2025-09-04 01:14:39,070 - automation.health_monitor - INFO - Health monitoring active - Image found! Confidence: 0.998
2025-09-04 01:14:45,375 - gui.main_window - INFO - Stopping all automations
2025-09-04 01:14:45,375 - automation.workflow_manager - INFO - Stopping workflow: custom_automation
2025-09-04 01:14:45,376 - automation.health_monitor - INFO - Stopping health monitoring automation
2025-09-04 01:14:45,380 - gui.region_selector - INFO - Region overlay destroyed
2025-09-04 01:14:45,772 - core.state_monitor - INFO - State monitoring stopped
2025-09-04 01:14:45,772 - automation.health_monitor - INFO - Health monitoring automation stopped. Emergency responses: 0
2025-09-04 01:14:45,772 - gui.main_window - INFO - Health monitoring stopped - updating overlay to yellow
2025-09-04 01:14:47,382 - automation.workflow_manager - INFO - Stopped automation: health_monitor
2025-09-04 01:14:47,382 - automation.workflow_manager - INFO - Workflow 'custom_automation' stopped successfully
2025-09-04 01:14:49,189 - gui.main_window - INFO - Updated food_eating.enabled = True
2025-09-04 01:14:49,740 - gui.main_window - INFO - Updated rune_creation.enabled = True
2025-09-04 01:14:54,940 - gui.main_window - INFO - Starting automations: ['rune_creation', 'food_eating', 'health_monitor']
2025-09-04 01:14:54,941 - automation.workflow_manager - INFO - Created custom workflow: custom_automation
2025-09-04 01:14:54,941 - automation.workflow_manager - INFO - Starting workflow: custom_automation
2025-09-04 01:14:54,941 - automation.workflow_manager - INFO - Running automation: rune_creation
2025-09-04 01:14:54,942 - automation.workflow_manager - INFO - Started automation: rune_creation
2025-09-04 01:14:54,942 - automation.rune_creation - INFO - Starting rune creation automation
2025-09-04 01:14:54,942 - automation.rune_creation - INFO - Next rune creation scheduled in 4.4 minutes
2025-09-04 01:14:54,942 - automation.workflow_manager - INFO - Running automation: food_eating
2025-09-04 01:14:54,942 - automation.workflow_manager - INFO - Started automation: food_eating
2025-09-04 01:14:54,943 - automation.food_eating - INFO - Starting food eating automation
2025-09-04 01:14:54,943 - automation.food_eating - INFO - Next food eating scheduled in 6.5 minutes at 01:21:22
2025-09-04 01:14:54,943 - automation.workflow_manager - INFO - Running automation: health_monitor
2025-09-04 01:14:54,943 - automation.workflow_manager - INFO - Started automation: health_monitor
2025-09-04 01:14:54,944 - gui.main_window - INFO - Health monitoring started - updating overlay to green
2025-09-04 01:14:54,944 - automation.workflow_manager - INFO - Workflow 'custom_automation' started successfully
2025-09-04 01:14:54,945 - automation.health_monitor - INFO - Starting health monitoring automation
2025-09-04 01:14:54,945 - automation.health_monitor - INFO - Setting up health monitoring:
2025-09-04 01:14:54,946 - automation.health_monitor - INFO -   Region: (1748, 596, 115, 39)
2025-09-04 01:14:54,946 - automation.health_monitor - INFO -   Low health threshold: 50.0%
2025-09-04 01:14:54,947 - automation.health_monitor - INFO -   Max health: 800
2025-09-04 01:14:54,948 - core.state_monitor - INFO - Registered condition: image_search_monitor
2025-09-04 01:14:54,949 - automation.health_monitor - INFO - Setup health monitoring with condition: image_search_monitor
2025-09-04 01:14:54,969 - core.state_monitor - INFO - State monitoring started
2025-09-04 01:14:55,028 - gui.region_selector - INFO - Region overlay created at (1748, 596) - Border only
2025-09-04 01:14:55,028 - automation.health_monitor - INFO - Region overlay created
2025-09-04 01:14:55,031 - automation.health_monitor - INFO - Starting health monitoring loop...
2025-09-04 01:19:19,160 - automation.rune_creation - INFO - Starting rune creation sequence...
2025-09-04 01:19:19,488 - automation.rune_creation - INFO - Found blank rune at (527, 52)
2025-09-04 01:19:19,488 - automation.rune_creation - INFO - Selected target position: (1771, 383)
2025-09-04 01:19:19,489 - automation.rune_creation - INFO - Performing drag and drop...
2025-09-04 01:19:20,467 - automation.health_monitor - WARNING - HEALTH IMAGE NOT FOUND! Emergency detected !!
2025-09-04 01:19:20,467 - automation.health_monitor - WARNING - Executing emergency response sequence...
2025-09-04 01:19:20,468 - automation.health_monitor - INFO - Executing 1 emergency clicks
2025-09-04 01:19:21,440 - automation.health_monitor - INFO - Emergency clicks executed successfully
2025-09-04 01:19:21,440 - automation.health_monitor - INFO - Emergency response sequence completed
2025-09-04 01:19:21,441 - automation.health_monitor - WARNING - Emergency response executed. Stopping automation.
2025-09-04 01:19:21,441 - gui.main_window - WARNING - Emergency stop triggered - stopping all automations
2025-09-04 01:19:21,441 - automation.workflow_manager - INFO - Stopping all workflows...
2025-09-04 01:19:21,442 - automation.workflow_manager - INFO - Stopping workflow: custom_automation
2025-09-04 01:19:21,442 - automation.rune_creation - INFO - Stopping rune creation automation
2025-09-04 01:19:21,842 - automation.rune_creation - INFO - Pressing hotkey: f6
2025-09-04 01:19:23,045 - automation.rune_creation - INFO - Rune creation sequence completed successfully
2025-09-04 01:19:23,045 - automation.rune_creation - INFO - Rune created successfully (total: 1)
2025-09-04 01:19:23,046 - automation.rune_creation - INFO - Next rune creation scheduled in 2.4 minutes
2025-09-04 01:19:23,446 - automation.workflow_manager - INFO - Stopped automation: rune_creation
2025-09-04 01:19:23,446 - automation.food_eating - INFO - Stopping food eating automation
2025-09-04 01:19:24,047 - automation.rune_creation - INFO - Rune creation automation stopped. Created: 1, Failed: 0
2025-09-04 01:19:25,462 - automation.workflow_manager - INFO - Stopped automation: food_eating
2025-09-04 01:19:25,462 - automation.health_monitor - INFO - Stopping health monitoring automation
2025-09-04 01:19:25,467 - gui.region_selector - INFO - Region overlay destroyed
2025-09-04 01:19:25,467 - automation.workflow_manager - WARNING - Skipping thread join for health_monitor - current thread
2025-09-04 01:19:25,468 - automation.workflow_manager - INFO - Stopped automation: health_monitor
2025-09-04 01:19:25,468 - automation.workflow_manager - INFO - Workflow 'custom_automation' stopped successfully
2025-09-04 01:19:25,468 - automation.workflow_manager - INFO - All workflows stopped
2025-09-04 01:19:30,254 - automation.food_eating - INFO - Food eating automation stopped. Total eaten: 0
2025-09-04 01:19:42,029 - automation.health_monitor - INFO - Health monitoring stopped due to emergency response
2025-09-04 01:19:42,033 - core.state_monitor - INFO - State monitoring stopped
2025-09-04 01:19:42,033 - automation.health_monitor - INFO - Health monitoring automation stopped. Emergency responses: 0
2025-09-04 01:19:42,034 - gui.main_window - INFO - Health monitoring stopped - updating overlay to yellow
2025-09-04 01:20:02,329 - gui.main_window - INFO - Testing rune creation logic with 3 positions...
2025-09-04 01:20:02,330 - automation.rune_creation - INFO - Starting rune creation sequence...
2025-09-04 01:20:02,625 - automation.rune_creation - INFO - Found blank rune at (527, 52)
2025-09-04 01:20:02,625 - automation.rune_creation - INFO - Selected target position: (1771, 388)
2025-09-04 01:20:02,625 - automation.rune_creation - INFO - Performing drag and drop...
2025-09-04 01:20:04,958 - automation.rune_creation - INFO - Pressing hotkey: f6
2025-09-04 01:20:06,160 - automation.rune_creation - INFO - Rune creation sequence completed successfully
2025-09-04 01:20:06,160 - gui.main_window - INFO - Rune creation test completed successfully
2025-09-04 01:23:44,724 - cyclops - INFO - Starting Cyclops Desktop Automation Application
2025-09-04 01:23:44,906 - utils.config_manager - INFO - Configuration loaded from config/default_config.json
2025-09-04 01:23:44,907 - utils.config_manager - INFO - Configuration manager initialized with: config/default_config.json
2025-09-04 01:23:44,907 - core.screen_capture - INFO - Screen resolution: 1920x1080
2025-09-04 01:23:44,907 - core.ocr_engine - INFO - Tesseract path set to: C:\Program Files\Tesseract-OCR\tesseract.exe
2025-09-04 01:23:44,907 - core.ocr_engine - INFO - OCR Engine initialized with language: eng
2025-09-04 01:23:44,907 - core.computer_vision - INFO - Computer Vision engine initialized
2025-09-04 01:23:44,907 - core.input_simulator - INFO - Input Simulator initialized
2025-09-04 01:23:44,907 - core.state_monitor - INFO - State Monitor initialized
2025-09-04 01:23:44,907 - core.computer_vision - INFO - Computer Vision engine initialized
2025-09-04 01:23:44,908 - automation.rune_creation - INFO - Rune Creation Automation initialized
2025-09-04 01:23:44,908 - automation.rune_creation - INFO - Rune positions: 0 configured
2025-09-04 01:23:44,908 - automation.rune_creation - INFO - Delay range: 2.0-5.0 minutes
2025-09-04 01:23:44,908 - automation.rune_creation - INFO - Blank rune image: C:\Users\Lucas\Desktop\workspace\personal\cyclops\src\automation\..\..\blank.png
2025-09-04 01:23:44,908 - automation.food_eating - INFO - Food Eating Automation initialized
2025-09-04 01:23:44,908 - automation.food_eating - INFO - Food positions: 0 configured
2025-09-04 01:23:44,908 - automation.food_eating - INFO - Click range: 3-6
2025-09-04 01:23:44,908 - automation.food_eating - INFO - Delay range: 4.0-8.0 minutes
2025-09-04 01:23:44,908 - automation.health_monitor - INFO - Health Monitor Automation initialized
2025-09-04 01:23:44,909 - automation.workflow_manager - INFO - All automation modules initialized
2025-09-04 01:23:44,909 - automation.workflow_manager - INFO - Workflow Manager initialized
2025-09-04 01:23:44,920 - gui.main_window - INFO - Updating rune positions display. Current positions: []
2025-09-04 01:23:44,920 - gui.main_window - INFO - Updated display to: No positions configured (0/3)
2025-09-04 01:23:44,926 - gui.main_window - INFO - Updated rune search region display: Region: (0, 0) - 200x200
2025-09-04 01:23:44,928 - gui.main_window - INFO - Updating food positions display. Current positions: []
2025-09-04 01:23:44,928 - gui.main_window - INFO - Updated display to: No positions configured (0/3)
2025-09-04 01:23:44,942 - gui.region_selector - INFO - Region overlay created at (1299, 617) - Border only
2025-09-04 01:23:44,943 - gui.main_window - INFO - Persistent overlay created at (1299, 617) - 148x93
2025-09-04 01:23:44,943 - automation.workflow_manager - INFO - Registered callback for health_monitor
2025-09-04 01:23:44,943 - gui.main_window - INFO - Main window initialized
2025-09-04 01:23:44,943 - cyclops - INFO - Application started successfully
2025-09-04 01:26:32,941 - cyclops - INFO - Starting Cyclops Desktop Automation Application
2025-09-04 01:26:33,114 - utils.config_manager - INFO - Configuration loaded from config/default_config.json
2025-09-04 01:26:33,114 - utils.config_manager - INFO - Configuration manager initialized with: config/default_config.json
2025-09-04 01:26:33,114 - core.screen_capture - INFO - Screen resolution: 1920x1080
2025-09-04 01:26:33,114 - core.ocr_engine - INFO - Tesseract path set to: C:\Program Files\Tesseract-OCR\tesseract.exe
2025-09-04 01:26:33,114 - core.ocr_engine - INFO - OCR Engine initialized with language: eng
2025-09-04 01:26:33,114 - core.computer_vision - INFO - Computer Vision engine initialized
2025-09-04 01:26:33,115 - core.input_simulator - INFO - Input Simulator initialized
2025-09-04 01:26:33,115 - core.state_monitor - INFO - State Monitor initialized
2025-09-04 01:26:33,115 - core.computer_vision - INFO - Computer Vision engine initialized
2025-09-04 01:26:33,115 - automation.rune_creation - INFO - Rune Creation Automation initialized
2025-09-04 01:26:33,115 - automation.rune_creation - INFO - Rune positions: 0 configured
2025-09-04 01:26:33,115 - automation.rune_creation - INFO - Delay range: 2.0-5.0 minutes
2025-09-04 01:26:33,115 - automation.rune_creation - INFO - Blank rune image: C:\Users\Lucas\Desktop\workspace\personal\cyclops\src\automation\..\..\blank.png
2025-09-04 01:26:33,115 - automation.food_eating - INFO - Food Eating Automation initialized
2025-09-04 01:26:33,115 - automation.food_eating - INFO - Food positions: 0 configured
2025-09-04 01:26:33,115 - automation.food_eating - INFO - Click range: 3-6
2025-09-04 01:26:33,116 - automation.food_eating - INFO - Delay range: 4.0-8.0 minutes
2025-09-04 01:26:33,116 - automation.health_monitor - INFO - Health Monitor Automation initialized
2025-09-04 01:26:33,116 - automation.workflow_manager - INFO - All automation modules initialized
2025-09-04 01:26:33,116 - automation.workflow_manager - INFO - Workflow Manager initialized
2025-09-04 01:26:33,128 - gui.main_window - INFO - Updating rune positions display. Current positions: []
2025-09-04 01:26:33,128 - gui.main_window - INFO - Updated display to: No positions configured (0/3)
2025-09-04 01:26:33,134 - gui.main_window - INFO - Updated rune search region display: Region: (0, 0) - 200x200
2025-09-04 01:26:33,137 - gui.main_window - INFO - Updating food positions display. Current positions: []
2025-09-04 01:26:33,138 - gui.main_window - INFO - Updated display to: No positions configured (0/3)
2025-09-04 01:26:33,158 - gui.region_selector - INFO - Region overlay created at (1299, 617) - Border only
2025-09-04 01:26:33,158 - gui.main_window - INFO - Persistent overlay created at (1299, 617) - 148x93
2025-09-04 01:26:33,158 - automation.workflow_manager - INFO - Registered callback for health_monitor
2025-09-04 01:26:33,158 - gui.main_window - INFO - Main window initialized
2025-09-04 01:26:33,158 - cyclops - INFO - Application started successfully
2025-09-04 01:26:44,539 - gui.main_window - ERROR - Failed to start rune search region selection: RegionSelector.__init__() missing 2 required positional arguments: 'on_selected' and 'on_cancelled'
2025-09-04 01:28:34,538 - cyclops - INFO - Starting Cyclops Desktop Automation Application
2025-09-04 01:28:34,714 - utils.config_manager - INFO - Configuration loaded from config/default_config.json
2025-09-04 01:28:34,714 - utils.config_manager - INFO - Configuration manager initialized with: config/default_config.json
2025-09-04 01:28:34,714 - core.screen_capture - INFO - Screen resolution: 1920x1080
2025-09-04 01:28:34,715 - core.ocr_engine - INFO - Tesseract path set to: C:\Program Files\Tesseract-OCR\tesseract.exe
2025-09-04 01:28:34,715 - core.ocr_engine - INFO - OCR Engine initialized with language: eng
2025-09-04 01:28:34,715 - core.computer_vision - INFO - Computer Vision engine initialized
2025-09-04 01:28:34,715 - core.input_simulator - INFO - Input Simulator initialized
2025-09-04 01:28:34,715 - core.state_monitor - INFO - State Monitor initialized
2025-09-04 01:28:34,715 - core.computer_vision - INFO - Computer Vision engine initialized
2025-09-04 01:28:34,716 - automation.rune_creation - INFO - Rune Creation Automation initialized
2025-09-04 01:28:34,716 - automation.rune_creation - INFO - Rune positions: 0 configured
2025-09-04 01:28:34,716 - automation.rune_creation - INFO - Delay range: 2.0-5.0 minutes
2025-09-04 01:28:34,716 - automation.rune_creation - INFO - Blank rune image: C:\Users\Lucas\Desktop\workspace\personal\cyclops\src\automation\..\..\blank.png
2025-09-04 01:28:34,716 - automation.food_eating - INFO - Food Eating Automation initialized
2025-09-04 01:28:34,716 - automation.food_eating - INFO - Food positions: 0 configured
2025-09-04 01:28:34,716 - automation.food_eating - INFO - Click range: 3-6
2025-09-04 01:28:34,716 - automation.food_eating - INFO - Delay range: 4.0-8.0 minutes
2025-09-04 01:28:34,717 - automation.health_monitor - INFO - Health Monitor Automation initialized
2025-09-04 01:28:34,717 - automation.workflow_manager - INFO - All automation modules initialized
2025-09-04 01:28:34,717 - automation.workflow_manager - INFO - Workflow Manager initialized
2025-09-04 01:28:34,734 - gui.main_window - INFO - Updating rune positions display. Current positions: []
2025-09-04 01:28:34,734 - gui.main_window - INFO - Updated display to: No positions configured (0/3)
2025-09-04 01:28:34,745 - gui.main_window - INFO - Updated rune search region display: Region: (0, 0) - 200x200
2025-09-04 01:28:34,749 - gui.main_window - INFO - Updating food positions display. Current positions: []
2025-09-04 01:28:34,749 - gui.main_window - INFO - Updated display to: No positions configured (0/3)
2025-09-04 01:28:34,771 - gui.region_selector - INFO - Region overlay created at (1299, 617) - Border only
2025-09-04 01:28:34,771 - gui.main_window - INFO - Persistent overlay created at (1299, 617) - 148x93
2025-09-04 01:28:34,771 - automation.workflow_manager - INFO - Registered callback for health_monitor
2025-09-04 01:28:34,771 - gui.main_window - INFO - Main window initialized
2025-09-04 01:28:34,772 - cyclops - INFO - Application started successfully
2025-09-04 01:29:11,809 - cyclops - INFO - Starting Cyclops Desktop Automation Application
2025-09-04 01:29:11,975 - utils.config_manager - INFO - Configuration loaded from config/default_config.json
2025-09-04 01:29:11,975 - utils.config_manager - INFO - Configuration manager initialized with: config/default_config.json
2025-09-04 01:29:11,976 - core.screen_capture - INFO - Screen resolution: 1920x1080
2025-09-04 01:29:11,976 - core.ocr_engine - INFO - Tesseract path set to: C:\Program Files\Tesseract-OCR\tesseract.exe
2025-09-04 01:29:11,976 - core.ocr_engine - INFO - OCR Engine initialized with language: eng
2025-09-04 01:29:11,976 - core.computer_vision - INFO - Computer Vision engine initialized
2025-09-04 01:29:11,976 - core.input_simulator - INFO - Input Simulator initialized
2025-09-04 01:29:11,976 - core.state_monitor - INFO - State Monitor initialized
2025-09-04 01:29:11,976 - core.computer_vision - INFO - Computer Vision engine initialized
2025-09-04 01:29:11,976 - automation.rune_creation - INFO - Rune Creation Automation initialized
2025-09-04 01:29:11,976 - automation.rune_creation - INFO - Rune positions: 0 configured
2025-09-04 01:29:11,976 - automation.rune_creation - INFO - Delay range: 2.0-5.0 minutes
2025-09-04 01:29:11,976 - automation.rune_creation - INFO - Blank rune image: C:\Users\Lucas\Desktop\workspace\personal\cyclops\src\automation\..\..\blank.png
2025-09-04 01:29:11,976 - automation.food_eating - INFO - Food Eating Automation initialized
2025-09-04 01:29:11,976 - automation.food_eating - INFO - Food positions: 0 configured
2025-09-04 01:29:11,976 - automation.food_eating - INFO - Click range: 3-6
2025-09-04 01:29:11,976 - automation.food_eating - INFO - Delay range: 4.0-8.0 minutes
2025-09-04 01:29:11,977 - automation.health_monitor - INFO - Health Monitor Automation initialized
2025-09-04 01:29:11,977 - automation.workflow_manager - INFO - All automation modules initialized
2025-09-04 01:29:11,977 - automation.workflow_manager - INFO - Workflow Manager initialized
2025-09-04 01:29:11,989 - gui.main_window - INFO - Updating rune positions display. Current positions: []
2025-09-04 01:29:11,989 - gui.main_window - INFO - Updated display to: No positions configured (0/3)
2025-09-04 01:29:11,997 - gui.main_window - INFO - Updated rune search region display: Region: (0, 0) - 200x200
2025-09-04 01:29:12,002 - gui.main_window - INFO - Updating food positions display. Current positions: []
2025-09-04 01:29:12,002 - gui.main_window - INFO - Updated display to: No positions configured (0/3)
2025-09-04 01:29:12,020 - gui.region_selector - INFO - Region overlay created at (1299, 617) - Border only
2025-09-04 01:29:12,020 - gui.main_window - INFO - Persistent overlay created at (1299, 617) - 148x93
2025-09-04 01:29:12,020 - automation.workflow_manager - INFO - Registered callback for health_monitor
2025-09-04 01:29:12,021 - gui.main_window - INFO - Main window initialized
2025-09-04 01:29:12,021 - cyclops - INFO - Application started successfully
2025-09-04 01:29:34,634 - gui.region_selector - INFO - Region overlay destroyed
2025-09-04 01:29:34,635 - gui.region_selector - INFO - Region overlay created at (50, 50) - Border only
2025-09-04 01:29:34,635 - gui.main_window - INFO - Persistent overlay created at (50, 50) - 200x20
2025-09-04 01:29:34,635 - gui.main_window - INFO - Health region cleared and reset to default
2025-09-04 01:29:39,936 - gui.region_selector - INFO - Region selector initialized
2025-09-04 01:29:39,936 - gui.main_window - ERROR - Failed to start rune search region selection: 'RegionSelector' object has no attribute 'start_selection'
2025-09-04 01:29:52,920 - gui.region_selector - INFO - Region selected: X:1327, Y:211, W:156, H:179
2025-09-04 01:30:43,838 - cyclops - INFO - Starting Cyclops Desktop Automation Application
2025-09-04 01:30:44,009 - utils.config_manager - INFO - Configuration loaded from config/default_config.json
2025-09-04 01:30:44,009 - utils.config_manager - INFO - Configuration manager initialized with: config/default_config.json
2025-09-04 01:30:44,009 - core.screen_capture - INFO - Screen resolution: 1920x1080
2025-09-04 01:30:44,010 - core.ocr_engine - INFO - Tesseract path set to: C:\Program Files\Tesseract-OCR\tesseract.exe
2025-09-04 01:30:44,010 - core.ocr_engine - INFO - OCR Engine initialized with language: eng
2025-09-04 01:30:44,010 - core.computer_vision - INFO - Computer Vision engine initialized
2025-09-04 01:30:44,010 - core.input_simulator - INFO - Input Simulator initialized
2025-09-04 01:30:44,010 - core.state_monitor - INFO - State Monitor initialized
2025-09-04 01:30:44,010 - core.computer_vision - INFO - Computer Vision engine initialized
2025-09-04 01:30:44,010 - automation.rune_creation - INFO - Rune Creation Automation initialized
2025-09-04 01:30:44,010 - automation.rune_creation - INFO - Rune positions: 0 configured
2025-09-04 01:30:44,010 - automation.rune_creation - INFO - Delay range: 2.0-5.0 minutes
2025-09-04 01:30:44,010 - automation.rune_creation - INFO - Blank rune image: C:\Users\Lucas\Desktop\workspace\personal\cyclops\src\automation\..\..\blank.png
2025-09-04 01:30:44,011 - automation.food_eating - INFO - Food Eating Automation initialized
2025-09-04 01:30:44,011 - automation.food_eating - INFO - Food positions: 0 configured
2025-09-04 01:30:44,011 - automation.food_eating - INFO - Click range: 3-6
2025-09-04 01:30:44,011 - automation.food_eating - INFO - Delay range: 4.0-8.0 minutes
2025-09-04 01:30:44,011 - automation.health_monitor - INFO - Health Monitor Automation initialized
2025-09-04 01:30:44,011 - automation.workflow_manager - INFO - All automation modules initialized
2025-09-04 01:30:44,011 - automation.workflow_manager - INFO - Workflow Manager initialized
2025-09-04 01:30:44,020 - gui.main_window - INFO - Updating rune positions display. Current positions: []
2025-09-04 01:30:44,020 - gui.main_window - INFO - Updated display to: No positions configured (0/3)
2025-09-04 01:30:44,025 - gui.main_window - INFO - Updated rune search region display: Region: (0, 0) - 200x200
2025-09-04 01:30:44,028 - gui.main_window - INFO - Updating food positions display. Current positions: []
2025-09-04 01:30:44,028 - gui.main_window - INFO - Updated display to: No positions configured (0/3)
2025-09-04 01:30:44,041 - gui.region_selector - INFO - Region overlay created at (1299, 617) - Border only
2025-09-04 01:30:44,041 - gui.main_window - INFO - Persistent overlay created at (1299, 617) - 148x93
2025-09-04 01:30:44,041 - automation.workflow_manager - INFO - Registered callback for health_monitor
2025-09-04 01:30:44,042 - gui.main_window - INFO - Main window initialized
2025-09-04 01:30:44,042 - cyclops - INFO - Application started successfully
2025-09-04 01:31:23,261 - cyclops - INFO - Starting Cyclops Desktop Automation Application
2025-09-04 01:31:23,426 - utils.config_manager - INFO - Configuration loaded from config/default_config.json
2025-09-04 01:31:23,427 - utils.config_manager - INFO - Configuration manager initialized with: config/default_config.json
2025-09-04 01:31:23,427 - core.screen_capture - INFO - Screen resolution: 1920x1080
2025-09-04 01:31:23,427 - core.ocr_engine - INFO - Tesseract path set to: C:\Program Files\Tesseract-OCR\tesseract.exe
2025-09-04 01:31:23,427 - core.ocr_engine - INFO - OCR Engine initialized with language: eng
2025-09-04 01:31:23,427 - core.computer_vision - INFO - Computer Vision engine initialized
2025-09-04 01:31:23,427 - core.input_simulator - INFO - Input Simulator initialized
2025-09-04 01:31:23,427 - core.state_monitor - INFO - State Monitor initialized
2025-09-04 01:31:23,427 - core.computer_vision - INFO - Computer Vision engine initialized
2025-09-04 01:31:23,428 - automation.rune_creation - INFO - Rune Creation Automation initialized
2025-09-04 01:31:23,428 - automation.rune_creation - INFO - Rune positions: 0 configured
2025-09-04 01:31:23,428 - automation.rune_creation - INFO - Delay range: 2.0-5.0 minutes
2025-09-04 01:31:23,428 - automation.rune_creation - INFO - Blank rune image: C:\Users\Lucas\Desktop\workspace\personal\cyclops\src\automation\..\..\blank.png
2025-09-04 01:31:23,428 - automation.food_eating - INFO - Food Eating Automation initialized
2025-09-04 01:31:23,428 - automation.food_eating - INFO - Food positions: 0 configured
2025-09-04 01:31:23,428 - automation.food_eating - INFO - Click range: 3-6
2025-09-04 01:31:23,428 - automation.food_eating - INFO - Delay range: 4.0-8.0 minutes
2025-09-04 01:31:23,428 - automation.health_monitor - INFO - Health Monitor Automation initialized
2025-09-04 01:31:23,429 - automation.workflow_manager - INFO - All automation modules initialized
2025-09-04 01:31:23,429 - automation.workflow_manager - INFO - Workflow Manager initialized
2025-09-04 01:31:23,439 - gui.main_window - INFO - Updating rune positions display. Current positions: []
2025-09-04 01:31:23,440 - gui.main_window - INFO - Updated display to: No positions configured (0/3)
2025-09-04 01:31:23,445 - gui.main_window - INFO - Updated rune search region display: Region: (0, 0) - 200x200
2025-09-04 01:31:23,446 - gui.main_window - INFO - Updating food positions display. Current positions: []
2025-09-04 01:31:23,447 - gui.main_window - INFO - Updated display to: No positions configured (0/3)
2025-09-04 01:31:23,461 - gui.region_selector - INFO - Region overlay created at (1299, 617) - Border only
2025-09-04 01:31:23,461 - gui.main_window - INFO - Persistent overlay created at (1299, 617) - 148x93
2025-09-04 01:31:23,461 - automation.workflow_manager - INFO - Registered callback for health_monitor
2025-09-04 01:31:23,462 - gui.main_window - INFO - Main window initialized
2025-09-04 01:31:23,462 - cyclops - INFO - Application started successfully
2025-09-04 01:32:15,438 - cyclops - INFO - Starting Cyclops Desktop Automation Application
2025-09-04 01:32:15,608 - utils.config_manager - INFO - Configuration loaded from config/default_config.json
2025-09-04 01:32:15,608 - utils.config_manager - INFO - Configuration manager initialized with: config/default_config.json
2025-09-04 01:32:15,608 - core.screen_capture - INFO - Screen resolution: 1920x1080
2025-09-04 01:32:15,608 - core.ocr_engine - INFO - Tesseract path set to: C:\Program Files\Tesseract-OCR\tesseract.exe
2025-09-04 01:32:15,608 - core.ocr_engine - INFO - OCR Engine initialized with language: eng
2025-09-04 01:32:15,609 - core.computer_vision - INFO - Computer Vision engine initialized
2025-09-04 01:32:15,609 - core.input_simulator - INFO - Input Simulator initialized
2025-09-04 01:32:15,609 - core.state_monitor - INFO - State Monitor initialized
2025-09-04 01:32:15,609 - core.computer_vision - INFO - Computer Vision engine initialized
2025-09-04 01:32:15,609 - automation.rune_creation - INFO - Rune Creation Automation initialized
2025-09-04 01:32:15,609 - automation.rune_creation - INFO - Rune positions: 0 configured
2025-09-04 01:32:15,610 - automation.rune_creation - INFO - Delay range: 2.0-5.0 minutes
2025-09-04 01:32:15,610 - automation.rune_creation - INFO - Blank rune image: C:\Users\Lucas\Desktop\workspace\personal\cyclops\src\automation\..\..\blank.png
2025-09-04 01:32:15,610 - automation.food_eating - INFO - Food Eating Automation initialized
2025-09-04 01:32:15,610 - automation.food_eating - INFO - Food positions: 0 configured
2025-09-04 01:32:15,610 - automation.food_eating - INFO - Click range: 3-6
2025-09-04 01:32:15,610 - automation.food_eating - INFO - Delay range: 4.0-8.0 minutes
2025-09-04 01:32:15,611 - automation.health_monitor - INFO - Health Monitor Automation initialized
2025-09-04 01:32:15,611 - automation.workflow_manager - INFO - All automation modules initialized
2025-09-04 01:32:15,611 - automation.workflow_manager - INFO - Workflow Manager initialized
2025-09-04 01:32:15,629 - gui.main_window - INFO - Updating rune positions display. Current positions: []
2025-09-04 01:32:15,629 - gui.main_window - INFO - Updated display to: No positions configured (0/3)
2025-09-04 01:32:15,637 - gui.main_window - INFO - Updated rune search region display: Region: (0, 0) - 200x200
2025-09-04 01:32:15,640 - gui.main_window - INFO - Updating food positions display. Current positions: []
2025-09-04 01:32:15,640 - gui.main_window - INFO - Updated display to: No positions configured (0/3)
2025-09-04 01:32:15,662 - gui.region_selector - INFO - Region overlay created at (1299, 617) - Border only
2025-09-04 01:32:15,662 - gui.main_window - INFO - Persistent overlay created at (1299, 617) - 148x93
2025-09-04 01:32:15,663 - automation.workflow_manager - INFO - Registered callback for health_monitor
2025-09-04 01:32:15,664 - gui.main_window - INFO - Main window initialized
2025-09-04 01:32:15,665 - cyclops - INFO - Application started successfully
2025-09-04 01:32:22,961 - gui.region_selector - INFO - Region selector initialized
2025-09-04 01:32:26,972 - gui.region_selector - INFO - Region selected: X:1330, Y:211, W:161, H:187
2025-09-04 01:32:35,706 - gui.main_window - INFO - Testing blank rune detection...
2025-09-04 01:32:35,766 - gui.main_window - INFO - SUCCESS: BLANK IMAGE FOUND at (31, 170)
2025-09-04 01:32:44,310 - gui.main_window - INFO - Starting rune position recording...
2025-09-04 01:32:44,313 - gui.region_selector - INFO - Started recording 3 rune target positions
2025-09-04 01:32:46,381 - gui.region_selector - INFO - Recorded rune target position 1 at (1498, 414)
2025-09-04 01:32:46,862 - gui.region_selector - INFO - Recorded rune target position 2 at (1502, 414)
2025-09-04 01:32:47,335 - gui.region_selector - INFO - Recorded final rune target position 3 at (1507, 412)
2025-09-04 01:32:48,857 - gui.main_window - INFO - Rune position recording callback received: [(1498, 414), (1502, 414), (1507, 412)]
2025-09-04 01:32:48,857 - automation.rune_creation - INFO - Cleared all rune positions
2025-09-04 01:32:48,859 - gui.main_window - INFO - Adding rune position 1: (1498, 414)
2025-09-04 01:32:48,861 - automation.rune_creation - INFO - Added rune position: (1498, 414)
2025-09-04 01:32:48,864 - gui.main_window - INFO - Successfully added rune position 1: (1498, 414)
2025-09-04 01:32:48,866 - gui.main_window - INFO - Adding rune position 2: (1502, 414)
2025-09-04 01:32:48,869 - automation.rune_creation - INFO - Added rune position: (1502, 414)
2025-09-04 01:32:48,871 - gui.main_window - INFO - Successfully added rune position 2: (1502, 414)
2025-09-04 01:32:48,874 - gui.main_window - INFO - Adding rune position 3: (1507, 412)
2025-09-04 01:32:48,876 - automation.rune_creation - INFO - Added rune position: (1507, 412)
2025-09-04 01:32:48,879 - gui.main_window - INFO - Successfully added rune position 3: (1507, 412)
2025-09-04 01:32:48,880 - gui.main_window - INFO - Updating rune positions display. Current positions: [(1498, 414), (1502, 414), (1507, 412)]
2025-09-04 01:32:48,881 - gui.main_window - INFO - Updated display to: Positions: (1498, 414), (1502, 414), (1507, 412) (3/3)
2025-09-04 01:32:59,965 - gui.main_window - INFO - Testing rune creation logic with 3 positions...
2025-09-04 01:32:59,965 - automation.rune_creation - INFO - Starting rune creation sequence...
2025-09-04 01:33:00,006 - automation.rune_creation - INFO - Found blank rune at (31, 170)
2025-09-04 01:33:00,006 - automation.rune_creation - INFO - Selected target position: (1498, 414)
2025-09-04 01:33:00,007 - automation.rune_creation - INFO - Performing drag and drop...
2025-09-04 01:33:02,323 - automation.rune_creation - INFO - Pressing hotkey: f6
2025-09-04 01:33:03,526 - automation.rune_creation - INFO - Rune creation sequence completed successfully
2025-09-04 01:33:03,526 - gui.main_window - INFO - Rune creation test completed successfully
2025-09-04 01:33:26,408 - gui.main_window - INFO - Testing rune creation logic with 3 positions...
2025-09-04 01:33:26,408 - automation.rune_creation - INFO - Starting rune creation sequence...
2025-09-04 01:33:26,448 - automation.rune_creation - INFO - Found blank rune at (31, 170)
2025-09-04 01:33:26,448 - automation.rune_creation - INFO - Selected target position: (1502, 414)
2025-09-04 01:33:26,449 - automation.rune_creation - INFO - Performing drag and drop...
2025-09-04 01:33:28,768 - automation.rune_creation - INFO - Pressing hotkey: f6
2025-09-04 01:33:29,970 - automation.rune_creation - INFO - Rune creation sequence completed successfully
2025-09-04 01:33:29,970 - gui.main_window - INFO - Rune creation test completed successfully
2025-09-04 01:36:27,008 - cyclops - INFO - Starting Cyclops Desktop Automation Application
2025-09-04 01:36:27,185 - utils.config_manager - INFO - Configuration loaded from config/default_config.json
2025-09-04 01:36:27,186 - utils.config_manager - INFO - Configuration manager initialized with: config/default_config.json
2025-09-04 01:36:27,186 - core.screen_capture - INFO - Screen resolution: 1920x1080
2025-09-04 01:36:27,186 - core.ocr_engine - INFO - Tesseract path set to: C:\Program Files\Tesseract-OCR\tesseract.exe
2025-09-04 01:36:27,186 - core.ocr_engine - INFO - OCR Engine initialized with language: eng
2025-09-04 01:36:27,186 - core.computer_vision - INFO - Computer Vision engine initialized
2025-09-04 01:36:27,186 - core.input_simulator - INFO - Input Simulator initialized
2025-09-04 01:36:27,186 - core.state_monitor - INFO - State Monitor initialized
2025-09-04 01:36:27,186 - core.computer_vision - INFO - Computer Vision engine initialized
2025-09-04 01:36:27,187 - automation.rune_creation - INFO - Rune Creation Automation initialized
2025-09-04 01:36:27,187 - automation.rune_creation - INFO - Rune positions: 0 configured
2025-09-04 01:36:27,187 - automation.rune_creation - INFO - Delay range: 2.0-5.0 minutes
2025-09-04 01:36:27,187 - automation.rune_creation - INFO - Blank rune image: C:\Users\Lucas\Desktop\workspace\personal\cyclops\src\automation\..\..\blank.png
2025-09-04 01:36:27,187 - automation.food_eating - INFO - Food Eating Automation initialized
2025-09-04 01:36:27,187 - automation.food_eating - INFO - Food positions: 0 configured
2025-09-04 01:36:27,187 - automation.food_eating - INFO - Click range: 3-6
2025-09-04 01:36:27,188 - automation.food_eating - INFO - Delay range: 4.0-8.0 minutes
2025-09-04 01:36:27,188 - automation.health_monitor - INFO - Health Monitor Automation initialized
2025-09-04 01:36:27,188 - automation.workflow_manager - INFO - All automation modules initialized
2025-09-04 01:36:27,188 - automation.workflow_manager - INFO - Workflow Manager initialized
2025-09-04 01:36:27,198 - gui.main_window - INFO - Updating rune positions display. Current positions: []
2025-09-04 01:36:27,198 - gui.main_window - INFO - Updated display to: No positions configured (0/3)
2025-09-04 01:36:27,204 - gui.main_window - INFO - Updated rune search region display: Region: (0, 0) - 200x200
2025-09-04 01:36:27,206 - gui.main_window - INFO - Updating food positions display. Current positions: []
2025-09-04 01:36:27,206 - gui.main_window - INFO - Updated display to: No positions configured (0/3)
2025-09-04 01:36:27,224 - gui.region_selector - INFO - Region overlay created at (1299, 617) - Border only
2025-09-04 01:36:27,224 - gui.main_window - INFO - Persistent overlay created at (1299, 617) - 148x93
2025-09-04 01:36:27,224 - gui.region_selector - INFO - Region overlay created at (0, 0) - Border only
2025-09-04 01:36:27,224 - gui.main_window - INFO - Rune persistent overlay created at (0, 0) - 200x200
2025-09-04 01:36:27,224 - automation.workflow_manager - INFO - Registered callback for health_monitor
2025-09-04 01:36:27,224 - gui.main_window - INFO - Main window initialized
2025-09-04 01:36:27,224 - cyclops - INFO - Application started successfully
2025-09-04 01:37:18,199 - cyclops - INFO - Starting Cyclops Desktop Automation Application
2025-09-04 01:37:18,371 - utils.config_manager - INFO - Configuration loaded from config/default_config.json
2025-09-04 01:37:18,371 - utils.config_manager - INFO - Configuration manager initialized with: config/default_config.json
2025-09-04 01:37:18,372 - core.screen_capture - INFO - Screen resolution: 1920x1080
2025-09-04 01:37:18,372 - core.ocr_engine - INFO - Tesseract path set to: C:\Program Files\Tesseract-OCR\tesseract.exe
2025-09-04 01:37:18,372 - core.ocr_engine - INFO - OCR Engine initialized with language: eng
2025-09-04 01:37:18,372 - core.computer_vision - INFO - Computer Vision engine initialized
2025-09-04 01:37:18,372 - core.input_simulator - INFO - Input Simulator initialized
2025-09-04 01:37:18,372 - core.state_monitor - INFO - State Monitor initialized
2025-09-04 01:37:18,372 - core.computer_vision - INFO - Computer Vision engine initialized
2025-09-04 01:37:18,372 - automation.rune_creation - INFO - Rune Creation Automation initialized
2025-09-04 01:37:18,372 - automation.rune_creation - INFO - Rune positions: 0 configured
2025-09-04 01:37:18,372 - automation.rune_creation - INFO - Delay range: 2.0-5.0 minutes
2025-09-04 01:37:18,372 - automation.rune_creation - INFO - Blank rune image: C:\Users\Lucas\Desktop\workspace\personal\cyclops\src\automation\..\..\blank.png
2025-09-04 01:37:18,372 - automation.food_eating - INFO - Food Eating Automation initialized
2025-09-04 01:37:18,373 - automation.food_eating - INFO - Food positions: 0 configured
2025-09-04 01:37:18,373 - automation.food_eating - INFO - Click range: 3-6
2025-09-04 01:37:18,373 - automation.food_eating - INFO - Delay range: 4.0-8.0 minutes
2025-09-04 01:37:18,373 - automation.health_monitor - INFO - Health Monitor Automation initialized
2025-09-04 01:37:18,373 - automation.workflow_manager - INFO - All automation modules initialized
2025-09-04 01:37:18,373 - automation.workflow_manager - INFO - Workflow Manager initialized
2025-09-04 01:37:18,383 - gui.main_window - INFO - Updating rune positions display. Current positions: []
2025-09-04 01:37:18,383 - gui.main_window - INFO - Updated display to: No positions configured (0/3)
2025-09-04 01:37:18,388 - gui.main_window - INFO - Updated rune search region display: Region: (0, 0) - 200x200
2025-09-04 01:37:18,390 - gui.main_window - INFO - Updating food positions display. Current positions: []
2025-09-04 01:37:18,390 - gui.main_window - INFO - Updated display to: No positions configured (0/3)
2025-09-04 01:37:18,407 - gui.region_selector - INFO - Region overlay created at (1299, 617) - Border only
2025-09-04 01:37:18,407 - gui.main_window - INFO - Persistent overlay created at (1299, 617) - 148x93
2025-09-04 01:37:18,408 - gui.region_selector - INFO - Region overlay created at (0, 0) - Border only
2025-09-04 01:37:18,408 - gui.main_window - INFO - Rune persistent overlay created at (0, 0) - 200x200
2025-09-04 01:37:18,408 - automation.workflow_manager - INFO - Registered callback for health_monitor
2025-09-04 01:37:18,408 - gui.main_window - INFO - Main window initialized
2025-09-04 01:37:18,408 - cyclops - INFO - Application started successfully
2025-09-04 01:37:21,875 - gui.region_selector - INFO - Region selector initialized
2025-09-04 01:37:26,071 - gui.region_selector - INFO - Region selected: X:1341, Y:218, W:140, H:154
2025-09-04 01:37:29,517 - gui.main_window - INFO - Testing blank rune detection...
2025-09-04 01:37:29,558 - automation.rune_creation - INFO - Blank rune found at relative position Point(x=np.int64(31), y=np.int64(170)), absolute: (31, 170)
2025-09-04 01:37:29,558 - automation.rune_creation - INFO - Search region: (0, 0) - 200x200
2025-09-04 01:37:29,558 - gui.main_window - INFO - SUCCESS: BLANK IMAGE FOUND at (31, 170)
2025-09-04 01:37:40,365 - gui.main_window - INFO - Starting rune position recording...
2025-09-04 01:37:40,368 - gui.region_selector - INFO - Started recording 3 rune target positions
2025-09-04 01:37:41,747 - gui.region_selector - INFO - Recorded rune target position 1 at (1498, 407)
2025-09-04 01:37:42,100 - gui.region_selector - INFO - Recorded rune target position 2 at (1501, 405)
2025-09-04 01:37:42,463 - gui.region_selector - INFO - Recorded final rune target position 3 at (1507, 402)
2025-09-04 01:37:43,983 - gui.main_window - INFO - Rune position recording callback received: [(1498, 407), (1501, 405), (1507, 402)]
2025-09-04 01:37:43,983 - automation.rune_creation - INFO - Cleared all rune positions
2025-09-04 01:37:43,987 - gui.main_window - INFO - Adding rune position 1: (1498, 407)
2025-09-04 01:37:43,990 - automation.rune_creation - INFO - Added rune position: (1498, 407)
2025-09-04 01:37:43,993 - gui.main_window - INFO - Successfully added rune position 1: (1498, 407)
2025-09-04 01:37:43,996 - gui.main_window - INFO - Adding rune position 2: (1501, 405)
2025-09-04 01:37:43,998 - automation.rune_creation - INFO - Added rune position: (1501, 405)
2025-09-04 01:37:44,001 - gui.main_window - INFO - Successfully added rune position 2: (1501, 405)
2025-09-04 01:37:44,003 - gui.main_window - INFO - Adding rune position 3: (1507, 402)
2025-09-04 01:37:44,004 - automation.rune_creation - INFO - Added rune position: (1507, 402)
2025-09-04 01:37:44,005 - gui.main_window - INFO - Successfully added rune position 3: (1507, 402)
2025-09-04 01:37:44,006 - gui.main_window - INFO - Updating rune positions display. Current positions: [(1498, 407), (1501, 405), (1507, 402)]
2025-09-04 01:37:44,007 - gui.main_window - INFO - Updated display to: Positions: (1498, 407), (1501, 405), (1507, 402) (3/3)
2025-09-04 01:37:48,341 - gui.main_window - INFO - Testing rune creation logic with 3 positions...
2025-09-04 01:37:48,341 - automation.rune_creation - INFO - Starting rune creation sequence...
2025-09-04 01:37:48,375 - automation.rune_creation - INFO - Blank rune found at relative position Point(x=np.int64(31), y=np.int64(170)), absolute: (31, 170)
2025-09-04 01:37:48,375 - automation.rune_creation - INFO - Search region: (0, 0) - 200x200
2025-09-04 01:37:48,375 - automation.rune_creation - INFO - Found blank rune at (31, 170)
2025-09-04 01:37:48,376 - automation.rune_creation - INFO - Selected target position: (1498, 407)
2025-09-04 01:37:48,376 - automation.rune_creation - INFO - Performing drag and drop from (31, 170) to (1498, 407)...
2025-09-04 01:37:50,697 - automation.rune_creation - INFO - Pressing hotkey: f6
2025-09-04 01:37:51,900 - automation.rune_creation - INFO - Rune creation sequence completed successfully
2025-09-04 01:37:51,900 - gui.main_window - INFO - Rune creation test completed successfully
2025-09-04 01:38:30,419 - cyclops - INFO - Starting Cyclops Desktop Automation Application
2025-09-04 01:38:30,581 - utils.config_manager - INFO - Configuration loaded from config/default_config.json
2025-09-04 01:38:30,581 - utils.config_manager - INFO - Configuration manager initialized with: config/default_config.json
2025-09-04 01:38:30,581 - core.screen_capture - INFO - Screen resolution: 1920x1080
2025-09-04 01:38:30,581 - core.ocr_engine - INFO - Tesseract path set to: C:\Program Files\Tesseract-OCR\tesseract.exe
2025-09-04 01:38:30,582 - core.ocr_engine - INFO - OCR Engine initialized with language: eng
2025-09-04 01:38:30,582 - core.computer_vision - INFO - Computer Vision engine initialized
2025-09-04 01:38:30,582 - core.input_simulator - INFO - Input Simulator initialized
2025-09-04 01:38:30,582 - core.state_monitor - INFO - State Monitor initialized
2025-09-04 01:38:30,582 - core.computer_vision - INFO - Computer Vision engine initialized
2025-09-04 01:38:30,582 - automation.rune_creation - INFO - Rune Creation Automation initialized
2025-09-04 01:38:30,582 - automation.rune_creation - INFO - Rune positions: 0 configured
2025-09-04 01:38:30,582 - automation.rune_creation - INFO - Delay range: 2.0-5.0 minutes
2025-09-04 01:38:30,583 - automation.rune_creation - INFO - Blank rune image: C:\Users\Lucas\Desktop\workspace\personal\cyclops\src\automation\..\..\blank.png
2025-09-04 01:38:30,583 - automation.food_eating - INFO - Food Eating Automation initialized
2025-09-04 01:38:30,583 - automation.food_eating - INFO - Food positions: 0 configured
2025-09-04 01:38:30,583 - automation.food_eating - INFO - Click range: 3-6
2025-09-04 01:38:30,583 - automation.food_eating - INFO - Delay range: 4.0-8.0 minutes
2025-09-04 01:38:30,583 - automation.health_monitor - INFO - Health Monitor Automation initialized
2025-09-04 01:38:30,583 - automation.workflow_manager - INFO - All automation modules initialized
2025-09-04 01:38:30,583 - automation.workflow_manager - INFO - Workflow Manager initialized
2025-09-04 01:38:30,602 - gui.main_window - INFO - Updating rune positions display. Current positions: []
2025-09-04 01:38:30,603 - gui.main_window - INFO - Updated display to: No positions configured (0/3)
2025-09-04 01:38:30,610 - gui.main_window - INFO - Updated rune search region display: Region: (0, 0) - 200x200
2025-09-04 01:38:30,613 - gui.main_window - INFO - Updating food positions display. Current positions: []
2025-09-04 01:38:30,613 - gui.main_window - INFO - Updated display to: No positions configured (0/3)
2025-09-04 01:38:30,637 - gui.region_selector - INFO - Region overlay created at (1299, 617) - Border only
2025-09-04 01:38:30,637 - gui.main_window - INFO - Persistent overlay created at (1299, 617) - 148x93
2025-09-04 01:38:30,639 - gui.region_selector - INFO - Region overlay created at (0, 0) - Border only
2025-09-04 01:38:30,640 - gui.main_window - INFO - Rune persistent overlay created at (0, 0) - 200x200
2025-09-04 01:38:30,640 - automation.workflow_manager - INFO - Registered callback for health_monitor
2025-09-04 01:38:30,640 - gui.main_window - INFO - Main window initialized
2025-09-04 01:38:30,641 - cyclops - INFO - Application started successfully
2025-09-04 01:38:39,885 - automation.rune_creation - INFO - Cleared all rune positions
2025-09-04 01:38:39,885 - gui.main_window - INFO - Updating rune positions display. Current positions: []
2025-09-04 01:38:39,887 - gui.main_window - INFO - Updated display to: No positions configured (0/3)
2025-09-04 01:38:42,481 - gui.region_selector - INFO - Region selector initialized
2025-09-04 01:38:50,053 - gui.region_selector - INFO - Region selected: X:1394, Y:190, W:159, H:192
2025-09-04 01:39:07,101 - gui.main_window - INFO - Starting rune position recording...
2025-09-04 01:39:07,104 - gui.region_selector - INFO - Started recording 3 rune target positions
2025-09-04 01:39:08,289 - gui.region_selector - INFO - Recorded rune target position 1 at (1566, 405)
2025-09-04 01:39:08,495 - gui.region_selector - INFO - Recorded rune target position 2 at (1566, 405)
2025-09-04 01:39:08,840 - gui.region_selector - INFO - Recorded final rune target position 3 at (1566, 400)
2025-09-04 01:39:10,374 - gui.main_window - INFO - Rune position recording callback received: [(1566, 405), (1566, 405), (1566, 400)]
2025-09-04 01:39:10,374 - automation.rune_creation - INFO - Cleared all rune positions
2025-09-04 01:39:10,377 - gui.main_window - INFO - Adding rune position 1: (1566, 405)
2025-09-04 01:39:10,380 - automation.rune_creation - INFO - Added rune position: (1566, 405)
2025-09-04 01:39:10,382 - gui.main_window - INFO - Successfully added rune position 1: (1566, 405)
2025-09-04 01:39:10,384 - gui.main_window - INFO - Adding rune position 2: (1566, 405)
2025-09-04 01:39:10,388 - automation.rune_creation - INFO - Added rune position: (1566, 405)
2025-09-04 01:39:10,390 - gui.main_window - INFO - Successfully added rune position 2: (1566, 405)
2025-09-04 01:39:10,391 - gui.main_window - INFO - Adding rune position 3: (1566, 400)
2025-09-04 01:39:10,393 - automation.rune_creation - INFO - Added rune position: (1566, 400)
2025-09-04 01:39:10,393 - gui.main_window - INFO - Successfully added rune position 3: (1566, 400)
2025-09-04 01:39:10,393 - gui.main_window - INFO - Updating rune positions display. Current positions: [(1566, 405), (1566, 405), (1566, 400)]
2025-09-04 01:39:10,394 - gui.main_window - INFO - Updated display to: Positions: (1566, 405), (1566, 405), (1566, 400) (3/3)
2025-09-04 01:39:15,915 - gui.main_window - INFO - Testing blank rune detection...
2025-09-04 01:39:15,971 - gui.main_window - WARNING - ERROR: BLANK IMAGE NOT FOUND
2025-09-04 01:39:19,652 - gui.region_selector - INFO - Region selector initialized
2025-09-04 01:39:22,080 - gui.region_selector - INFO - Region selected: X:1398, Y:198, W:145, H:180
2025-09-04 01:41:09,657 - cyclops - INFO - Starting Cyclops Desktop Automation Application
2025-09-04 01:41:09,822 - utils.config_manager - INFO - Configuration loaded from config/default_config.json
2025-09-04 01:41:09,822 - utils.config_manager - INFO - Configuration manager initialized with: config/default_config.json
2025-09-04 01:41:09,822 - core.screen_capture - INFO - Screen resolution: 1920x1080
2025-09-04 01:41:09,822 - core.ocr_engine - INFO - Tesseract path set to: C:\Program Files\Tesseract-OCR\tesseract.exe
2025-09-04 01:41:09,822 - core.ocr_engine - INFO - OCR Engine initialized with language: eng
2025-09-04 01:41:09,822 - core.computer_vision - INFO - Computer Vision engine initialized
2025-09-04 01:41:09,822 - core.input_simulator - INFO - Input Simulator initialized
2025-09-04 01:41:09,822 - core.state_monitor - INFO - State Monitor initialized
2025-09-04 01:41:09,823 - core.computer_vision - INFO - Computer Vision engine initialized
2025-09-04 01:41:09,823 - automation.rune_creation - INFO - Rune Creation Automation initialized
2025-09-04 01:41:09,823 - automation.rune_creation - INFO - Rune positions: 0 configured
2025-09-04 01:41:09,823 - automation.rune_creation - INFO - Delay range: 2.0-5.0 minutes
2025-09-04 01:41:09,823 - automation.rune_creation - INFO - Blank rune image: C:\Users\Lucas\Desktop\workspace\personal\cyclops\src\automation\..\..\blank.png
2025-09-04 01:41:09,823 - automation.food_eating - INFO - Food Eating Automation initialized
2025-09-04 01:41:09,823 - automation.food_eating - INFO - Food positions: 0 configured
2025-09-04 01:41:09,823 - automation.food_eating - INFO - Click range: 3-6
2025-09-04 01:41:09,823 - automation.food_eating - INFO - Delay range: 4.0-8.0 minutes
2025-09-04 01:41:09,823 - automation.health_monitor - INFO - Health Monitor Automation initialized
2025-09-04 01:41:09,823 - automation.workflow_manager - INFO - All automation modules initialized
2025-09-04 01:41:09,824 - automation.workflow_manager - INFO - Workflow Manager initialized
2025-09-04 01:41:09,834 - gui.main_window - INFO - Updating rune positions display. Current positions: []
2025-09-04 01:41:09,834 - gui.main_window - INFO - Updated display to: No positions configured (0/3)
2025-09-04 01:41:09,838 - gui.main_window - INFO - Updated rune search region display: Region: (0, 0) - 200x200
2025-09-04 01:41:09,841 - gui.main_window - INFO - Updating food positions display. Current positions: []
2025-09-04 01:41:09,842 - gui.main_window - INFO - Updated display to: No positions configured (0/3)
2025-09-04 01:41:09,857 - gui.region_selector - INFO - Region overlay created at (1299, 617) - Border only
2025-09-04 01:41:09,858 - gui.main_window - INFO - Persistent overlay created at (1299, 617) - 148x93
2025-09-04 01:41:09,858 - gui.region_selector - INFO - Region overlay created at (0, 0) - Border only
2025-09-04 01:41:09,858 - gui.main_window - INFO - Rune persistent overlay created at (0, 0) - 200x200
2025-09-04 01:41:09,858 - automation.workflow_manager - INFO - Registered callback for health_monitor
2025-09-04 01:41:09,858 - gui.main_window - INFO - Main window initialized
2025-09-04 01:41:09,858 - cyclops - INFO - Application started successfully
2025-09-04 01:41:39,697 - cyclops - INFO - Starting Cyclops Desktop Automation Application
2025-09-04 01:41:39,864 - utils.config_manager - INFO - Configuration loaded from config/default_config.json
2025-09-04 01:41:39,864 - utils.config_manager - INFO - Configuration manager initialized with: config/default_config.json
2025-09-04 01:41:39,864 - core.screen_capture - INFO - Screen resolution: 1920x1080
2025-09-04 01:41:39,864 - core.ocr_engine - INFO - Tesseract path set to: C:\Program Files\Tesseract-OCR\tesseract.exe
2025-09-04 01:41:39,864 - core.ocr_engine - INFO - OCR Engine initialized with language: eng
2025-09-04 01:41:39,864 - core.computer_vision - INFO - Computer Vision engine initialized
2025-09-04 01:41:39,865 - core.input_simulator - INFO - Input Simulator initialized
2025-09-04 01:41:39,865 - core.state_monitor - INFO - State Monitor initialized
2025-09-04 01:41:39,865 - core.computer_vision - INFO - Computer Vision engine initialized
2025-09-04 01:41:39,865 - automation.rune_creation - INFO - Rune Creation Automation initialized
2025-09-04 01:41:39,865 - automation.rune_creation - INFO - Rune positions: 0 configured
2025-09-04 01:41:39,865 - automation.rune_creation - INFO - Delay range: 2.0-5.0 minutes
2025-09-04 01:41:39,865 - automation.rune_creation - INFO - Blank rune image: C:\Users\Lucas\Desktop\workspace\personal\cyclops\src\automation\..\..\blank.png
2025-09-04 01:41:39,865 - automation.food_eating - INFO - Food Eating Automation initialized
2025-09-04 01:41:39,865 - automation.food_eating - INFO - Food positions: 0 configured
2025-09-04 01:41:39,866 - automation.food_eating - INFO - Click range: 3-6
2025-09-04 01:41:39,866 - automation.food_eating - INFO - Delay range: 4.0-8.0 minutes
2025-09-04 01:41:39,866 - automation.health_monitor - INFO - Health Monitor Automation initialized
2025-09-04 01:41:39,866 - automation.workflow_manager - INFO - All automation modules initialized
2025-09-04 01:41:39,866 - automation.workflow_manager - INFO - Workflow Manager initialized
2025-09-04 01:41:39,878 - gui.main_window - INFO - Updating rune positions display. Current positions: []
2025-09-04 01:41:39,878 - gui.main_window - INFO - Updated display to: No positions configured (0/3)
2025-09-04 01:41:39,883 - gui.main_window - INFO - Updated rune search region display: Region: (0, 0) - 200x200
2025-09-04 01:41:39,886 - gui.main_window - INFO - Updating food positions display. Current positions: []
2025-09-04 01:41:39,887 - gui.main_window - INFO - Updated display to: No positions configured (0/3)
2025-09-04 01:41:39,904 - gui.region_selector - INFO - Region overlay created at (1299, 617) - Border only
2025-09-04 01:41:39,904 - gui.main_window - INFO - Persistent overlay created at (1299, 617) - 148x93
2025-09-04 01:41:39,905 - gui.region_selector - INFO - Region overlay created at (0, 0) - Border only
2025-09-04 01:41:39,905 - gui.main_window - INFO - Rune persistent overlay created at (0, 0) - 200x200
2025-09-04 01:41:39,905 - automation.workflow_manager - INFO - Registered callback for health_monitor
2025-09-04 01:41:39,906 - gui.main_window - INFO - Main window initialized
2025-09-04 01:41:39,906 - cyclops - INFO - Application started successfully
2025-09-04 01:41:49,028 - gui.region_selector - INFO - Region selector initialized
2025-09-04 01:41:51,114 - gui.region_selector - INFO - Region selected: X:1524, Y:215, W:147, H:189
2025-09-04 01:41:51,835 - gui.main_window - INFO - Rune search region selected: (1524, 215) - 147x189
2025-09-04 01:41:51,835 - gui.main_window - INFO - Updated rune search region display: Region: (1524, 215) - 147x189
2025-09-04 01:41:51,850 - gui.region_selector - INFO - Region overlay destroyed
2025-09-04 01:41:51,851 - gui.region_selector - INFO - Region overlay created at (1524, 215) - Border only
2025-09-04 01:41:51,853 - gui.main_window - INFO - Rune persistent overlay created at (1524, 215) - 147x189
2025-09-04 01:41:58,703 - gui.main_window - INFO - Starting rune position recording...
2025-09-04 01:41:58,707 - gui.region_selector - INFO - Started recording 3 rune target positions
2025-09-04 01:42:00,171 - gui.region_selector - INFO - Recorded rune target position 1 at (1690, 423)
2025-09-04 01:42:00,999 - gui.region_selector - INFO - Recorded rune target position 2 at (1693, 418)
2025-09-04 01:42:02,013 - gui.region_selector - INFO - Recorded final rune target position 3 at (1699, 423)
2025-09-04 01:42:03,536 - gui.main_window - INFO - Rune position recording callback received: [(1690, 423), (1693, 418), (1699, 423)]
2025-09-04 01:42:03,537 - automation.rune_creation - INFO - Cleared all rune positions
2025-09-04 01:42:03,537 - gui.main_window - INFO - Adding rune position 1: (1690, 423)
2025-09-04 01:42:03,538 - automation.rune_creation - INFO - Added rune position: (1690, 423)
2025-09-04 01:42:03,541 - gui.main_window - INFO - Successfully added rune position 1: (1690, 423)
2025-09-04 01:42:03,543 - gui.main_window - INFO - Adding rune position 2: (1693, 418)
2025-09-04 01:42:03,545 - automation.rune_creation - INFO - Added rune position: (1693, 418)
2025-09-04 01:42:03,549 - gui.main_window - INFO - Successfully added rune position 2: (1693, 418)
2025-09-04 01:42:03,552 - gui.main_window - INFO - Adding rune position 3: (1699, 423)
2025-09-04 01:42:03,554 - automation.rune_creation - INFO - Added rune position: (1699, 423)
2025-09-04 01:42:03,557 - gui.main_window - INFO - Successfully added rune position 3: (1699, 423)
2025-09-04 01:42:03,560 - gui.main_window - INFO - Updating rune positions display. Current positions: [(1690, 423), (1693, 418), (1699, 423)]
2025-09-04 01:42:03,563 - gui.main_window - INFO - Updated display to: Positions: (1690, 423), (1693, 418), (1699, 423) (3/3)
2025-09-04 01:42:11,895 - gui.main_window - INFO - Testing blank rune detection...
2025-09-04 01:42:11,937 - automation.rune_creation - INFO - Blank rune found at relative position Point(x=np.int64(34), y=np.int64(39)), absolute: (1558, 254)
2025-09-04 01:42:11,937 - automation.rune_creation - INFO - Search region: (1524, 215) - 147x189
2025-09-04 01:42:11,938 - gui.main_window - INFO - SUCCESS: BLANK IMAGE FOUND at (1558, 254)
2025-09-04 01:42:18,848 - gui.main_window - INFO - Starting food position recording...
2025-09-04 01:42:18,851 - gui.region_selector - INFO - Started recording 3 food positions
2025-09-04 01:42:19,901 - gui.region_selector - INFO - Recorded food position 1 at (1692, 745)
2025-09-04 01:42:20,279 - gui.region_selector - INFO - Recorded food position 2 at (1693, 743)
2025-09-04 01:42:20,762 - gui.region_selector - INFO - Recorded final food position 3 at (1697, 742)
2025-09-04 01:42:22,288 - gui.main_window - INFO - Food position recording callback received: [(1692, 745), (1693, 743), (1697, 742)]
2025-09-04 01:42:22,288 - automation.food_eating - INFO - Cleared all food positions
2025-09-04 01:42:22,291 - gui.main_window - INFO - Adding food position 1: (1692, 745)
2025-09-04 01:42:22,293 - automation.food_eating - INFO - Added food position: (1692, 745) - Total positions: 1
2025-09-04 01:42:22,294 - gui.main_window - INFO - Successfully added food position 1: (1692, 745)
2025-09-04 01:42:22,296 - gui.main_window - INFO - Adding food position 2: (1693, 743)
2025-09-04 01:42:22,298 - automation.food_eating - INFO - Added food position: (1693, 743) - Total positions: 2
2025-09-04 01:42:22,299 - gui.main_window - INFO - Successfully added food position 2: (1693, 743)
2025-09-04 01:42:22,303 - gui.main_window - INFO - Adding food position 3: (1697, 742)
2025-09-04 01:42:22,306 - automation.food_eating - INFO - Added food position: (1697, 742) - Total positions: 3
2025-09-04 01:42:22,308 - gui.main_window - INFO - Successfully added food position 3: (1697, 742)
2025-09-04 01:42:22,309 - gui.main_window - INFO - Updating food positions display. Current positions: [[1692, 745], [1693, 743], [1697, 742]]
2025-09-04 01:42:22,310 - gui.main_window - INFO - Updated display to: Positions: (1692, 745), (1693, 743), (1697, 742) (3/3)
2025-09-04 01:42:35,153 - gui.region_selector - INFO - Region overlay destroyed
2025-09-04 01:42:35,154 - gui.region_selector - INFO - Region overlay created at (50, 50) - Border only
2025-09-04 01:42:35,154 - gui.main_window - INFO - Persistent overlay created at (50, 50) - 200x20
2025-09-04 01:42:35,154 - gui.main_window - INFO - Health region cleared and reset to default
2025-09-04 01:42:38,560 - gui.region_selector - INFO - Region selector initialized
2025-09-04 01:42:41,493 - gui.region_selector - INFO - Region selected: X:1670, Y:665, W:124, H:43
2025-09-04 01:42:42,722 - gui.region_selector - INFO - Region overlay destroyed
2025-09-04 01:42:42,724 - gui.region_selector - INFO - Region overlay created at (1670, 665) - Border only
2025-09-04 01:42:42,725 - gui.main_window - INFO - Persistent overlay created at (1670, 665) - 124x43
2025-09-04 01:42:42,796 - gui.main_window - INFO - Health region selected: {'x': 1670, 'y': 665, 'width': 124, 'height': 43}
2025-09-04 01:42:45,746 - core.state_monitor - INFO - SUCCESS, IMAGE FOUND! (Confidence: 1.000)
2025-09-04 01:42:45,746 - gui.main_window - INFO - PageDown test: SUCCESS, IMAGE FOUND!
2025-09-04 01:42:50,358 - utils.config_manager - INFO - Configuration saved to config/default_config.json
2025-09-04 01:42:51,218 - gui.main_window - INFO - Configuration saved
2025-09-04 01:42:54,104 - gui.main_window - INFO - Updated food_eating.enabled = True
2025-09-04 01:42:55,528 - gui.main_window - INFO - Updated rune_creation.enabled = True
2025-09-04 01:43:17,958 - gui.region_selector - INFO - Started recording 1 emergency clicks
2025-09-04 01:43:19,980 - gui.region_selector - INFO - Recorded click 1 at (1182, 521)
2025-09-04 01:43:19,980 - gui.region_selector - INFO - Recording complete! Got 1 clicks out of 1 requested
2025-09-04 01:43:19,980 - gui.region_selector - INFO - Finished recording 1 emergency clicks
2025-09-04 01:43:22,187 - gui.main_window - INFO - Recorded 1 emergency click locations
2025-09-04 01:43:35,833 - gui.main_window - INFO - Testing rune creation logic with 3 positions...
2025-09-04 01:43:35,833 - automation.rune_creation - INFO - Starting rune creation sequence...
2025-09-04 01:43:35,866 - automation.rune_creation - INFO - Blank rune found at relative position Point(x=np.int64(34), y=np.int64(39)), absolute: (1558, 254)
2025-09-04 01:43:35,866 - automation.rune_creation - INFO - Search region: (1524, 215) - 147x189
2025-09-04 01:43:35,866 - automation.rune_creation - INFO - Found blank rune at (1558, 254)
2025-09-04 01:43:35,867 - automation.rune_creation - INFO - Selected target position: (1699, 423)
2025-09-04 01:43:35,867 - automation.rune_creation - INFO - Performing drag and drop from (1558, 254) to (1699, 423)...
2025-09-04 01:43:38,184 - automation.rune_creation - INFO - Pressing hotkey: f6
2025-09-04 01:43:39,387 - automation.rune_creation - INFO - Rune creation sequence completed successfully
2025-09-04 01:43:39,387 - gui.main_window - INFO - Rune creation test completed successfully
2025-09-04 01:43:46,065 - gui.main_window - INFO - Testing rune creation logic with 3 positions...
2025-09-04 01:43:46,065 - automation.rune_creation - INFO - Starting rune creation sequence...
2025-09-04 01:43:46,100 - automation.rune_creation - INFO - Blank rune found at relative position Point(x=np.int64(34), y=np.int64(39)), absolute: (1558, 254)
2025-09-04 01:43:46,100 - automation.rune_creation - INFO - Search region: (1524, 215) - 147x189
2025-09-04 01:43:46,101 - automation.rune_creation - INFO - Found blank rune at (1558, 254)
2025-09-04 01:43:46,101 - automation.rune_creation - INFO - Selected target position: (1690, 423)
2025-09-04 01:43:46,101 - automation.rune_creation - INFO - Performing drag and drop from (1558, 254) to (1690, 423)...
2025-09-04 01:43:48,419 - automation.rune_creation - INFO - Pressing hotkey: f6
2025-09-04 01:43:49,622 - automation.rune_creation - INFO - Rune creation sequence completed successfully
2025-09-04 01:43:49,622 - gui.main_window - INFO - Rune creation test completed successfully
2025-09-04 01:43:55,355 - gui.main_window - INFO - Starting automations: ['rune_creation', 'food_eating', 'health_monitor']
2025-09-04 01:43:55,355 - automation.workflow_manager - INFO - Created custom workflow: custom_automation
2025-09-04 01:43:55,355 - automation.workflow_manager - INFO - Starting workflow: custom_automation
2025-09-04 01:43:55,356 - automation.workflow_manager - INFO - Running automation: rune_creation
2025-09-04 01:43:55,356 - automation.workflow_manager - INFO - Started automation: rune_creation
2025-09-04 01:43:55,356 - automation.rune_creation - INFO - Starting rune creation automation
2025-09-04 01:43:55,356 - automation.rune_creation - INFO - Next rune creation scheduled in 2.8 minutes
2025-09-04 01:43:55,356 - automation.workflow_manager - INFO - Running automation: food_eating
2025-09-04 01:43:55,356 - automation.workflow_manager - INFO - Started automation: food_eating
2025-09-04 01:43:55,356 - automation.food_eating - INFO - Starting food eating automation
2025-09-04 01:43:55,357 - automation.food_eating - INFO - Next food eating scheduled in 4.4 minutes at 01:48:18
2025-09-04 01:43:55,357 - automation.workflow_manager - INFO - Running automation: health_monitor
2025-09-04 01:43:55,357 - automation.workflow_manager - INFO - Started automation: health_monitor
2025-09-04 01:43:55,357 - gui.main_window - INFO - Health monitoring started - updating overlay to green
2025-09-04 01:43:55,357 - automation.workflow_manager - INFO - Workflow 'custom_automation' started successfully
2025-09-04 01:43:55,360 - automation.health_monitor - INFO - Starting health monitoring automation
2025-09-04 01:43:55,360 - automation.health_monitor - INFO - Setting up health monitoring:
2025-09-04 01:43:55,360 - automation.health_monitor - INFO -   Region: (1670, 665, 124, 43)
2025-09-04 01:43:55,360 - automation.health_monitor - INFO -   Low health threshold: 50.0%
2025-09-04 01:43:55,361 - automation.health_monitor - INFO -   Max health: 800
2025-09-04 01:43:55,362 - core.state_monitor - INFO - Registered condition: image_search_monitor
2025-09-04 01:43:55,363 - automation.health_monitor - INFO - Setup health monitoring with condition: image_search_monitor
2025-09-04 01:43:55,382 - core.state_monitor - INFO - State monitoring started
2025-09-04 01:43:55,428 - gui.region_selector - INFO - Region overlay created at (1670, 665) - Border only
2025-09-04 01:43:55,428 - automation.health_monitor - INFO - Region overlay created
2025-09-04 01:43:55,430 - automation.health_monitor - INFO - Starting health monitoring loop...
2025-09-04 01:43:55,434 - automation.health_monitor - INFO - Health monitoring active - Image found! Confidence: 1.000
2025-09-04 01:46:45,476 - automation.rune_creation - INFO - Starting rune creation sequence...
2025-09-04 01:46:45,527 - automation.rune_creation - INFO - Blank rune found at relative position Point(x=np.int64(34), y=np.int64(39)), absolute: (1558, 254)
2025-09-04 01:46:45,527 - automation.rune_creation - INFO - Search region: (1524, 215) - 147x189
2025-09-04 01:46:45,527 - automation.rune_creation - INFO - Found blank rune at (1558, 254)
2025-09-04 01:46:45,527 - automation.rune_creation - INFO - Selected target position: (1699, 423)
2025-09-04 01:46:45,527 - automation.rune_creation - INFO - Performing drag and drop from (1558, 254) to (1699, 423)...
2025-09-04 01:46:47,898 - automation.rune_creation - INFO - Pressing hotkey: f6
2025-09-04 01:46:49,100 - automation.rune_creation - INFO - Rune creation sequence completed successfully
2025-09-04 01:46:49,100 - automation.rune_creation - INFO - Rune created successfully (total: 1)
2025-09-04 01:46:49,101 - automation.rune_creation - INFO - Next rune creation scheduled in 4.1 minutes
2025-09-04 01:48:35,450 - automation.food_eating - INFO - Starting food eating sequence at position (1693, 743) with 4 clicks
2025-09-04 01:48:37,214 - automation.food_eating - INFO - Food eating sequence completed: 4 clicks at position (1693, 743)
2025-09-04 01:48:37,214 - automation.food_eating - INFO - Food eating sequence completed (total: 1)
2025-09-04 01:48:37,214 - automation.food_eating - INFO - Next food eating scheduled in 5.8 minutes at 01:54:27
2025-09-04 01:49:13,601 - gui.main_window - INFO - Stopping all automations
2025-09-04 01:49:13,601 - automation.workflow_manager - INFO - Stopping workflow: custom_automation
2025-09-04 01:49:13,602 - automation.rune_creation - INFO - Stopping rune creation automation
2025-09-04 01:49:14,202 - automation.rune_creation - INFO - Rune creation automation stopped. Created: 1, Failed: 0
2025-09-04 01:49:14,202 - automation.workflow_manager - INFO - Stopped automation: rune_creation
2025-09-04 01:49:14,202 - automation.food_eating - INFO - Stopping food eating automation
2025-09-04 01:49:15,099 - automation.food_eating - INFO - Food eating automation stopped. Total eaten: 1
2025-09-04 01:49:15,099 - automation.workflow_manager - INFO - Stopped automation: food_eating
2025-09-04 01:49:15,099 - automation.health_monitor - INFO - Stopping health monitoring automation
2025-09-04 01:49:15,102 - gui.region_selector - INFO - Region overlay destroyed
2025-09-04 01:49:17,113 - automation.workflow_manager - INFO - Stopped automation: health_monitor
2025-09-04 01:49:17,113 - automation.workflow_manager - INFO - Workflow 'custom_automation' stopped successfully
2025-09-04 01:49:17,114 - automation.health_monitor - ERROR - Health status check failed: invalid command name ".!toplevel26"
2025-09-04 01:49:17,114 - automation.health_monitor - INFO - Health monitoring stopped due to emergency response
2025-09-04 01:49:17,567 - core.state_monitor - INFO - State monitoring stopped
2025-09-04 01:49:17,567 - automation.health_monitor - INFO - Health monitoring automation stopped. Emergency responses: 0
2025-09-04 01:49:17,568 - gui.main_window - INFO - Health monitoring stopped - updating overlay to yellow
2025-09-04 01:53:22,856 - cyclops - INFO - Starting Cyclops Desktop Automation Application
2025-09-04 01:53:23,035 - utils.config_manager - INFO - Configuration loaded from config/default_config.json
2025-09-04 01:53:23,035 - utils.config_manager - INFO - Configuration manager initialized with: config/default_config.json
2025-09-04 01:53:23,035 - core.screen_capture - INFO - Screen resolution: 1920x1080
2025-09-04 01:53:23,035 - core.ocr_engine - INFO - Tesseract path set to: C:\Program Files\Tesseract-OCR\tesseract.exe
2025-09-04 01:53:23,035 - core.ocr_engine - INFO - OCR Engine initialized with language: eng
2025-09-04 01:53:23,035 - core.computer_vision - INFO - Computer Vision engine initialized
2025-09-04 01:53:23,035 - core.input_simulator - INFO - Input Simulator initialized
2025-09-04 01:53:23,036 - core.state_monitor - INFO - State Monitor initialized
2025-09-04 01:53:23,036 - core.computer_vision - INFO - Computer Vision engine initialized
2025-09-04 01:53:23,036 - automation.rune_creation - INFO - Rune Creation Automation initialized
2025-09-04 01:53:23,036 - automation.rune_creation - INFO - Rune positions: 0 configured
2025-09-04 01:53:23,036 - automation.rune_creation - INFO - Delay range: 2.0-5.0 minutes
2025-09-04 01:53:23,036 - automation.rune_creation - INFO - Blank rune image: C:\Users\Lucas\Desktop\workspace\personal\cyclops\src\automation\..\..\blank.png
2025-09-04 01:53:23,036 - automation.food_eating - INFO - Food Eating Automation initialized
2025-09-04 01:53:23,036 - automation.food_eating - INFO - Food positions: 3 configured
2025-09-04 01:53:23,036 - automation.food_eating - INFO - Click range: 3-6
2025-09-04 01:53:23,036 - automation.food_eating - INFO - Delay range: 4.0-8.0 minutes
2025-09-04 01:53:23,037 - automation.health_monitor - INFO - Health Monitor Automation initialized
2025-09-04 01:53:23,037 - automation.workflow_manager - INFO - All automation modules initialized
2025-09-04 01:53:23,037 - automation.workflow_manager - INFO - Workflow Manager initialized
2025-09-04 01:53:23,047 - gui.main_window - INFO - Updating rune positions display. Current positions: []
2025-09-04 01:53:23,047 - gui.main_window - INFO - Updated display to: No positions configured (0/3)
2025-09-04 01:53:23,051 - gui.main_window - INFO - Updated rune search region display: Region: (1524, 215) - 147x189
2025-09-04 01:53:23,053 - gui.main_window - INFO - Updating food positions display. Current positions: [[1692, 745], [1693, 743], [1697, 742]]
2025-09-04 01:53:23,054 - gui.main_window - INFO - Updated display to: Positions: (1692, 745), (1693, 743), (1697, 742) (3/3)
2025-09-04 01:53:23,068 - gui.region_selector - INFO - Region overlay created at (1670, 665) - Border only
2025-09-04 01:53:23,068 - gui.main_window - INFO - Persistent overlay created at (1670, 665) - 124x43
2025-09-04 01:53:23,068 - gui.region_selector - INFO - Region overlay created at (1524, 215) - Border only
2025-09-04 01:53:23,068 - gui.main_window - INFO - Rune persistent overlay created at (1524, 215) - 147x189
2025-09-04 01:53:23,068 - automation.workflow_manager - INFO - Registered callback for health_monitor
2025-09-04 01:53:23,068 - gui.main_window - INFO - Main window initialized
2025-09-04 01:53:23,069 - cyclops - INFO - Application started successfully
2025-09-04 01:53:29,857 - cyclops - INFO - Starting Cyclops Desktop Automation Application
2025-09-04 01:53:30,023 - utils.config_manager - INFO - Configuration loaded from config/default_config.json
2025-09-04 01:53:30,024 - utils.config_manager - INFO - Configuration manager initialized with: config/default_config.json
2025-09-04 01:53:30,024 - core.screen_capture - INFO - Screen resolution: 1920x1080
2025-09-04 01:53:30,024 - core.ocr_engine - INFO - Tesseract path set to: C:\Program Files\Tesseract-OCR\tesseract.exe
2025-09-04 01:53:30,024 - core.ocr_engine - INFO - OCR Engine initialized with language: eng
2025-09-04 01:53:30,024 - core.computer_vision - INFO - Computer Vision engine initialized
2025-09-04 01:53:30,024 - core.input_simulator - INFO - Input Simulator initialized
2025-09-04 01:53:30,024 - core.state_monitor - INFO - State Monitor initialized
2025-09-04 01:53:30,024 - core.computer_vision - INFO - Computer Vision engine initialized
2025-09-04 01:53:30,024 - automation.rune_creation - INFO - Rune Creation Automation initialized
2025-09-04 01:53:30,024 - automation.rune_creation - INFO - Rune positions: 0 configured
2025-09-04 01:53:30,024 - automation.rune_creation - INFO - Delay range: 2.0-5.0 minutes
2025-09-04 01:53:30,024 - automation.rune_creation - INFO - Blank rune image: C:\Users\Lucas\Desktop\workspace\personal\cyclops\src\automation\..\..\blank.png
2025-09-04 01:53:30,025 - automation.food_eating - INFO - Food Eating Automation initialized
2025-09-04 01:53:30,025 - automation.food_eating - INFO - Food positions: 3 configured
2025-09-04 01:53:30,025 - automation.food_eating - INFO - Click range: 3-6
2025-09-04 01:53:30,025 - automation.food_eating - INFO - Delay range: 4.0-8.0 minutes
2025-09-04 01:53:30,025 - automation.health_monitor - INFO - Health Monitor Automation initialized
2025-09-04 01:53:30,025 - automation.workflow_manager - INFO - All automation modules initialized
2025-09-04 01:53:30,025 - automation.workflow_manager - INFO - Workflow Manager initialized
2025-09-04 01:53:30,035 - gui.main_window - INFO - Updating rune positions display. Current positions: []
2025-09-04 01:53:30,035 - gui.main_window - INFO - Updated display to: No positions configured (0/3)
2025-09-04 01:53:30,040 - gui.main_window - INFO - Updated rune search region display: Region: (1524, 215) - 147x189
2025-09-04 01:53:30,043 - gui.main_window - INFO - Updating food positions display. Current positions: [[1692, 745], [1693, 743], [1697, 742]]
2025-09-04 01:53:30,043 - gui.main_window - INFO - Updated display to: Positions: (1692, 745), (1693, 743), (1697, 742) (3/3)
2025-09-04 01:53:30,057 - gui.region_selector - INFO - Region overlay created at (1670, 665) - Border only
2025-09-04 01:53:30,057 - gui.main_window - INFO - Persistent overlay created at (1670, 665) - 124x43
2025-09-04 01:53:30,058 - gui.region_selector - INFO - Region overlay created at (1524, 215) - Border only
2025-09-04 01:53:30,058 - gui.main_window - INFO - Rune persistent overlay created at (1524, 215) - 147x189
2025-09-04 01:53:30,058 - automation.workflow_manager - INFO - Registered callback for health_monitor
2025-09-04 01:53:30,059 - gui.main_window - INFO - Main window initialized
2025-09-04 01:53:30,059 - cyclops - INFO - Application started successfully
2025-09-04 01:54:17,891 - cyclops - INFO - Starting Cyclops Desktop Automation Application
2025-09-04 01:54:18,057 - utils.config_manager - INFO - Configuration loaded from config/default_config.json
2025-09-04 01:54:18,057 - utils.config_manager - INFO - Configuration manager initialized with: config/default_config.json
2025-09-04 01:54:18,058 - core.screen_capture - INFO - Screen resolution: 1920x1080
2025-09-04 01:54:18,058 - core.ocr_engine - INFO - Tesseract path set to: C:\Program Files\Tesseract-OCR\tesseract.exe
2025-09-04 01:54:18,058 - core.ocr_engine - INFO - OCR Engine initialized with language: eng
2025-09-04 01:54:18,058 - core.computer_vision - INFO - Computer Vision engine initialized
2025-09-04 01:54:18,058 - core.input_simulator - INFO - Input Simulator initialized
2025-09-04 01:54:18,058 - core.state_monitor - INFO - State Monitor initialized
2025-09-04 01:54:18,058 - core.computer_vision - INFO - Computer Vision engine initialized
2025-09-04 01:54:18,058 - automation.rune_creation - INFO - Rune Creation Automation initialized
2025-09-04 01:54:18,058 - automation.rune_creation - INFO - Rune positions: 0 configured
2025-09-04 01:54:18,058 - automation.rune_creation - INFO - Delay range: 2.0-5.0 minutes
2025-09-04 01:54:18,058 - automation.rune_creation - INFO - Blank rune image: C:\Users\Lucas\Desktop\workspace\personal\cyclops\src\automation\..\..\blank.png
2025-09-04 01:54:18,058 - automation.food_eating - INFO - Food Eating Automation initialized
2025-09-04 01:54:18,059 - automation.food_eating - INFO - Food positions: 3 configured
2025-09-04 01:54:18,059 - automation.food_eating - INFO - Click range: 3-6
2025-09-04 01:54:18,059 - automation.food_eating - INFO - Delay range: 4.0-8.0 minutes
2025-09-04 01:54:18,059 - automation.health_monitor - INFO - Health Monitor Automation initialized
2025-09-04 01:54:18,059 - automation.workflow_manager - INFO - All automation modules initialized
2025-09-04 01:54:18,059 - automation.workflow_manager - INFO - Workflow Manager initialized
2025-09-04 01:54:18,068 - gui.main_window - INFO - Updating rune positions display. Current positions: []
2025-09-04 01:54:18,068 - gui.main_window - INFO - Updated display to: No positions configured (0/3)
2025-09-04 01:54:18,074 - gui.main_window - INFO - Updated rune search region display: Region: (1524, 215) - 147x189
2025-09-04 01:54:18,078 - gui.main_window - INFO - Updating food positions display. Current positions: [[1692, 745], [1693, 743], [1697, 742]]
2025-09-04 01:54:18,078 - gui.main_window - INFO - Updated display to: Positions: (1692, 745), (1693, 743), (1697, 742) (3/3)
2025-09-04 01:54:18,098 - gui.region_selector - INFO - Region overlay created at (1670, 665) - Border only
2025-09-04 01:54:18,098 - gui.main_window - INFO - Persistent overlay created at (1670, 665) - 124x43
2025-09-04 01:54:18,099 - gui.region_selector - INFO - Region overlay created at (1524, 215) - Border only
2025-09-04 01:54:18,099 - gui.main_window - INFO - Rune persistent overlay created at (1524, 215) - 147x189
2025-09-04 01:54:18,100 - automation.workflow_manager - INFO - Registered callback for health_monitor
2025-09-04 01:54:18,100 - gui.main_window - INFO - Main window initialized
2025-09-04 01:54:18,100 - cyclops - INFO - Application started successfully
2025-09-04 01:58:15,055 - cyclops - INFO - Starting Cyclops Desktop Automation Application
2025-09-04 01:58:27,479 - cyclops - ERROR - Missing dependencies. Exiting.
2025-09-04 02:03:55,358 - cyclops - INFO - Starting Cyclops Desktop Automation Application
2025-09-04 02:03:55,539 - cyclops - ERROR - Failed to start application: cannot import name 'scrolledtext' from 'tkinter' (C:\Users\Lucas\AppData\Local\Temp\_MEI536722\tkinter\__init__.py)
2025-09-04 02:06:09,643 - cyclops - INFO - Starting Cyclops Desktop Automation Application
2025-09-04 02:06:09,869 - utils.config_manager - INFO - Configuration loaded from config/default_config.json
2025-09-04 02:06:09,869 - utils.config_manager - INFO - Configuration manager initialized with: config/default_config.json
2025-09-04 02:06:09,869 - core.screen_capture - INFO - Screen resolution: 1920x1080
2025-09-04 02:06:09,869 - core.ocr_engine - INFO - Tesseract path set to: C:\Program Files\Tesseract-OCR\tesseract.exe
2025-09-04 02:06:09,869 - core.ocr_engine - INFO - OCR Engine initialized with language: eng
2025-09-04 02:06:09,869 - core.computer_vision - INFO - Computer Vision engine initialized
2025-09-04 02:06:09,869 - core.input_simulator - INFO - Input Simulator initialized
2025-09-04 02:06:09,869 - core.state_monitor - INFO - State Monitor initialized
2025-09-04 02:06:09,869 - core.computer_vision - INFO - Computer Vision engine initialized
2025-09-04 02:06:09,869 - automation.rune_creation - INFO - Rune Creation Automation initialized
2025-09-04 02:06:09,869 - automation.rune_creation - INFO - Rune positions: 0 configured
2025-09-04 02:06:09,869 - automation.rune_creation - INFO - Delay range: 2.0-5.0 minutes
2025-09-04 02:06:09,869 - automation.rune_creation - INFO - Blank rune image: C:\Users\Lucas\AppData\Local\Temp\_MEI538602\src\automation\..\..\blank.png
2025-09-04 02:06:09,869 - automation.food_eating - INFO - Food Eating Automation initialized
2025-09-04 02:06:09,869 - automation.food_eating - INFO - Food positions: 3 configured
2025-09-04 02:06:09,870 - automation.food_eating - INFO - Click range: 3-6
2025-09-04 02:06:09,870 - automation.food_eating - INFO - Delay range: 4.0-8.0 minutes
2025-09-04 02:06:09,870 - automation.health_monitor - INFO - Health Monitor Automation initialized
2025-09-04 02:06:09,870 - automation.workflow_manager - INFO - All automation modules initialized
2025-09-04 02:06:09,870 - automation.workflow_manager - INFO - Workflow Manager initialized
2025-09-04 02:06:09,879 - gui.main_window - INFO - Updating rune positions display. Current positions: []
2025-09-04 02:06:09,879 - gui.main_window - INFO - Updated display to: No positions configured (0/3)
2025-09-04 02:06:09,884 - gui.main_window - INFO - Updated rune search region display: Region: (1524, 215) - 147x189
2025-09-04 02:06:09,888 - gui.main_window - INFO - Updating food positions display. Current positions: [[1692, 745], [1693, 743], [1697, 742]]
2025-09-04 02:06:09,888 - gui.main_window - INFO - Updated display to: Positions: (1692, 745), (1693, 743), (1697, 742) (3/3)
2025-09-04 02:06:09,904 - gui.region_selector - INFO - Region overlay created at (1670, 665) - Border only
2025-09-04 02:06:09,904 - gui.main_window - INFO - Persistent overlay created at (1670, 665) - 124x43
2025-09-04 02:06:09,904 - gui.region_selector - INFO - Region overlay created at (1524, 215) - Border only
2025-09-04 02:06:09,904 - gui.main_window - INFO - Rune persistent overlay created at (1524, 215) - 147x189
2025-09-04 02:06:09,904 - automation.workflow_manager - INFO - Registered callback for health_monitor
2025-09-04 02:06:09,904 - gui.main_window - INFO - Main window initialized
2025-09-04 02:06:09,904 - cyclops - INFO - Application started successfully
2025-09-04 02:06:53,556 - gui.main_window - INFO - Starting rune position recording...
2025-09-04 02:06:53,558 - gui.region_selector - INFO - Started recording 3 rune target positions
2025-09-04 02:06:55,287 - gui.region_selector - INFO - Recorded rune target position 1 at (1686, 417)
2025-09-04 02:06:55,799 - gui.region_selector - INFO - Recorded rune target position 2 at (1692, 421)
2025-09-04 02:06:56,238 - gui.region_selector - INFO - Recorded final rune target position 3 at (1697, 426)
2025-09-04 02:06:57,761 - gui.main_window - INFO - Rune position recording callback received: [(1686, 417), (1692, 421), (1697, 426)]
2025-09-04 02:06:57,761 - automation.rune_creation - INFO - Cleared all rune positions
2025-09-04 02:06:57,761 - gui.main_window - INFO - Adding rune position 1: (1686, 417)
2025-09-04 02:06:57,761 - automation.rune_creation - INFO - Added rune position: (1686, 417)
2025-09-04 02:06:57,761 - gui.main_window - INFO - Successfully added rune position 1: (1686, 417)
2025-09-04 02:06:57,761 - gui.main_window - INFO - Adding rune position 2: (1692, 421)
2025-09-04 02:06:57,761 - automation.rune_creation - INFO - Added rune position: (1692, 421)
2025-09-04 02:06:57,761 - gui.main_window - INFO - Successfully added rune position 2: (1692, 421)
2025-09-04 02:06:57,761 - gui.main_window - INFO - Adding rune position 3: (1697, 426)
2025-09-04 02:06:57,761 - automation.rune_creation - INFO - Added rune position: (1697, 426)
2025-09-04 02:06:57,761 - gui.main_window - INFO - Successfully added rune position 3: (1697, 426)
2025-09-04 02:06:57,761 - gui.main_window - INFO - Updating rune positions display. Current positions: [(1686, 417), (1692, 421), (1697, 426)]
2025-09-04 02:06:57,761 - gui.main_window - INFO - Updated display to: Positions: (1686, 417), (1692, 421), (1697, 426) (3/3)
2025-09-04 02:07:00,683 - gui.region_selector - INFO - Region selector initialized
2025-09-04 02:07:04,956 - gui.region_selector - INFO - Region selected: X:1535, Y:227, W:128, H:169
2025-09-04 02:07:05,695 - gui.main_window - INFO - Rune search region selected: (1535, 227) - 128x169
2025-09-04 02:07:05,695 - gui.main_window - INFO - Updated rune search region display: Region: (1535, 227) - 128x169
2025-09-04 02:07:05,706 - gui.region_selector - INFO - Region overlay destroyed
2025-09-04 02:07:05,708 - gui.region_selector - INFO - Region overlay created at (1535, 227) - Border only
2025-09-04 02:07:05,708 - gui.main_window - INFO - Rune persistent overlay created at (1535, 227) - 128x169
2025-09-04 02:07:12,873 - automation.workflow_manager - INFO - Stopping all workflows...
2025-09-04 02:07:12,873 - automation.workflow_manager - INFO - All workflows stopped
2025-09-04 02:07:12,879 - gui.region_selector - INFO - Region overlay destroyed
2025-09-04 02:07:12,884 - gui.region_selector - INFO - Region overlay destroyed
2025-09-04 02:07:12,884 - utils.config_manager - INFO - Configuration saved to config/default_config.json
2025-09-04 02:07:14,916 - gui.main_window - INFO - Configuration saved
2025-09-04 02:07:14,917 - gui.main_window - INFO - Application closing
2025-09-04 02:07:14,983 - cyclops - INFO - Application closed
2025-09-04 14:30:18,821 - cyclops - INFO - Starting Cyclops Desktop Automation Application
2025-09-04 14:30:19,970 - utils.config_manager - INFO - Configuration loaded from config/default_config.json
2025-09-04 14:30:19,970 - utils.config_manager - INFO - Configuration manager initialized with: config/default_config.json
2025-09-04 14:30:19,970 - core.screen_capture - INFO - Screen resolution: 1920x1080
2025-09-04 14:30:19,970 - core.ocr_engine - INFO - Tesseract path set to: C:\Program Files\Tesseract-OCR\tesseract.exe
2025-09-04 14:30:19,970 - core.ocr_engine - INFO - OCR Engine initialized with language: eng
2025-09-04 14:30:19,970 - core.computer_vision - INFO - Computer Vision engine initialized
2025-09-04 14:30:19,970 - core.input_simulator - INFO - Input Simulator initialized
2025-09-04 14:30:19,971 - core.state_monitor - INFO - State Monitor initialized
2025-09-04 14:30:19,971 - core.computer_vision - INFO - Computer Vision engine initialized
2025-09-04 14:30:19,971 - automation.rune_creation - INFO - Rune Creation Automation initialized
2025-09-04 14:30:19,971 - automation.rune_creation - INFO - Rune positions: 0 configured
2025-09-04 14:30:19,971 - automation.rune_creation - INFO - Delay range: 2.0-5.0 minutes
2025-09-04 14:30:19,971 - automation.rune_creation - INFO - Blank rune image: C:\Users\Lucas\Desktop\workspace\personal\cyclops\src\automation\..\..\blank.png
2025-09-04 14:30:19,971 - automation.food_eating - INFO - Food Eating Automation initialized
2025-09-04 14:30:19,971 - automation.food_eating - INFO - Food positions: 3 configured
2025-09-04 14:30:19,971 - automation.food_eating - INFO - Click range: 3-6
2025-09-04 14:30:19,971 - automation.food_eating - INFO - Delay range: 4.0-8.0 minutes
2025-09-04 14:30:19,972 - automation.health_monitor - INFO - Health Monitor Automation initialized
2025-09-04 14:30:19,972 - automation.workflow_manager - INFO - All automation modules initialized
2025-09-04 14:30:19,972 - automation.workflow_manager - INFO - Workflow Manager initialized
2025-09-04 14:30:19,982 - gui.main_window - INFO - Updating rune positions display. Current positions: []
2025-09-04 14:30:19,982 - gui.main_window - INFO - Updated display to: No positions configured (0/3)
2025-09-04 14:30:19,987 - gui.main_window - INFO - Updated rune search region display: Region: (1535, 227) - 128x169
2025-09-04 14:30:19,991 - gui.main_window - INFO - Updating food positions display. Current positions: [[1692, 745], [1693, 743], [1697, 742]]
2025-09-04 14:30:19,991 - gui.main_window - INFO - Updated display to: Positions: (1692, 745), (1693, 743), (1697, 742) (3/3)
2025-09-04 14:30:20,007 - gui.region_selector - INFO - Region overlay created at (1670, 665) - Border only
2025-09-04 14:30:20,007 - gui.main_window - INFO - Persistent overlay created at (1670, 665) - 124x43
2025-09-04 14:30:20,009 - gui.region_selector - INFO - Region overlay created at (1535, 227) - Border only
2025-09-04 14:30:20,009 - gui.main_window - INFO - Rune persistent overlay created at (1535, 227) - 128x169
2025-09-04 14:30:20,010 - automation.workflow_manager - INFO - Registered callback for health_monitor
2025-09-04 14:30:20,010 - gui.main_window - INFO - Main window initialized
2025-09-04 14:30:20,010 - cyclops - INFO - Application started successfully
2025-09-04 14:30:40,229 - gui.region_selector - INFO - Region selector initialized
2025-09-04 14:30:42,221 - gui.region_selector - INFO - Region selected: X:1494, Y:518, W:71, H:138
2025-09-04 14:30:43,620 - gui.main_window - INFO - Rune search region selected: (1494, 518) - 71x138
2025-09-04 14:30:43,620 - gui.main_window - INFO - Updated rune search region display: Region: (1494, 518) - 71x138
2025-09-04 14:30:43,632 - gui.region_selector - INFO - Region overlay destroyed
2025-09-04 14:30:43,635 - gui.region_selector - INFO - Region overlay created at (1494, 518) - Border only
2025-09-04 14:30:43,636 - gui.main_window - INFO - Rune persistent overlay created at (1494, 518) - 71x138
2025-09-04 14:30:46,547 - gui.main_window - INFO - Testing blank rune detection...
2025-09-04 14:30:46,644 - gui.main_window - WARNING - ERROR: BLANK IMAGE NOT FOUND
2025-09-04 14:35:31,244 - cyclops - INFO - Starting Cyclops Desktop Automation Application
2025-09-04 14:35:31,436 - utils.config_manager - INFO - Configuration loaded from config/default_config.json
2025-09-04 14:35:31,436 - utils.config_manager - INFO - Configuration manager initialized with: config/default_config.json
2025-09-04 14:35:31,436 - core.screen_capture - INFO - Screen resolution: 1920x1080
2025-09-04 14:35:31,436 - core.ocr_engine - INFO - Tesseract path set to: C:\Program Files\Tesseract-OCR\tesseract.exe
2025-09-04 14:35:31,437 - core.ocr_engine - INFO - OCR Engine initialized with language: eng
2025-09-04 14:35:31,437 - core.computer_vision - INFO - Computer Vision engine initialized
2025-09-04 14:35:31,437 - core.input_simulator - INFO - Input Simulator initialized
2025-09-04 14:35:31,438 - core.state_monitor - INFO - State Monitor initialized
2025-09-04 14:35:31,438 - core.computer_vision - INFO - Computer Vision engine initialized
2025-09-04 14:35:31,438 - automation.rune_creation - INFO - Rune Creation Automation initialized
2025-09-04 14:35:31,438 - automation.rune_creation - INFO - Rune positions: 0 configured
2025-09-04 14:35:31,438 - automation.rune_creation - INFO - Delay range: 2.0-5.0 minutes
2025-09-04 14:35:31,438 - automation.rune_creation - INFO - Blank rune image: C:\Users\Lucas\AppData\Local\Temp\_MEI172962\src\automation\..\..\blank.png
2025-09-04 14:35:31,438 - automation.food_eating - INFO - Food Eating Automation initialized
2025-09-04 14:35:31,438 - automation.food_eating - INFO - Food positions: 3 configured
2025-09-04 14:35:31,438 - automation.food_eating - INFO - Click range: 3-6
2025-09-04 14:35:31,438 - automation.food_eating - INFO - Delay range: 4.0-8.0 minutes
2025-09-04 14:35:31,438 - automation.health_monitor - INFO - Health Monitor Automation initialized
2025-09-04 14:35:31,439 - automation.workflow_manager - INFO - All automation modules initialized
2025-09-04 14:35:31,439 - automation.workflow_manager - INFO - Workflow Manager initialized
2025-09-04 14:35:31,449 - gui.main_window - INFO - Updating rune positions display. Current positions: []
2025-09-04 14:35:31,449 - gui.main_window - INFO - Updated display to: No positions configured (0/3)
2025-09-04 14:35:31,456 - gui.main_window - INFO - Updated rune search region display: Region: (1535, 227) - 128x169
2025-09-04 14:35:31,459 - gui.main_window - INFO - Updating food positions display. Current positions: [[1692, 745], [1693, 743], [1697, 742]]
2025-09-04 14:35:31,460 - gui.main_window - INFO - Updated display to: Positions: (1692, 745), (1693, 743), (1697, 742) (3/3)
2025-09-04 14:35:31,478 - gui.region_selector - INFO - Region overlay created at (1670, 665) - Border only
2025-09-04 14:35:31,479 - gui.main_window - INFO - Persistent overlay created at (1670, 665) - 124x43
2025-09-04 14:35:31,479 - gui.region_selector - INFO - Region overlay created at (1535, 227) - Border only
2025-09-04 14:35:31,479 - gui.main_window - INFO - Rune persistent overlay created at (1535, 227) - 128x169
2025-09-04 14:35:31,479 - automation.workflow_manager - INFO - Registered callback for health_monitor
2025-09-04 14:35:31,479 - gui.main_window - INFO - Main window initialized
2025-09-04 14:35:31,480 - cyclops - INFO - Application started successfully
2025-09-04 14:37:44,620 - cyclops - INFO - Starting Cyclops Desktop Automation Application
2025-09-04 14:37:44,835 - utils.config_manager - INFO - Configuration loaded from config/default_config.json
2025-09-04 14:37:44,835 - utils.config_manager - INFO - Configuration manager initialized with: config/default_config.json
2025-09-04 14:37:44,835 - core.screen_capture - INFO - Screen resolution: 1920x1080
2025-09-04 14:37:44,836 - core.ocr_engine - INFO - Tesseract path set to: C:\Program Files\Tesseract-OCR\tesseract.exe
2025-09-04 14:37:44,836 - core.ocr_engine - INFO - OCR Engine initialized with language: eng
2025-09-04 14:37:44,836 - core.computer_vision - INFO - Computer Vision engine initialized
2025-09-04 14:37:44,836 - core.input_simulator - INFO - Input Simulator initialized
2025-09-04 14:37:44,836 - core.state_monitor - INFO - State Monitor initialized
2025-09-04 14:37:44,836 - core.computer_vision - INFO - Computer Vision engine initialized
2025-09-04 14:37:44,836 - automation.rune_creation - INFO - Rune Creation Automation initialized
2025-09-04 14:37:44,836 - automation.rune_creation - INFO - Rune positions: 0 configured
2025-09-04 14:37:44,836 - automation.rune_creation - INFO - Delay range: 2.0-5.0 minutes
2025-09-04 14:37:44,836 - automation.rune_creation - INFO - Blank rune image: C:\Users\Lucas\AppData\Local\Temp\_MEI266402\src\automation\..\..\blank.png
2025-09-04 14:37:44,836 - automation.food_eating - INFO - Food Eating Automation initialized
2025-09-04 14:37:44,836 - automation.food_eating - INFO - Food positions: 3 configured
2025-09-04 14:37:44,836 - automation.food_eating - INFO - Click range: 3-6
2025-09-04 14:37:44,836 - automation.food_eating - INFO - Delay range: 4.0-8.0 minutes
2025-09-04 14:37:44,836 - automation.health_monitor - INFO - Health Monitor Automation initialized
2025-09-04 14:37:44,836 - automation.workflow_manager - INFO - All automation modules initialized
2025-09-04 14:37:44,836 - automation.workflow_manager - INFO - Workflow Manager initialized
2025-09-04 14:37:44,846 - gui.main_window - INFO - Updating rune positions display. Current positions: []
2025-09-04 14:37:44,846 - gui.main_window - INFO - Updated display to: No positions configured (0/3)
2025-09-04 14:37:44,851 - gui.main_window - INFO - Updated rune search region display: Region: (1535, 227) - 128x169
2025-09-04 14:37:44,854 - gui.main_window - INFO - Updating food positions display. Current positions: [[1692, 745], [1693, 743], [1697, 742]]
2025-09-04 14:37:44,854 - gui.main_window - INFO - Updated display to: Positions: (1692, 745), (1693, 743), (1697, 742) (3/3)
2025-09-04 14:37:44,872 - gui.region_selector - INFO - Region overlay created at (1670, 665) - Border only
2025-09-04 14:37:44,872 - gui.main_window - INFO - Persistent overlay created at (1670, 665) - 124x43
2025-09-04 14:37:44,872 - gui.region_selector - INFO - Region overlay created at (1535, 227) - Border only
2025-09-04 14:37:44,873 - gui.main_window - INFO - Rune persistent overlay created at (1535, 227) - 128x169
2025-09-04 14:37:44,873 - automation.workflow_manager - INFO - Registered callback for health_monitor
2025-09-04 14:37:44,873 - gui.main_window - INFO - Main window initialized
2025-09-04 14:37:44,873 - cyclops - INFO - Application started successfully
2025-09-04 14:39:08,887 - automation.workflow_manager - INFO - Stopping all workflows...
2025-09-04 14:39:08,888 - automation.workflow_manager - INFO - All workflows stopped
2025-09-04 14:39:08,891 - gui.region_selector - INFO - Region overlay destroyed
2025-09-04 14:39:08,895 - gui.region_selector - INFO - Region overlay destroyed
2025-09-04 14:39:08,895 - utils.config_manager - INFO - Configuration saved to config/default_config.json
2025-09-04 14:39:09,823 - gui.main_window - INFO - Configuration saved
2025-09-04 14:39:09,823 - gui.main_window - INFO - Application closing
2025-09-04 14:39:09,853 - cyclops - INFO - Application closed
2025-09-04 14:58:34,739 - cyclops - INFO - Starting Cyclops Desktop Automation Application
2025-09-04 14:58:34,913 - utils.config_manager - INFO - Configuration loaded from config/default_config.json
2025-09-04 14:58:34,913 - utils.config_manager - INFO - Configuration manager initialized with: config/default_config.json
2025-09-04 14:58:34,914 - core.screen_capture - INFO - Screen resolution: 1920x1080
2025-09-04 14:58:34,914 - core.ocr_engine - INFO - Tesseract path set to: C:\Program Files\Tesseract-OCR\tesseract.exe
2025-09-04 14:58:34,914 - core.ocr_engine - INFO - OCR Engine initialized with language: eng
2025-09-04 14:58:34,914 - core.computer_vision - INFO - Computer Vision engine initialized
2025-09-04 14:58:34,914 - core.input_simulator - INFO - Input Simulator initialized
2025-09-04 14:58:34,914 - core.state_monitor - INFO - State Monitor initialized
2025-09-04 14:58:34,914 - core.computer_vision - INFO - Computer Vision engine initialized
2025-09-04 14:58:34,914 - automation.rune_creation - INFO - Rune Creation Automation initialized
2025-09-04 14:58:34,914 - automation.rune_creation - INFO - Rune positions: 0 configured
2025-09-04 14:58:34,914 - automation.rune_creation - INFO - Delay range: 2.0-5.0 minutes
2025-09-04 14:58:34,914 - automation.rune_creation - INFO - Blank rune image: C:\Users\Lucas\Desktop\workspace\personal\cyclops\src\automation\..\..\blank.png
2025-09-04 14:58:34,915 - automation.food_eating - INFO - Food Eating Automation initialized
2025-09-04 14:58:34,915 - automation.food_eating - INFO - Food positions: 3 configured
2025-09-04 14:58:34,915 - automation.food_eating - INFO - Click range: 3-6
2025-09-04 14:58:34,915 - automation.food_eating - INFO - Delay range: 4.0-8.0 minutes
2025-09-04 14:58:34,915 - automation.health_monitor - INFO - Health Monitor Automation initialized
2025-09-04 14:58:34,915 - automation.workflow_manager - INFO - All automation modules initialized
2025-09-04 14:58:34,915 - automation.workflow_manager - INFO - Workflow Manager initialized
2025-09-04 14:58:34,926 - gui.main_window - INFO - Updating rune positions display. Current positions: []
2025-09-04 14:58:34,926 - gui.main_window - INFO - Updated display to: No positions configured (0/3)
2025-09-04 14:58:34,933 - gui.main_window - INFO - Updated rune search region display: Region: (1535, 227) - 128x169
2025-09-04 14:58:34,936 - gui.main_window - INFO - Updating food positions display. Current positions: [[1692, 745], [1693, 743], [1697, 742]]
2025-09-04 14:58:34,937 - gui.main_window - INFO - Updated display to: Positions: (1692, 745), (1693, 743), (1697, 742) (3/3)
2025-09-04 14:58:34,954 - gui.region_selector - INFO - Region overlay created at (1670, 665) - Border only
2025-09-04 14:58:34,954 - gui.main_window - INFO - Persistent overlay created at (1670, 665) - 124x43
2025-09-04 14:58:34,954 - gui.region_selector - INFO - Region overlay created at (1535, 227) - Border only
2025-09-04 14:58:34,954 - gui.main_window - INFO - Rune persistent overlay created at (1535, 227) - 128x169
2025-09-04 14:58:34,955 - automation.workflow_manager - INFO - Registered callback for health_monitor
2025-09-04 14:58:34,955 - gui.main_window - INFO - Main window initialized
2025-09-04 14:58:34,955 - cyclops - INFO - Application started successfully
2025-09-04 15:00:06,198 - cyclops - INFO - Starting Cyclops Desktop Automation Application
2025-09-04 15:00:06,414 - utils.config_manager - INFO - Configuration loaded from config/default_config.json
2025-09-04 15:00:06,414 - utils.config_manager - INFO - Configuration manager initialized with: config/default_config.json
2025-09-04 15:00:06,414 - core.screen_capture - INFO - Screen resolution: 1920x1080
2025-09-04 15:00:06,414 - core.ocr_engine - INFO - Tesseract path set to: C:\Program Files\Tesseract-OCR\tesseract.exe
2025-09-04 15:00:06,414 - core.ocr_engine - INFO - OCR Engine initialized with language: eng
2025-09-04 15:00:06,414 - core.computer_vision - INFO - Computer Vision engine initialized
2025-09-04 15:00:06,415 - core.input_simulator - INFO - Input Simulator initialized
2025-09-04 15:00:06,415 - core.state_monitor - INFO - State Monitor initialized
2025-09-04 15:00:06,415 - core.computer_vision - INFO - Computer Vision engine initialized
2025-09-04 15:00:06,415 - automation.rune_creation - INFO - Rune Creation Automation initialized
2025-09-04 15:00:06,415 - automation.rune_creation - INFO - Rune positions: 0 configured
2025-09-04 15:00:06,415 - automation.rune_creation - INFO - Delay range: 2.0-5.0 minutes
2025-09-04 15:00:06,415 - automation.rune_creation - INFO - Blank rune image: C:\Users\Lucas\AppData\Local\Temp\_MEI552682\src\automation\..\..\blank.png
2025-09-04 15:00:06,415 - automation.food_eating - INFO - Food Eating Automation initialized
2025-09-04 15:00:06,415 - automation.food_eating - INFO - Food positions: 3 configured
2025-09-04 15:00:06,415 - automation.food_eating - INFO - Click range: 3-6
2025-09-04 15:00:06,415 - automation.food_eating - INFO - Delay range: 4.0-8.0 minutes
2025-09-04 15:00:06,415 - automation.health_monitor - INFO - Health Monitor Automation initialized
2025-09-04 15:00:06,415 - automation.workflow_manager - INFO - All automation modules initialized
2025-09-04 15:00:06,415 - automation.workflow_manager - INFO - Workflow Manager initialized
2025-09-04 15:00:06,424 - gui.main_window - INFO - Updating rune positions display. Current positions: []
2025-09-04 15:00:06,425 - gui.main_window - INFO - Updated display to: No positions configured (0/3)
2025-09-04 15:00:06,429 - gui.main_window - INFO - Updated rune search region display: Region: (1535, 227) - 128x169
2025-09-04 15:00:06,433 - gui.main_window - INFO - Updating food positions display. Current positions: [[1692, 745], [1693, 743], [1697, 742]]
2025-09-04 15:00:06,433 - gui.main_window - INFO - Updated display to: Positions: (1692, 745), (1693, 743), (1697, 742) (3/3)
2025-09-04 15:00:06,450 - gui.region_selector - INFO - Region overlay created at (1670, 665) - Border only
2025-09-04 15:00:06,450 - gui.main_window - INFO - Persistent overlay created at (1670, 665) - 124x43
2025-09-04 15:00:06,451 - gui.region_selector - INFO - Region overlay created at (1535, 227) - Border only
2025-09-04 15:00:06,451 - gui.main_window - INFO - Rune persistent overlay created at (1535, 227) - 128x169
2025-09-04 15:00:06,451 - automation.workflow_manager - INFO - Registered callback for health_monitor
2025-09-04 15:00:06,451 - gui.main_window - INFO - Main window initialized
2025-09-04 15:00:06,451 - cyclops - INFO - Application started successfully
2025-09-04 15:00:50,528 - automation.workflow_manager - INFO - Stopping all workflows...
2025-09-04 15:00:50,528 - automation.workflow_manager - INFO - All workflows stopped
2025-09-04 15:00:50,534 - gui.region_selector - INFO - Region overlay destroyed
2025-09-04 15:00:50,538 - gui.region_selector - INFO - Region overlay destroyed
2025-09-04 15:00:50,538 - utils.config_manager - INFO - Configuration saved to config/default_config.json
2025-09-04 15:00:52,502 - gui.main_window - INFO - Configuration saved
2025-09-04 15:00:52,502 - gui.main_window - INFO - Application closing
2025-09-04 15:00:52,535 - cyclops - INFO - Application closed
2025-09-04 15:08:37,388 - cyclops - INFO - Starting Cyclops Desktop Automation Application
2025-09-04 15:08:37,602 - utils.config_manager - INFO - Configuration loaded from config/default_config.json
2025-09-04 15:08:37,602 - utils.config_manager - INFO - Configuration manager initialized with: config/default_config.json
2025-09-04 15:08:37,602 - core.screen_capture - INFO - Screen resolution: 1920x1080
2025-09-04 15:08:37,602 - core.ocr_engine - INFO - Tesseract path set to: C:\Program Files\Tesseract-OCR\tesseract.exe
2025-09-04 15:08:37,602 - core.ocr_engine - INFO - OCR Engine initialized with language: eng
2025-09-04 15:08:37,602 - core.computer_vision - INFO - Computer Vision engine initialized
2025-09-04 15:08:37,602 - core.input_simulator - INFO - Input Simulator initialized
2025-09-04 15:08:37,602 - core.state_monitor - INFO - State Monitor initialized
2025-09-04 15:08:37,602 - core.computer_vision - INFO - Computer Vision engine initialized
2025-09-04 15:08:37,602 - automation.rune_creation - INFO - Rune Creation Automation initialized
2025-09-04 15:08:37,602 - automation.rune_creation - INFO - Rune positions: 0 configured
2025-09-04 15:08:37,602 - automation.rune_creation - INFO - Delay range: 2.0-5.0 minutes
2025-09-04 15:08:37,602 - automation.rune_creation - INFO - Blank rune image: C:\Users\Lucas\AppData\Local\Temp\_MEI409042\src\automation\..\..\blank.png
2025-09-04 15:08:37,602 - automation.food_eating - INFO - Food Eating Automation initialized
2025-09-04 15:08:37,602 - automation.food_eating - INFO - Food positions: 3 configured
2025-09-04 15:08:37,602 - automation.food_eating - INFO - Click range: 3-6
2025-09-04 15:08:37,602 - automation.food_eating - INFO - Delay range: 4.0-8.0 minutes
2025-09-04 15:08:37,602 - automation.health_monitor - INFO - Health Monitor Automation initialized
2025-09-04 15:08:37,603 - automation.workflow_manager - INFO - All automation modules initialized
2025-09-04 15:08:37,603 - automation.workflow_manager - INFO - Workflow Manager initialized
2025-09-04 15:08:37,612 - gui.main_window - INFO - Updating rune positions display. Current positions: []
2025-09-04 15:08:37,612 - gui.main_window - INFO - Updated display to: No positions configured (0/3)
2025-09-04 15:08:37,617 - gui.main_window - INFO - Updated rune search region display: Region: (1535, 227) - 128x169
2025-09-04 15:08:37,620 - gui.main_window - INFO - Updating food positions display. Current positions: [[1692, 745], [1693, 743], [1697, 742]]
2025-09-04 15:08:37,620 - gui.main_window - INFO - Updated display to: Positions: (1692, 745), (1693, 743), (1697, 742) (3/3)
2025-09-04 15:08:37,639 - gui.region_selector - INFO - Region overlay created at (1670, 665) - Border only
2025-09-04 15:08:37,640 - gui.main_window - INFO - Persistent overlay created at (1670, 665) - 124x43
2025-09-04 15:08:37,640 - gui.region_selector - INFO - Region overlay created at (1535, 227) - Border only
2025-09-04 15:08:37,640 - gui.main_window - INFO - Rune persistent overlay created at (1535, 227) - 128x169
2025-09-04 15:08:37,640 - automation.workflow_manager - INFO - Registered callback for health_monitor
2025-09-04 15:08:37,640 - gui.main_window - INFO - Main window initialized
2025-09-04 15:08:37,640 - cyclops - INFO - Application started successfully
2025-09-04 15:14:03,849 - automation.workflow_manager - INFO - Stopping all workflows...
2025-09-04 15:14:03,849 - automation.workflow_manager - INFO - All workflows stopped
2025-09-04 15:14:03,854 - gui.region_selector - INFO - Region overlay destroyed
2025-09-04 15:14:03,858 - gui.region_selector - INFO - Region overlay destroyed
2025-09-04 15:14:03,859 - utils.config_manager - INFO - Configuration saved to config/default_config.json
2025-09-04 15:14:04,794 - gui.main_window - INFO - Configuration saved
2025-09-04 15:14:04,794 - gui.main_window - INFO - Application closing
2025-09-04 15:14:04,829 - cyclops - INFO - Application closed
2025-09-04 15:35:52,807 - cyclops - INFO - Starting Cyclops Desktop Automation Application
2025-09-04 15:35:52,991 - utils.config_manager - INFO - Configuration loaded from C:\Users\Lucas\Desktop\workspace\personal\cyclops\config\default_config.json
2025-09-04 15:35:52,991 - utils.config_manager - INFO - Configuration manager initialized with: C:\Users\Lucas\Desktop\workspace\personal\cyclops\config\default_config.json
2025-09-04 15:35:52,991 - core.screen_capture - INFO - Screen resolution: 1920x1080
2025-09-04 15:35:52,991 - core.ocr_engine - INFO - Tesseract path set to: C:\Program Files\Tesseract-OCR\tesseract.exe
2025-09-04 15:35:52,992 - core.ocr_engine - INFO - OCR Engine initialized with language: eng
2025-09-04 15:35:52,992 - core.computer_vision - INFO - Computer Vision engine initialized
2025-09-04 15:35:52,992 - core.input_simulator - INFO - Input Simulator initialized
2025-09-04 15:35:52,992 - core.state_monitor - INFO - State Monitor initialized
2025-09-04 15:35:52,992 - core.computer_vision - INFO - Computer Vision engine initialized
2025-09-04 15:35:52,992 - automation.rune_creation - INFO - Rune Creation Automation initialized
2025-09-04 15:35:52,992 - automation.rune_creation - INFO - Rune positions: 0 configured
2025-09-04 15:35:52,992 - automation.rune_creation - INFO - Delay range: 2.0-5.0 minutes
2025-09-04 15:35:52,993 - automation.rune_creation - INFO - Blank rune image: C:\Users\Lucas\Desktop\workspace\personal\cyclops\blank.png
2025-09-04 15:35:52,993 - automation.food_eating - INFO - Food Eating Automation initialized
2025-09-04 15:35:52,993 - automation.food_eating - INFO - Food positions: 3 configured
2025-09-04 15:35:52,993 - automation.food_eating - INFO - Click range: 3-6
2025-09-04 15:35:52,993 - automation.food_eating - INFO - Delay range: 4.0-8.0 minutes
2025-09-04 15:35:52,993 - automation.health_monitor - INFO - Health Monitor Automation initialized
2025-09-04 15:35:52,993 - automation.workflow_manager - INFO - All automation modules initialized
2025-09-04 15:35:52,994 - automation.workflow_manager - INFO - Workflow Manager initialized
2025-09-04 15:35:53,003 - gui.main_window - INFO - Updating rune positions display. Current positions: []
2025-09-04 15:35:53,004 - gui.main_window - INFO - Updated display to: No positions configured (0/3)
2025-09-04 15:35:53,009 - gui.main_window - INFO - Updated rune search region display: Region: (1535, 227) - 128x169
2025-09-04 15:35:53,013 - gui.main_window - INFO - Updating food positions display. Current positions: [[1692, 745], [1693, 743], [1697, 742]]
2025-09-04 15:35:53,013 - gui.main_window - INFO - Updated display to: Positions: (1692, 745), (1693, 743), (1697, 742) (3/3)
2025-09-04 15:35:53,030 - gui.region_selector - INFO - Region overlay created at (1670, 665) - Border only
2025-09-04 15:35:53,030 - gui.main_window - INFO - Persistent overlay created at (1670, 665) - 124x43
2025-09-04 15:35:53,030 - gui.region_selector - INFO - Region overlay created at (1535, 227) - Border only
2025-09-04 15:35:53,030 - gui.main_window - INFO - Rune persistent overlay created at (1535, 227) - 128x169
2025-09-04 15:35:53,031 - automation.workflow_manager - INFO - Registered callback for health_monitor
2025-09-04 15:35:53,031 - gui.main_window - INFO - Main window initialized
2025-09-04 15:35:53,031 - cyclops - INFO - Application started successfully
2025-09-04 16:04:13,139 - cyclops - INFO - Starting Cyclops Desktop Automation Application
2025-09-04 16:04:13,320 - utils.config_manager - INFO - Configuration loaded from C:\Users\Lucas\Desktop\workspace\personal\cyclops\config\default_config.json
2025-09-04 16:04:13,320 - utils.config_manager - INFO - Configuration manager initialized with: C:\Users\Lucas\Desktop\workspace\personal\cyclops\config\default_config.json
2025-09-04 16:04:13,321 - core.screen_capture - INFO - Screen resolution: 1920x1080
2025-09-04 16:04:13,321 - core.ocr_engine - INFO - Tesseract path set to: C:\Program Files\Tesseract-OCR\tesseract.exe
2025-09-04 16:04:13,321 - core.ocr_engine - INFO - OCR Engine initialized with language: eng
2025-09-04 16:04:13,321 - core.computer_vision - INFO - Computer Vision engine initialized
2025-09-04 16:04:13,321 - core.input_simulator - INFO - Input Simulator initialized
2025-09-04 16:04:13,321 - core.state_monitor - INFO - State Monitor initialized
2025-09-04 16:04:13,321 - core.computer_vision - INFO - Computer Vision engine initialized
2025-09-04 16:04:13,321 - automation.rune_creation - INFO - Rune Creation Automation initialized
2025-09-04 16:04:13,321 - automation.rune_creation - INFO - Rune positions: 0 configured
2025-09-04 16:04:13,321 - automation.rune_creation - INFO - Delay range: 2.0-5.0 minutes
2025-09-04 16:04:13,321 - automation.rune_creation - INFO - Blank rune image: C:\Users\Lucas\Desktop\workspace\personal\cyclops\blank.png
2025-09-04 16:04:13,321 - automation.food_eating - INFO - Food Eating Automation initialized
2025-09-04 16:04:13,322 - automation.food_eating - INFO - Food positions: 3 configured
2025-09-04 16:04:13,322 - automation.food_eating - INFO - Click range: 3-6
2025-09-04 16:04:13,322 - automation.food_eating - INFO - Delay range: 4.0-8.0 minutes
2025-09-04 16:04:13,322 - automation.health_monitor - INFO - Health Monitor Automation initialized
2025-09-04 16:04:13,322 - automation.workflow_manager - INFO - All automation modules initialized
2025-09-04 16:04:13,322 - automation.workflow_manager - INFO - Workflow Manager initialized
2025-09-04 16:04:13,331 - gui.main_window - INFO - Updating rune positions display. Current positions: []
2025-09-04 16:04:13,331 - gui.main_window - INFO - Updated display to: No positions configured (0/3)
2025-09-04 16:04:13,337 - gui.main_window - INFO - Updated rune search region display: Region: (1535, 227) - 128x169
2025-09-04 16:04:13,340 - gui.main_window - INFO - Updating food positions display. Current positions: [[1692, 745], [1693, 743], [1697, 742]]
2025-09-04 16:04:13,341 - gui.main_window - INFO - Updated display to: Positions: (1692, 745), (1693, 743), (1697, 742) (3/3)
2025-09-04 16:04:13,357 - gui.region_selector - INFO - Region overlay created at (1670, 665) - Border only
2025-09-04 16:04:13,358 - gui.main_window - INFO - Persistent overlay created at (1670, 665) - 124x43
2025-09-04 16:04:13,358 - gui.region_selector - INFO - Region overlay created at (1535, 227) - Border only
2025-09-04 16:04:13,358 - gui.main_window - INFO - Rune persistent overlay created at (1535, 227) - 128x169
2025-09-04 16:04:13,359 - automation.workflow_manager - INFO - Registered callback for health_monitor
2025-09-04 16:04:13,359 - gui.main_window - INFO - Main window initialized
2025-09-04 16:04:13,359 - cyclops - INFO - Application started successfully
2025-09-04 16:04:22,304 - gui.main_window - INFO - Starting rune position recording...
2025-09-04 16:04:22,307 - gui.region_selector - INFO - Started recording 3 rune target positions
2025-09-04 16:04:23,319 - gui.region_selector - INFO - Recorded rune target position 1 at (1589, 447)
2025-09-04 16:04:23,695 - gui.region_selector - INFO - Recorded rune target position 2 at (1587, 440)
2025-09-04 16:04:24,187 - gui.region_selector - INFO - Recorded final rune target position 3 at (1593, 433)
2025-09-04 16:04:25,715 - gui.main_window - INFO - Rune position recording callback received: [(1589, 447), (1587, 440), (1593, 433)]
2025-09-04 16:04:25,715 - automation.rune_creation - INFO - Cleared all rune positions
2025-09-04 16:04:25,718 - gui.main_window - INFO - Adding rune position 1: (1589, 447)
2025-09-04 16:04:25,720 - automation.rune_creation - INFO - Added rune position: (1589, 447)
2025-09-04 16:04:25,722 - gui.main_window - INFO - Successfully added rune position 1: (1589, 447)
2025-09-04 16:04:25,723 - gui.main_window - INFO - Adding rune position 2: (1587, 440)
2025-09-04 16:04:25,725 - automation.rune_creation - INFO - Added rune position: (1587, 440)
2025-09-04 16:04:25,728 - gui.main_window - INFO - Successfully added rune position 2: (1587, 440)
2025-09-04 16:04:25,732 - gui.main_window - INFO - Adding rune position 3: (1593, 433)
2025-09-04 16:04:25,733 - automation.rune_creation - INFO - Added rune position: (1593, 433)
2025-09-04 16:04:25,735 - gui.main_window - INFO - Successfully added rune position 3: (1593, 433)
2025-09-04 16:04:25,736 - gui.main_window - INFO - Updating rune positions display. Current positions: [(1589, 447), (1587, 440), (1593, 433)]
2025-09-04 16:04:25,737 - gui.main_window - INFO - Updated display to: Positions: (1589, 447), (1587, 440), (1593, 433) (3/3)
2025-09-04 16:04:28,182 - gui.region_selector - INFO - Region selector initialized
2025-09-04 16:04:31,109 - gui.region_selector - INFO - Region selected: X:1421, Y:219, W:147, H:346
2025-09-04 16:04:31,796 - gui.main_window - INFO - Rune search region selected: (1421, 219) - 147x346
2025-09-04 16:04:31,797 - gui.main_window - INFO - Updated rune search region display: Region: (1421, 219) - 147x346
2025-09-04 16:04:31,808 - gui.region_selector - INFO - Region overlay destroyed
2025-09-04 16:04:31,811 - gui.region_selector - INFO - Region overlay created at (1421, 219) - Border only
2025-09-04 16:04:31,812 - gui.main_window - INFO - Rune persistent overlay created at (1421, 219) - 147x346
2025-09-04 16:04:34,159 - gui.main_window - INFO - Testing blank rune detection...
2025-09-04 16:04:34,197 - automation.rune_creation - INFO - Blank rune found at relative position Point(x=np.int64(29), y=np.int64(29)), absolute: (1450, 248)
2025-09-04 16:04:34,197 - automation.rune_creation - INFO - Search region: (1421, 219) - 147x346
2025-09-04 16:04:34,197 - gui.main_window - INFO - SUCCESS: BLANK IMAGE FOUND at (1450, 248)
2025-09-04 16:04:37,348 - gui.main_window - INFO - Testing rune creation logic with 3 positions...
2025-09-04 16:04:37,349 - automation.rune_creation - INFO - Starting rune creation sequence...
2025-09-04 16:04:37,376 - automation.rune_creation - INFO - Blank rune found at relative position Point(x=np.int64(29), y=np.int64(29)), absolute: (1450, 248)
2025-09-04 16:04:37,376 - automation.rune_creation - INFO - Search region: (1421, 219) - 147x346
2025-09-04 16:04:37,376 - automation.rune_creation - INFO - Found blank rune at (1450, 248)
2025-09-04 16:04:37,377 - automation.rune_creation - INFO - Selected target position: (1589, 447)
2025-09-04 16:04:37,378 - automation.rune_creation - INFO - Performing drag and drop from (1450, 248) to (1589, 447)...
2025-09-04 16:04:39,702 - automation.rune_creation - INFO - Pressing hotkey: f6
2025-09-04 16:04:40,903 - automation.rune_creation - INFO - Rune creation sequence completed successfully
2025-09-04 16:04:40,903 - gui.main_window - INFO - Rune creation test completed successfully
2025-09-04 16:06:12,550 - cyclops - INFO - Starting Cyclops Desktop Automation Application
2025-09-04 16:06:12,713 - utils.config_manager - INFO - Configuration loaded from C:\Users\Lucas\Desktop\workspace\personal\cyclops\config\default_config.json
2025-09-04 16:06:12,714 - utils.config_manager - INFO - Configuration manager initialized with: C:\Users\Lucas\Desktop\workspace\personal\cyclops\config\default_config.json
2025-09-04 16:06:12,714 - core.screen_capture - INFO - Screen resolution: 1920x1080
2025-09-04 16:06:12,714 - core.ocr_engine - INFO - Tesseract path set to: C:\Program Files\Tesseract-OCR\tesseract.exe
2025-09-04 16:06:12,714 - core.ocr_engine - INFO - OCR Engine initialized with language: eng
2025-09-04 16:06:12,714 - core.computer_vision - INFO - Computer Vision engine initialized
2025-09-04 16:06:12,714 - core.input_simulator - INFO - Input Simulator initialized
2025-09-04 16:06:12,714 - core.state_monitor - INFO - State Monitor initialized
2025-09-04 16:06:12,714 - core.computer_vision - INFO - Computer Vision engine initialized
2025-09-04 16:06:12,715 - automation.rune_creation - INFO - Loaded 3 rune positions from configuration
2025-09-04 16:06:12,715 - automation.rune_creation - INFO - Rune Creation Automation initialized
2025-09-04 16:06:12,715 - automation.rune_creation - INFO - Rune positions: 3 configured
2025-09-04 16:06:12,715 - automation.rune_creation - INFO - Delay range: 2.0-5.0 minutes
2025-09-04 16:06:12,715 - automation.rune_creation - INFO - Blank rune image: C:\Users\Lucas\Desktop\workspace\personal\cyclops\blank.png
2025-09-04 16:06:12,715 - automation.food_eating - INFO - Food Eating Automation initialized
2025-09-04 16:06:12,715 - automation.food_eating - INFO - Food positions: 3 configured
2025-09-04 16:06:12,715 - automation.food_eating - INFO - Click range: 3-6
2025-09-04 16:06:12,716 - automation.food_eating - INFO - Delay range: 4.0-8.0 minutes
2025-09-04 16:06:12,716 - automation.health_monitor - INFO - Health Monitor Automation initialized
2025-09-04 16:06:12,716 - automation.workflow_manager - INFO - All automation modules initialized
2025-09-04 16:06:12,716 - automation.workflow_manager - INFO - Workflow Manager initialized
2025-09-04 16:06:12,728 - gui.main_window - INFO - Updating rune positions display. Current positions: [(1686, 417), (1692, 421), (1697, 426)]
2025-09-04 16:06:12,728 - gui.main_window - INFO - Updated display to: Positions: (1686, 417), (1692, 421), (1697, 426) (3/3)
2025-09-04 16:06:12,733 - gui.main_window - INFO - Updated rune search region display: Region: (1535, 227) - 128x169
2025-09-04 16:06:12,737 - gui.main_window - INFO - Updating food positions display. Current positions: [[1692, 745], [1693, 743], [1697, 742]]
2025-09-04 16:06:12,738 - gui.main_window - INFO - Updated display to: Positions: (1692, 745), (1693, 743), (1697, 742) (3/3)
2025-09-04 16:06:12,755 - gui.region_selector - INFO - Region overlay created at (1670, 665) - Border only
2025-09-04 16:06:12,755 - gui.main_window - INFO - Persistent overlay created at (1670, 665) - 124x43
2025-09-04 16:06:12,756 - gui.region_selector - INFO - Region overlay created at (1535, 227) - Border only
2025-09-04 16:06:12,756 - gui.main_window - INFO - Rune persistent overlay created at (1535, 227) - 128x169
2025-09-04 16:06:12,756 - automation.workflow_manager - INFO - Registered callback for health_monitor
2025-09-04 16:06:12,756 - gui.main_window - INFO - Main window initialized
2025-09-04 16:06:12,756 - cyclops - INFO - Application started successfully
2025-09-04 16:24:34,338 - cyclops - INFO - Starting Cyclops Desktop Automation Application
2025-09-04 16:24:34,506 - utils.config_manager - INFO - Configuration loaded from C:\Users\Lucas\Desktop\workspace\personal\cyclops\config\default_config.json
2025-09-04 16:24:34,507 - utils.config_manager - INFO - Configuration manager initialized with: C:\Users\Lucas\Desktop\workspace\personal\cyclops\config\default_config.json
2025-09-04 16:24:34,507 - core.screen_capture - INFO - Screen resolution: 1920x1080
2025-09-04 16:24:34,507 - core.ocr_engine - INFO - Tesseract path set to: C:\Program Files\Tesseract-OCR\tesseract.exe
2025-09-04 16:24:34,507 - core.ocr_engine - INFO - OCR Engine initialized with language: eng
2025-09-04 16:24:34,507 - core.computer_vision - INFO - Computer Vision engine initialized
2025-09-04 16:24:34,507 - core.input_simulator - INFO - Input Simulator initialized
2025-09-04 16:24:34,507 - core.state_monitor - INFO - State Monitor initialized
2025-09-04 16:24:34,507 - core.computer_vision - INFO - Computer Vision engine initialized
2025-09-04 16:24:34,507 - automation.rune_creation - INFO - Loaded 3 rune positions from configuration
2025-09-04 16:24:34,508 - automation.rune_creation - INFO - Rune Creation Automation initialized
2025-09-04 16:24:34,508 - automation.rune_creation - INFO - Rune positions: 3 configured
2025-09-04 16:24:34,508 - automation.rune_creation - INFO - Delay range: 2.0-5.0 minutes
2025-09-04 16:24:34,508 - automation.rune_creation - INFO - Blank rune image: C:\Users\Lucas\Desktop\workspace\personal\cyclops\blank.png
2025-09-04 16:24:34,508 - automation.food_eating - INFO - Food Eating Automation initialized
2025-09-04 16:24:34,508 - automation.food_eating - INFO - Food positions: 3 configured
2025-09-04 16:24:34,508 - automation.food_eating - INFO - Click range: 3-6
2025-09-04 16:24:34,508 - automation.food_eating - INFO - Delay range: 4.0-8.0 minutes
2025-09-04 16:24:34,508 - automation.health_monitor - INFO - Health Monitor Automation initialized
2025-09-04 16:24:34,508 - automation.workflow_manager - INFO - All automation modules initialized
2025-09-04 16:24:34,508 - automation.workflow_manager - INFO - Workflow Manager initialized
2025-09-04 16:24:34,523 - gui.main_window - INFO - Updating rune positions display. Current positions: [(1686, 417), (1692, 421), (1697, 426)]
2025-09-04 16:24:34,523 - gui.main_window - INFO - Updated display to: Positions: (1686, 417), (1692, 421), (1697, 426) (3/3)
2025-09-04 16:24:34,529 - gui.main_window - INFO - Updated rune search region display: Region: (1535, 227) - 128x169
2025-09-04 16:24:34,534 - gui.main_window - INFO - Updating food positions display. Current positions: [[1692, 745], [1693, 743], [1697, 742]]
2025-09-04 16:24:34,534 - gui.main_window - INFO - Updated display to: Positions: (1692, 745), (1693, 743), (1697, 742) (3/3)
2025-09-04 16:24:34,554 - gui.region_selector - INFO - Region overlay created at (1670, 665) - Border only
2025-09-04 16:24:34,554 - gui.main_window - INFO - Persistent overlay created at (1670, 665) - 124x43
2025-09-04 16:24:34,554 - gui.region_selector - INFO - Region overlay created at (1535, 227) - Border only
2025-09-04 16:24:34,554 - gui.main_window - INFO - Rune persistent overlay created at (1535, 227) - 128x169
2025-09-04 16:24:34,555 - automation.workflow_manager - INFO - Registered callback for health_monitor
2025-09-04 16:24:34,555 - gui.main_window - INFO - Main window initialized
2025-09-04 16:24:34,555 - cyclops - INFO - Application started successfully
2025-09-04 16:24:40,396 - gui.main_window - INFO - Starting rune position recording...
2025-09-04 16:24:40,399 - gui.region_selector - INFO - Started recording 3 rune target positions
2025-09-04 16:24:41,528 - gui.region_selector - INFO - Recorded rune target position 1 at (1584, 437)
2025-09-04 16:24:41,870 - gui.region_selector - INFO - Recorded rune target position 2 at (1591, 437)
2025-09-04 16:24:42,288 - gui.region_selector - INFO - Recorded final rune target position 3 at (1595, 441)
2025-09-04 16:24:43,819 - gui.main_window - INFO - Rune position recording callback received: [(1584, 437), (1591, 437), (1595, 441)]
2025-09-04 16:24:43,819 - automation.rune_creation - INFO - Cleared all rune positions
2025-09-04 16:24:43,824 - gui.main_window - INFO - Adding rune position 1: (1584, 437)
2025-09-04 16:24:43,826 - automation.rune_creation - INFO - Added rune position: (1584, 437)
2025-09-04 16:24:43,829 - gui.main_window - INFO - Successfully added rune position 1: (1584, 437)
2025-09-04 16:24:43,832 - gui.main_window - INFO - Adding rune position 2: (1591, 437)
2025-09-04 16:24:43,834 - automation.rune_creation - INFO - Added rune position: (1591, 437)
2025-09-04 16:24:43,835 - gui.main_window - INFO - Successfully added rune position 2: (1591, 437)
2025-09-04 16:24:43,837 - gui.main_window - INFO - Adding rune position 3: (1595, 441)
2025-09-04 16:24:43,841 - automation.rune_creation - INFO - Added rune position: (1595, 441)
2025-09-04 16:24:43,845 - gui.main_window - INFO - Successfully added rune position 3: (1595, 441)
2025-09-04 16:24:43,847 - gui.main_window - INFO - Updating rune positions display. Current positions: [(1584, 437), (1591, 437), (1595, 441)]
2025-09-04 16:24:43,848 - gui.main_window - INFO - Updated display to: Positions: (1584, 437), (1591, 437), (1595, 441) (3/3)
2025-09-04 16:24:47,377 - gui.region_selector - INFO - Region selector initialized
2025-09-04 16:24:51,460 - gui.region_selector - INFO - Region selected: X:1418, Y:207, W:150, H:371
2025-09-04 16:24:53,044 - gui.main_window - INFO - Rune search region selected: (1418, 207) - 150x371
2025-09-04 16:24:53,044 - gui.main_window - INFO - Updated rune search region display: Region: (1418, 207) - 150x371
2025-09-04 16:24:53,063 - gui.region_selector - INFO - Region overlay destroyed
2025-09-04 16:24:53,066 - gui.region_selector - INFO - Region overlay created at (1418, 207) - Border only
2025-09-04 16:24:53,067 - gui.main_window - INFO - Rune persistent overlay created at (1418, 207) - 150x371
2025-09-04 16:24:58,044 - gui.main_window - INFO - Testing blank rune detection...
2025-09-04 16:24:58,081 - automation.rune_creation - INFO - Blank rune found at relative position Point(x=np.int64(32), y=np.int64(41)), absolute: (1450, 248)
2025-09-04 16:24:58,082 - automation.rune_creation - INFO - Search region: (1418, 207) - 150x371
2025-09-04 16:24:58,082 - gui.main_window - INFO - SUCCESS: BLANK IMAGE FOUND at (1450, 248)
2025-09-04 16:25:06,569 - gui.main_window - INFO - Testing rune creation logic with 3 positions...
2025-09-04 16:25:06,569 - automation.rune_creation - INFO - Starting rune creation sequence...
2025-09-04 16:25:06,598 - automation.rune_creation - INFO - Blank rune found at relative position Point(x=np.int64(32), y=np.int64(41)), absolute: (1450, 248)
2025-09-04 16:25:06,598 - automation.rune_creation - INFO - Search region: (1418, 207) - 150x371
2025-09-04 16:25:06,598 - automation.rune_creation - INFO - Found blank rune at (1450, 248)
2025-09-04 16:25:06,598 - automation.rune_creation - INFO - Selected target position: (1591, 437)
2025-09-04 16:25:06,598 - automation.rune_creation - INFO - Performing drag and drop from (1450, 248) to (1591, 437)...
2025-09-04 16:25:08,917 - automation.rune_creation - INFO - Pressing hotkey: f6
2025-09-04 16:25:10,119 - automation.rune_creation - INFO - Rune creation sequence completed successfully
2025-09-04 16:25:10,119 - gui.main_window - INFO - Rune creation test completed successfully
2025-09-04 17:23:56,564 - automation.workflow_manager - INFO - Stopping all workflows...
2025-09-04 17:23:56,564 - automation.workflow_manager - INFO - All workflows stopped
2025-09-04 17:23:56,570 - gui.region_selector - INFO - Region overlay destroyed
2025-09-04 17:23:56,577 - gui.region_selector - INFO - Region overlay destroyed
2025-09-04 17:23:56,578 - utils.config_manager - INFO - Configuration saved to C:\Users\Lucas\Desktop\workspace\personal\cyclops\config\default_config.json
2025-09-04 17:23:57,506 - gui.main_window - INFO - Configuration saved
2025-09-04 17:23:57,506 - gui.main_window - INFO - Application closing
2025-09-04 17:23:57,565 - cyclops - INFO - Application closed
2025-09-04 17:30:26,666 - cyclops - INFO - Starting Cyclops Desktop Automation Application
2025-09-04 17:30:26,835 - utils.config_manager - INFO - Configuration loaded from C:\Users\Lucas\Desktop\workspace\personal\cyclops\config\default_config.json
2025-09-04 17:30:26,835 - utils.config_manager - INFO - Configuration manager initialized with: C:\Users\Lucas\Desktop\workspace\personal\cyclops\config\default_config.json
2025-09-04 17:30:26,835 - core.screen_capture - INFO - Screen resolution: 1920x1080
2025-09-04 17:30:26,835 - core.ocr_engine - INFO - Tesseract path set to: C:\Program Files\Tesseract-OCR\tesseract.exe
2025-09-04 17:30:26,835 - core.ocr_engine - INFO - OCR Engine initialized with language: eng
2025-09-04 17:30:26,835 - core.computer_vision - INFO - Computer Vision engine initialized
2025-09-04 17:30:26,835 - core.input_simulator - INFO - Input Simulator initialized
2025-09-04 17:30:26,835 - core.state_monitor - INFO - State Monitor initialized
2025-09-04 17:30:26,835 - core.computer_vision - INFO - Computer Vision engine initialized
2025-09-04 17:30:26,835 - automation.rune_creation - INFO - Loaded 3 rune positions from configuration
2025-09-04 17:30:26,836 - automation.rune_creation - INFO - Rune Creation Automation initialized
2025-09-04 17:30:26,836 - automation.rune_creation - INFO - Rune positions: 3 configured
2025-09-04 17:30:26,836 - automation.rune_creation - INFO - Delay range: 2.0-5.0 minutes
2025-09-04 17:30:26,836 - automation.rune_creation - INFO - Blank rune image: C:\Users\Lucas\Desktop\workspace\personal\cyclops\blank.png
2025-09-04 17:30:26,836 - automation.food_eating - INFO - Food Eating Automation initialized
2025-09-04 17:30:26,836 - automation.food_eating - INFO - Food positions: 3 configured
2025-09-04 17:30:26,836 - automation.food_eating - INFO - Click range: 3-6
2025-09-04 17:30:26,836 - automation.food_eating - INFO - Delay range: 4.0-8.0 minutes
2025-09-04 17:30:26,836 - automation.health_monitor - INFO - Health Monitor Automation initialized
2025-09-04 17:30:26,836 - automation.workflow_manager - INFO - All automation modules initialized
2025-09-04 17:30:26,836 - automation.workflow_manager - INFO - Workflow Manager initialized
2025-09-04 17:30:26,847 - gui.main_window - INFO - Updating rune positions display. Current positions: [(1584, 437), (1591, 437), (1595, 441)]
2025-09-04 17:30:26,847 - gui.main_window - INFO - Updated display to: Positions: (1584, 437), (1591, 437), (1595, 441) (3/3)
2025-09-04 17:30:26,852 - gui.main_window - INFO - Updated rune search region display: Region: (1418, 207) - 150x371
2025-09-04 17:30:26,855 - gui.main_window - INFO - Updating food positions display. Current positions: [[1692, 745], [1693, 743], [1697, 742]]
2025-09-04 17:30:26,855 - gui.main_window - INFO - Updated display to: Positions: (1692, 745), (1693, 743), (1697, 742) (3/3)
2025-09-04 17:30:26,870 - gui.region_selector - INFO - Region overlay created at (1670, 665) - Border only
2025-09-04 17:30:26,871 - gui.main_window - INFO - Persistent overlay created at (1670, 665) - 124x43
2025-09-04 17:30:26,871 - gui.region_selector - INFO - Region overlay created at (1418, 207) - Border only
2025-09-04 17:30:26,871 - gui.main_window - INFO - Rune persistent overlay created at (1418, 207) - 150x371
2025-09-04 17:30:26,872 - automation.workflow_manager - INFO - Registered callback for health_monitor
2025-09-04 17:30:26,872 - gui.main_window - INFO - Main window initialized
2025-09-04 17:30:26,872 - cyclops - INFO - Application started successfully
2025-09-04 17:30:42,449 - gui.main_window - INFO - Starting rune position recording...
2025-09-04 17:30:42,452 - gui.region_selector - INFO - Started recording 3 rune target positions
2025-09-04 17:30:43,566 - gui.region_selector - INFO - Recorded rune target position 1 at (1490, 341)
2025-09-04 17:30:43,856 - gui.region_selector - INFO - Recorded rune target position 2 at (1490, 336)
2025-09-04 17:30:44,176 - gui.region_selector - INFO - Recorded final rune target position 3 at (1497, 332)
2025-09-04 17:30:45,707 - gui.main_window - INFO - Rune position recording callback received: [(1490, 341), (1490, 336), (1497, 332)]
2025-09-04 17:30:45,707 - automation.rune_creation - INFO - Cleared all rune positions
2025-09-04 17:30:45,711 - gui.main_window - INFO - Adding rune position 1: (1490, 341)
2025-09-04 17:30:45,712 - automation.rune_creation - INFO - Added rune position: (1490, 341)
2025-09-04 17:30:45,715 - gui.main_window - INFO - Successfully added rune position 1: (1490, 341)
2025-09-04 17:30:45,717 - gui.main_window - INFO - Adding rune position 2: (1490, 336)
2025-09-04 17:30:45,721 - automation.rune_creation - INFO - Added rune position: (1490, 336)
2025-09-04 17:30:45,723 - gui.main_window - INFO - Successfully added rune position 2: (1490, 336)
2025-09-04 17:30:45,725 - gui.main_window - INFO - Adding rune position 3: (1497, 332)
2025-09-04 17:30:45,728 - automation.rune_creation - INFO - Added rune position: (1497, 332)
2025-09-04 17:30:45,730 - gui.main_window - INFO - Successfully added rune position 3: (1497, 332)
2025-09-04 17:30:45,733 - gui.main_window - INFO - Updating rune positions display. Current positions: [(1490, 341), (1490, 336), (1497, 332)]
2025-09-04 17:30:45,735 - gui.main_window - INFO - Updated display to: Positions: (1490, 341), (1490, 336), (1497, 332) (3/3)
2025-09-04 17:30:49,064 - gui.region_selector - INFO - Region selector initialized
2025-09-04 17:30:50,685 - gui.region_selector - INFO - Region selected: X:1279, Y:218, W:192, H:149
2025-09-04 17:30:51,495 - gui.main_window - INFO - Rune search region selected: (1279, 218) - 192x149
2025-09-04 17:30:51,495 - gui.main_window - INFO - Updated rune search region display: Region: (1279, 218) - 192x149
2025-09-04 17:30:51,510 - gui.region_selector - INFO - Region overlay destroyed
2025-09-04 17:30:51,513 - gui.region_selector - INFO - Region overlay created at (1279, 218) - Border only
2025-09-04 17:30:51,514 - gui.main_window - INFO - Rune persistent overlay created at (1279, 218) - 192x149
2025-09-04 17:30:53,899 - gui.main_window - INFO - Testing blank rune detection...
2025-09-04 17:30:53,940 - automation.rune_creation - INFO - Blank rune found at relative position Point(x=np.int64(55), y=np.int64(36)), absolute: (1334, 254)
2025-09-04 17:30:53,940 - automation.rune_creation - INFO - Search region: (1279, 218) - 192x149
2025-09-04 17:30:53,941 - gui.main_window - INFO - SUCCESS: BLANK IMAGE FOUND at (1334, 254)
2025-09-04 17:31:02,040 - gui.main_window - INFO - Testing rune creation logic with 3 positions...
2025-09-04 17:31:02,040 - automation.rune_creation - INFO - Starting rune creation sequence...
2025-09-04 17:31:02,065 - automation.rune_creation - INFO - Blank rune found at relative position Point(x=np.int64(55), y=np.int64(36)), absolute: (1334, 254)
2025-09-04 17:31:02,066 - automation.rune_creation - INFO - Search region: (1279, 218) - 192x149
2025-09-04 17:31:02,066 - automation.rune_creation - INFO - Found blank rune at (1334, 254)
2025-09-04 17:31:02,066 - automation.rune_creation - INFO - Selected target position: (1490, 336)
2025-09-04 17:31:02,066 - automation.rune_creation - INFO - Performing drag and drop from (1334, 254) to (1490, 336)...
2025-09-04 17:31:05,445 - automation.rune_creation - INFO - Pressing hotkey: f6
2025-09-04 17:31:06,647 - automation.rune_creation - INFO - Rune creation sequence completed successfully
2025-09-04 17:31:06,647 - gui.main_window - INFO - Rune creation test completed successfully
2025-09-04 18:01:25,179 - cyclops - INFO - Starting Cyclops Desktop Automation Application
2025-09-04 18:01:25,347 - utils.config_manager - INFO - Configuration loaded from C:\Users\Lucas\Desktop\workspace\personal\cyclops\config\default_config.json
2025-09-04 18:01:25,347 - utils.config_manager - INFO - Configuration manager initialized with: C:\Users\Lucas\Desktop\workspace\personal\cyclops\config\default_config.json
2025-09-04 18:01:25,347 - core.screen_capture - INFO - Screen resolution: 1920x1080
2025-09-04 18:01:25,347 - core.ocr_engine - INFO - Tesseract path set to: C:\Program Files\Tesseract-OCR\tesseract.exe
2025-09-04 18:01:25,347 - core.ocr_engine - INFO - OCR Engine initialized with language: eng
2025-09-04 18:01:25,347 - core.computer_vision - INFO - Computer Vision engine initialized
2025-09-04 18:01:25,347 - core.input_simulator - INFO - Input Simulator initialized
2025-09-04 18:01:25,347 - core.state_monitor - INFO - State Monitor initialized
2025-09-04 18:01:25,347 - core.computer_vision - INFO - Computer Vision engine initialized
2025-09-04 18:01:25,347 - automation.rune_creation - INFO - Loaded 3 rune positions from configuration
2025-09-04 18:01:25,348 - automation.rune_creation - INFO - Rune Creation Automation initialized
2025-09-04 18:01:25,348 - automation.rune_creation - INFO - Rune positions: 3 configured
2025-09-04 18:01:25,348 - automation.rune_creation - INFO - Delay range: 2.0-5.0 minutes
2025-09-04 18:01:25,348 - automation.rune_creation - INFO - Blank rune image: C:\Users\Lucas\Desktop\workspace\personal\cyclops\blank.png
2025-09-04 18:01:25,348 - automation.food_eating - INFO - Food Eating Automation initialized
2025-09-04 18:01:25,348 - automation.food_eating - INFO - Food positions: 3 configured
2025-09-04 18:01:25,348 - automation.food_eating - INFO - Click range: 3-6
2025-09-04 18:01:25,348 - automation.food_eating - INFO - Delay range: 4.0-8.0 minutes
2025-09-04 18:01:25,348 - automation.health_monitor - INFO - Health Monitor Automation initialized
2025-09-04 18:01:25,348 - automation.workflow_manager - INFO - All automation modules initialized
2025-09-04 18:01:25,348 - automation.workflow_manager - INFO - Workflow Manager initialized
2025-09-04 18:01:25,358 - gui.main_window - INFO - Updating rune positions display. Current positions: [(1584, 437), (1591, 437), (1595, 441)]
2025-09-04 18:01:25,358 - gui.main_window - INFO - Updated display to: Positions: (1584, 437), (1591, 437), (1595, 441) (3/3)
2025-09-04 18:01:25,365 - gui.main_window - INFO - Updated rune search region display: Region: (1418, 207) - 150x371
2025-09-04 18:01:25,370 - gui.main_window - INFO - Updating food positions display. Current positions: [[1692, 745], [1693, 743], [1697, 742]]
2025-09-04 18:01:25,370 - gui.main_window - INFO - Updated display to: Positions: (1692, 745), (1693, 743), (1697, 742) (3/3)
2025-09-04 18:01:25,386 - gui.region_selector - INFO - Region overlay created at (1670, 665) - Border only
2025-09-04 18:01:25,386 - gui.main_window - INFO - Persistent overlay created at (1670, 665) - 124x43
2025-09-04 18:01:25,386 - gui.region_selector - INFO - Region overlay created at (1418, 207) - Border only
2025-09-04 18:01:25,386 - gui.main_window - INFO - Rune persistent overlay created at (1418, 207) - 150x371
2025-09-04 18:01:25,386 - automation.workflow_manager - INFO - Registered callback for health_monitor
2025-09-04 18:01:25,387 - gui.main_window - INFO - Main window initialized
2025-09-04 18:01:25,387 - cyclops - INFO - Application started successfully
2025-09-04 18:01:32,178 - gui.main_window - INFO - Starting rune position recording...
2025-09-04 18:01:32,181 - gui.region_selector - INFO - Started recording 3 rune target positions
2025-09-04 18:01:33,178 - gui.region_selector - INFO - Recorded rune target position 1 at (1489, 339)
2025-09-04 18:01:33,863 - gui.region_selector - INFO - Recorded rune target position 2 at (1493, 338)
2025-09-04 18:01:34,391 - gui.region_selector - INFO - Recorded final rune target position 3 at (1499, 335)
2025-09-04 18:01:35,923 - gui.main_window - INFO - Rune position recording callback received: [(1489, 339), (1493, 338), (1499, 335)]
2025-09-04 18:01:35,923 - automation.rune_creation - INFO - Cleared all rune positions
2025-09-04 18:01:35,925 - gui.main_window - INFO - Adding rune position 1: (1489, 339)
2025-09-04 18:01:35,927 - automation.rune_creation - INFO - Added rune position: (1489, 339)
2025-09-04 18:01:35,929 - gui.main_window - INFO - Successfully added rune position 1: (1489, 339)
2025-09-04 18:01:35,932 - gui.main_window - INFO - Adding rune position 2: (1493, 338)
2025-09-04 18:01:35,934 - automation.rune_creation - INFO - Added rune position: (1493, 338)
2025-09-04 18:01:35,936 - gui.main_window - INFO - Successfully added rune position 2: (1493, 338)
2025-09-04 18:01:35,939 - gui.main_window - INFO - Adding rune position 3: (1499, 335)
2025-09-04 18:01:35,942 - automation.rune_creation - INFO - Added rune position: (1499, 335)
2025-09-04 18:01:35,943 - gui.main_window - INFO - Successfully added rune position 3: (1499, 335)
2025-09-04 18:01:35,945 - gui.main_window - INFO - Updating rune positions display. Current positions: [(1489, 339), (1493, 338), (1499, 335)]
2025-09-04 18:01:35,948 - gui.main_window - INFO - Updated display to: Positions: (1489, 339), (1493, 338), (1499, 335) (3/3)
2025-09-04 18:01:39,900 - gui.region_selector - INFO - Region selector initialized
2025-09-04 18:01:41,958 - gui.region_selector - INFO - Region selected: X:1308, Y:213, W:142, H:94
2025-09-04 18:01:44,041 - gui.main_window - INFO - Rune search region selected: (1308, 213) - 142x94
2025-09-04 18:01:44,042 - gui.main_window - INFO - Updated rune search region display: Region: (1308, 213) - 142x94
2025-09-04 18:01:44,058 - gui.region_selector - INFO - Region overlay destroyed
2025-09-04 18:01:44,059 - gui.region_selector - INFO - Region overlay created at (1308, 213) - Border only
2025-09-04 18:01:44,060 - gui.main_window - INFO - Rune persistent overlay created at (1308, 213) - 142x94
2025-09-04 18:01:53,872 - gui.main_window - INFO - Testing rune creation logic with 3 positions...
2025-09-04 18:01:53,872 - automation.rune_creation - INFO - Starting rune creation sequence...
2025-09-04 18:01:53,914 - automation.rune_creation - INFO - Blank rune found at relative position Point(x=np.int64(26), y=np.int64(41)), absolute: (1334, 254)
2025-09-04 18:01:53,915 - automation.rune_creation - INFO - Search region: (1308, 213) - 142x94
2025-09-04 18:01:53,915 - automation.rune_creation - INFO - Found blank rune at (1334, 254)
2025-09-04 18:01:53,915 - automation.rune_creation - INFO - Selected target position: (1499, 335)
2025-09-04 18:01:53,915 - automation.rune_creation - INFO - Ensuring VM window focus at blank rune position (1334, 254)
2025-09-04 18:01:56,331 - automation.rune_creation - INFO - Performing drag and drop from (1334, 254) to (1499, 335)...
2025-09-04 18:01:59,706 - automation.rune_creation - INFO - Pressing hotkey: f6
2025-09-04 18:02:00,907 - automation.rune_creation - INFO - Rune creation sequence completed successfully
2025-09-04 18:02:00,907 - gui.main_window - INFO - Rune creation test completed successfully
2025-09-04 18:02:11,914 - gui.main_window - INFO - Testing rune creation logic with 3 positions...
2025-09-04 18:02:11,914 - automation.rune_creation - INFO - Starting rune creation sequence...
2025-09-04 18:02:11,939 - automation.rune_creation - INFO - Blank rune found at relative position Point(x=np.int64(26), y=np.int64(41)), absolute: (1334, 254)
2025-09-04 18:02:11,939 - automation.rune_creation - INFO - Search region: (1308, 213) - 142x94
2025-09-04 18:02:11,940 - automation.rune_creation - INFO - Found blank rune at (1334, 254)
2025-09-04 18:02:11,941 - automation.rune_creation - INFO - Selected target position: (1493, 338)
2025-09-04 18:02:11,942 - automation.rune_creation - INFO - Ensuring VM window focus at blank rune position (1334, 254)
2025-09-04 18:02:14,358 - automation.rune_creation - INFO - Performing drag and drop from (1334, 254) to (1493, 338)...
2025-09-04 18:02:17,734 - automation.rune_creation - INFO - Pressing hotkey: f6
2025-09-04 18:02:18,936 - automation.rune_creation - INFO - Rune creation sequence completed successfully
2025-09-04 18:02:18,936 - gui.main_window - INFO - Rune creation test completed successfully
2025-09-04 18:06:24,326 - cyclops - INFO - Starting Cyclops Desktop Automation Application
2025-09-04 18:06:24,492 - utils.config_manager - INFO - Configuration loaded from C:\Users\Lucas\Desktop\workspace\personal\cyclops\config\default_config.json
2025-09-04 18:06:24,492 - utils.config_manager - INFO - Configuration manager initialized with: C:\Users\Lucas\Desktop\workspace\personal\cyclops\config\default_config.json
2025-09-04 18:06:24,492 - core.screen_capture - INFO - Screen resolution: 1920x1080
2025-09-04 18:06:24,492 - core.ocr_engine - INFO - Tesseract path set to: C:\Program Files\Tesseract-OCR\tesseract.exe
2025-09-04 18:06:24,492 - core.ocr_engine - INFO - OCR Engine initialized with language: eng
2025-09-04 18:06:24,493 - core.computer_vision - INFO - Computer Vision engine initialized
2025-09-04 18:06:24,493 - core.input_simulator - INFO - Input Simulator initialized
2025-09-04 18:06:24,493 - core.state_monitor - INFO - State Monitor initialized
2025-09-04 18:06:24,493 - core.computer_vision - INFO - Computer Vision engine initialized
2025-09-04 18:06:24,493 - automation.rune_creation - INFO - Loaded 3 rune positions from configuration
2025-09-04 18:06:24,493 - automation.rune_creation - INFO - Rune Creation Automation initialized
2025-09-04 18:06:24,493 - automation.rune_creation - INFO - Rune positions: 3 configured
2025-09-04 18:06:24,493 - automation.rune_creation - INFO - Delay range: 2.0-5.0 minutes
2025-09-04 18:06:24,493 - automation.rune_creation - INFO - Blank rune image: C:\Users\Lucas\Desktop\workspace\personal\cyclops\blank.png
2025-09-04 18:06:24,494 - automation.food_eating - INFO - Food Eating Automation initialized
2025-09-04 18:06:24,494 - automation.food_eating - INFO - Food positions: 3 configured
2025-09-04 18:06:24,494 - automation.food_eating - INFO - Click range: 3-6
2025-09-04 18:06:24,494 - automation.food_eating - INFO - Delay range: 4.0-8.0 minutes
2025-09-04 18:06:24,494 - automation.health_monitor - INFO - Health Monitor Automation initialized
2025-09-04 18:06:24,494 - automation.workflow_manager - INFO - All automation modules initialized
2025-09-04 18:06:24,494 - automation.workflow_manager - INFO - Workflow Manager initialized
2025-09-04 18:06:24,505 - gui.main_window - INFO - Updating rune positions display. Current positions: [(1584, 437), (1591, 437), (1595, 441)]
2025-09-04 18:06:24,505 - gui.main_window - INFO - Updated display to: Positions: (1584, 437), (1591, 437), (1595, 441) (3/3)
2025-09-04 18:06:24,509 - gui.main_window - INFO - Updated rune search region display: Region: (1418, 207) - 150x371
2025-09-04 18:06:24,512 - gui.main_window - INFO - Updating food positions display. Current positions: [[1692, 745], [1693, 743], [1697, 742]]
2025-09-04 18:06:24,513 - gui.main_window - INFO - Updated display to: Positions: (1692, 745), (1693, 743), (1697, 742) (3/3)
2025-09-04 18:06:24,528 - gui.region_selector - INFO - Region overlay created at (1670, 665) - Border only
2025-09-04 18:06:24,528 - gui.main_window - INFO - Persistent overlay created at (1670, 665) - 124x43
2025-09-04 18:06:24,528 - gui.region_selector - INFO - Region overlay created at (1418, 207) - Border only
2025-09-04 18:06:24,528 - gui.main_window - INFO - Rune persistent overlay created at (1418, 207) - 150x371
2025-09-04 18:06:24,529 - automation.workflow_manager - INFO - Registered callback for health_monitor
2025-09-04 18:06:24,530 - gui.main_window - INFO - Main window initialized
2025-09-04 18:06:24,530 - cyclops - INFO - Application started successfully
2025-09-04 18:07:02,836 - gui.main_window - INFO - Starting rune position recording...
2025-09-04 18:07:02,839 - gui.region_selector - INFO - Started recording 3 rune target positions
2025-09-04 18:07:03,540 - gui.region_selector - INFO - Recorded rune target position 1 at (1721, 396)
2025-09-04 18:07:03,787 - gui.region_selector - INFO - Recorded rune target position 2 at (1721, 396)
2025-09-04 18:07:04,224 - gui.region_selector - INFO - Recorded final rune target position 3 at (1724, 394)
2025-09-04 18:07:05,746 - gui.main_window - INFO - Rune position recording callback received: [(1721, 396), (1721, 396), (1724, 394)]
2025-09-04 18:07:05,747 - automation.rune_creation - INFO - Cleared all rune positions
2025-09-04 18:07:05,750 - gui.main_window - INFO - Adding rune position 1: (1721, 396)
2025-09-04 18:07:05,753 - automation.rune_creation - INFO - Added rune position: (1721, 396)
2025-09-04 18:07:05,755 - gui.main_window - INFO - Successfully added rune position 1: (1721, 396)
2025-09-04 18:07:05,759 - gui.main_window - INFO - Adding rune position 2: (1721, 396)
2025-09-04 18:07:05,762 - automation.rune_creation - INFO - Added rune position: (1721, 396)
2025-09-04 18:07:05,765 - gui.main_window - INFO - Successfully added rune position 2: (1721, 396)
2025-09-04 18:07:05,768 - gui.main_window - INFO - Adding rune position 3: (1724, 394)
2025-09-04 18:07:05,771 - automation.rune_creation - INFO - Added rune position: (1724, 394)
2025-09-04 18:07:05,775 - gui.main_window - INFO - Successfully added rune position 3: (1724, 394)
2025-09-04 18:07:05,777 - gui.main_window - INFO - Updating rune positions display. Current positions: [(1721, 396), (1721, 396), (1724, 394)]
2025-09-04 18:07:05,780 - gui.main_window - INFO - Updated display to: Positions: (1721, 396), (1721, 396), (1724, 394) (3/3)
2025-09-04 18:07:09,851 - gui.region_selector - INFO - Region selector initialized
2025-09-04 18:07:11,111 - gui.region_selector - INFO - Region selected: X:1536, Y:280, W:134, H:71
2025-09-04 18:07:12,129 - gui.main_window - INFO - Rune search region selected: (1536, 280) - 134x71
2025-09-04 18:07:12,130 - gui.main_window - INFO - Updated rune search region display: Region: (1536, 280) - 134x71
2025-09-04 18:07:12,145 - gui.region_selector - INFO - Region overlay destroyed
2025-09-04 18:07:12,147 - gui.region_selector - INFO - Region overlay created at (1536, 280) - Border only
2025-09-04 18:07:12,148 - gui.main_window - INFO - Rune persistent overlay created at (1536, 280) - 134x71
2025-09-04 18:07:15,227 - gui.main_window - INFO - Testing blank rune detection...
2025-09-04 18:07:15,259 - automation.rune_creation - INFO - Blank rune found at relative position Point(x=np.int64(25), y=np.int64(36)), absolute: (1561, 316)
2025-09-04 18:07:15,259 - automation.rune_creation - INFO - Search region: (1536, 280) - 134x71
2025-09-04 18:07:15,260 - gui.main_window - INFO - SUCCESS: BLANK IMAGE FOUND at (1561, 316)
2025-09-04 18:07:17,923 - gui.main_window - INFO - Testing rune creation logic with 3 positions...
2025-09-04 18:07:17,923 - automation.rune_creation - INFO - Starting rune creation sequence...
2025-09-04 18:07:17,924 - automation.rune_creation - INFO - Searching for blank rune on screen...
2025-09-04 18:07:17,946 - automation.rune_creation - INFO - Blank rune found at relative position Point(x=np.int64(25), y=np.int64(36)), absolute: (1561, 316)
2025-09-04 18:07:17,947 - automation.rune_creation - INFO - Search region: (1536, 280) - 134x71
2025-09-04 18:07:17,947 - automation.rune_creation - INFO - Found blank rune at (1561, 316)
2025-09-04 18:07:17,947 - automation.rune_creation - INFO - Selected target position: (1721, 396)
2025-09-04 18:07:17,947 - automation.rune_creation - INFO - Clicking on blank rune at (1561, 316) to ensure VM window focus
2025-09-04 18:07:18,906 - automation.rune_creation - INFO - VM focus click result: True
2025-09-04 18:07:19,207 - automation.rune_creation - INFO - VM focus delay completed, proceeding with drag operation
2025-09-04 18:07:19,207 - automation.rune_creation - INFO - Performing drag and drop from (1561, 316) to (1721, 396)...
2025-09-04 18:07:22,582 - automation.rune_creation - INFO - Pressing hotkey: f6
2025-09-04 18:07:23,784 - automation.rune_creation - INFO - Rune creation sequence completed successfully
2025-09-04 18:07:23,784 - gui.main_window - INFO - Rune creation test completed successfully
2025-09-04 18:29:49,960 - cyclops - INFO - Starting Cyclops Desktop Automation Application
2025-09-04 18:29:50,150 - utils.config_manager - INFO - Configuration loaded from C:\Users\Lucas\Desktop\workspace\personal\cyclops\config\default_config.json
2025-09-04 18:29:50,150 - utils.config_manager - INFO - Configuration manager initialized with: C:\Users\Lucas\Desktop\workspace\personal\cyclops\config\default_config.json
2025-09-04 18:29:50,150 - core.screen_capture - INFO - Screen resolution: 1920x1080
2025-09-04 18:29:50,150 - core.ocr_engine - INFO - Tesseract path set to: C:\Program Files\Tesseract-OCR\tesseract.exe
2025-09-04 18:29:50,150 - core.ocr_engine - INFO - OCR Engine initialized with language: eng
2025-09-04 18:29:50,150 - core.computer_vision - INFO - Computer Vision engine initialized
2025-09-04 18:29:50,150 - core.window_focus - INFO - Window Focus Handler initialized
2025-09-04 18:29:50,150 - core.input_simulator - INFO - Input Simulator initialized
2025-09-04 18:29:50,151 - core.state_monitor - INFO - State Monitor initialized
2025-09-04 18:29:50,151 - core.computer_vision - INFO - Computer Vision engine initialized
2025-09-04 18:29:50,151 - automation.rune_creation - INFO - Loaded 3 rune positions from configuration
2025-09-04 18:29:50,151 - automation.rune_creation - INFO - Rune Creation Automation initialized
2025-09-04 18:29:50,151 - automation.rune_creation - INFO - Rune positions: 3 configured
2025-09-04 18:29:50,151 - automation.rune_creation - INFO - Delay range: 2.0-5.0 minutes
2025-09-04 18:29:50,151 - automation.rune_creation - INFO - Blank rune image: C:\Users\Lucas\Desktop\workspace\personal\cyclops\blank.png
2025-09-04 18:29:50,151 - automation.food_eating - INFO - Food Eating Automation initialized
2025-09-04 18:29:50,151 - automation.food_eating - INFO - Food positions: 3 configured
2025-09-04 18:29:50,151 - automation.food_eating - INFO - Click range: 3-6
2025-09-04 18:29:50,151 - automation.food_eating - INFO - Delay range: 4.0-8.0 minutes
2025-09-04 18:29:50,151 - automation.health_monitor - INFO - Health Monitor Automation initialized
2025-09-04 18:29:50,151 - automation.workflow_manager - INFO - All automation modules initialized
2025-09-04 18:29:50,151 - automation.workflow_manager - INFO - Workflow Manager initialized
2025-09-04 18:29:50,159 - gui.main_window - INFO - Updating rune positions display. Current positions: [(1584, 437), (1591, 437), (1595, 441)]
2025-09-04 18:29:50,160 - gui.main_window - INFO - Updated display to: Positions: (1584, 437), (1591, 437), (1595, 441) (3/3)
2025-09-04 18:29:50,165 - gui.main_window - INFO - Updated rune search region display: Region: (1418, 207) - 150x371
2025-09-04 18:29:50,172 - gui.main_window - INFO - Refreshing window list...
2025-09-04 18:29:50,186 - gui.main_window - INFO - Loaded 25 windows
2025-09-04 18:29:50,187 - gui.main_window - INFO - Updating food positions display. Current positions: [[1692, 745], [1693, 743], [1697, 742]]
2025-09-04 18:29:50,187 - gui.main_window - INFO - Updated display to: Positions: (1692, 745), (1693, 743), (1697, 742) (3/3)
2025-09-04 18:29:50,201 - gui.region_selector - INFO - Region overlay created at (1670, 665) - Border only
2025-09-04 18:29:50,202 - gui.main_window - INFO - Persistent overlay created at (1670, 665) - 124x43
2025-09-04 18:29:50,202 - gui.region_selector - INFO - Region overlay created at (1418, 207) - Border only
2025-09-04 18:29:50,202 - gui.main_window - INFO - Rune persistent overlay created at (1418, 207) - 150x371
2025-09-04 18:29:50,202 - automation.workflow_manager - INFO - Registered callback for health_monitor
2025-09-04 18:29:50,202 - gui.main_window - INFO - Main window initialized
2025-09-04 18:29:50,202 - cyclops - INFO - Application started successfully
2025-09-04 18:29:58,670 - gui.main_window - INFO - Starting rune position recording...
2025-09-04 18:29:58,674 - gui.region_selector - INFO - Started recording 3 rune target positions
2025-09-04 18:29:59,796 - gui.region_selector - INFO - Recorded rune target position 1 at (1637, 381)
2025-09-04 18:30:00,065 - gui.region_selector - INFO - Recorded rune target position 2 at (1638, 381)
2025-09-04 18:30:00,369 - gui.region_selector - INFO - Recorded final rune target position 3 at (1643, 373)
2025-09-04 18:30:01,899 - gui.main_window - INFO - Rune position recording callback received: [(1637, 381), (1638, 381), (1643, 373)]
2025-09-04 18:30:01,899 - automation.rune_creation - INFO - Cleared all rune positions
2025-09-04 18:30:01,903 - gui.main_window - INFO - Adding rune position 1: (1637, 381)
2025-09-04 18:30:01,905 - automation.rune_creation - INFO - Added rune position: (1637, 381)
2025-09-04 18:30:01,909 - gui.main_window - INFO - Successfully added rune position 1: (1637, 381)
2025-09-04 18:30:01,912 - gui.main_window - INFO - Adding rune position 2: (1638, 381)
2025-09-04 18:30:01,915 - automation.rune_creation - INFO - Added rune position: (1638, 381)
2025-09-04 18:30:01,916 - gui.main_window - INFO - Successfully added rune position 2: (1638, 381)
2025-09-04 18:30:01,919 - gui.main_window - INFO - Adding rune position 3: (1643, 373)
2025-09-04 18:30:01,921 - automation.rune_creation - INFO - Added rune position: (1643, 373)
2025-09-04 18:30:01,923 - gui.main_window - INFO - Successfully added rune position 3: (1643, 373)
2025-09-04 18:30:01,924 - gui.main_window - INFO - Updating rune positions display. Current positions: [(1637, 381), (1638, 381), (1643, 373)]
2025-09-04 18:30:01,926 - gui.main_window - INFO - Updated display to: Positions: (1637, 381), (1638, 381), (1643, 373) (3/3)
2025-09-04 18:30:04,769 - gui.region_selector - INFO - Region selector initialized
2025-09-04 18:30:06,292 - gui.region_selector - INFO - Region selected: X:1434, Y:256, W:177, H:95
2025-09-04 18:30:07,685 - gui.main_window - INFO - Rune search region selected: (1434, 256) - 177x95
2025-09-04 18:30:07,686 - gui.main_window - INFO - Updated rune search region display: Region: (1434, 256) - 177x95
2025-09-04 18:30:07,705 - gui.region_selector - INFO - Region overlay destroyed
2025-09-04 18:30:07,707 - gui.region_selector - INFO - Region overlay created at (1434, 256) - Border only
2025-09-04 18:30:07,708 - gui.main_window - INFO - Rune persistent overlay created at (1434, 256) - 177x95
2025-09-04 18:30:10,184 - gui.main_window - INFO - Testing blank rune detection...
2025-09-04 18:30:10,211 - automation.rune_creation - INFO - Blank rune found at relative position Point(x=np.int64(44), y=np.int64(43)), absolute: (1478, 299)
2025-09-04 18:30:10,211 - automation.rune_creation - INFO - Search region: (1434, 256) - 177x95
2025-09-04 18:30:10,212 - gui.main_window - INFO - SUCCESS: BLANK IMAGE FOUND at (1478, 299)
2025-09-04 18:30:20,253 - gui.main_window - INFO - Testing window focus for: 'Lucas 2'
2025-09-04 18:30:20,255 - core.window_focus - INFO - Found partial match: 'Lucas 2 - VMware Workstation' (searching for 'Lucas 2')
2025-09-04 18:30:20,256 - core.window_focus - INFO - Bringing window to foreground: 'Lucas 2 - VMware Workstation'
2025-09-04 18:30:20,460 - core.window_focus - INFO - Successfully brought 'Lucas 2 - VMware Workstation' to foreground
2025-09-04 18:30:41,118 - gui.main_window - INFO - Testing rune creation logic with 3 positions...
2025-09-04 18:30:41,118 - automation.rune_creation - INFO - Starting rune creation sequence...
2025-09-04 18:30:41,119 - automation.rune_creation - INFO - Searching for blank rune on screen...
2025-09-04 18:30:41,139 - automation.rune_creation - INFO - Blank rune found at relative position Point(x=np.int64(44), y=np.int64(43)), absolute: (1478, 299)
2025-09-04 18:30:41,139 - automation.rune_creation - INFO - Search region: (1434, 256) - 177x95
2025-09-04 18:30:41,139 - automation.rune_creation - INFO - Found blank rune at (1478, 299)
2025-09-04 18:30:41,139 - automation.rune_creation - INFO - Selected target position: (1638, 381)
2025-09-04 18:30:41,140 - automation.rune_creation - INFO - Clicking on blank rune at (1478, 299) to ensure VM window focus
2025-09-04 18:30:42,099 - automation.rune_creation - INFO - VM focus click result: True
2025-09-04 18:30:42,400 - automation.rune_creation - INFO - VM focus delay completed, proceeding with drag operation
2025-09-04 18:30:42,400 - automation.rune_creation - INFO - Performing drag and drop from (1478, 299) to (1638, 381)...
2025-09-04 18:30:45,774 - automation.rune_creation - INFO - Pressing hotkey: f6
2025-09-04 18:30:46,976 - automation.rune_creation - INFO - Rune creation sequence completed successfully
2025-09-04 18:30:46,976 - gui.main_window - INFO - Rune creation test completed successfully
2025-09-04 18:32:04,824 - cyclops - INFO - Starting Cyclops Desktop Automation Application
2025-09-04 18:32:04,999 - utils.config_manager - INFO - Configuration loaded from C:\Users\Lucas\Desktop\workspace\personal\cyclops\config\default_config.json
2025-09-04 18:32:04,999 - utils.config_manager - INFO - Configuration manager initialized with: C:\Users\Lucas\Desktop\workspace\personal\cyclops\config\default_config.json
2025-09-04 18:32:04,999 - core.screen_capture - INFO - Screen resolution: 1920x1080
2025-09-04 18:32:04,999 - core.ocr_engine - INFO - Tesseract path set to: C:\Program Files\Tesseract-OCR\tesseract.exe
2025-09-04 18:32:04,999 - core.ocr_engine - INFO - OCR Engine initialized with language: eng
2025-09-04 18:32:04,999 - core.computer_vision - INFO - Computer Vision engine initialized
2025-09-04 18:32:05,000 - core.window_focus - INFO - Window Focus Handler initialized
2025-09-04 18:32:05,000 - core.input_simulator - INFO - Input Simulator initialized
2025-09-04 18:32:05,000 - core.state_monitor - INFO - State Monitor initialized
2025-09-04 18:32:05,000 - core.computer_vision - INFO - Computer Vision engine initialized
2025-09-04 18:32:05,000 - automation.rune_creation - INFO - Loaded 3 rune positions from configuration
2025-09-04 18:32:05,000 - automation.rune_creation - INFO - Rune Creation Automation initialized
2025-09-04 18:32:05,000 - automation.rune_creation - INFO - Rune positions: 3 configured
2025-09-04 18:32:05,000 - automation.rune_creation - INFO - Delay range: 2.0-5.0 minutes
2025-09-04 18:32:05,000 - automation.rune_creation - INFO - Blank rune image: C:\Users\Lucas\Desktop\workspace\personal\cyclops\blank.png
2025-09-04 18:32:05,000 - automation.food_eating - INFO - Food Eating Automation initialized
2025-09-04 18:32:05,000 - automation.food_eating - INFO - Food positions: 3 configured
2025-09-04 18:32:05,000 - automation.food_eating - INFO - Click range: 3-6
2025-09-04 18:32:05,001 - automation.food_eating - INFO - Delay range: 4.0-8.0 minutes
2025-09-04 18:32:05,001 - automation.health_monitor - INFO - Health Monitor Automation initialized
2025-09-04 18:32:05,001 - automation.workflow_manager - INFO - All automation modules initialized
2025-09-04 18:32:05,001 - automation.workflow_manager - INFO - Workflow Manager initialized
2025-09-04 18:32:05,010 - gui.main_window - INFO - Updating rune positions display. Current positions: [(1584, 437), (1591, 437), (1595, 441)]
2025-09-04 18:32:05,010 - gui.main_window - INFO - Updated display to: Positions: (1584, 437), (1591, 437), (1595, 441) (3/3)
2025-09-04 18:32:05,014 - gui.main_window - INFO - Updated rune search region display: Region: (1418, 207) - 150x371
2025-09-04 18:32:05,021 - gui.main_window - INFO - Refreshing window list...
2025-09-04 18:32:05,025 - gui.main_window - INFO - Loaded 25 windows
2025-09-04 18:32:05,026 - gui.main_window - INFO - Updating food positions display. Current positions: [[1692, 745], [1693, 743], [1697, 742]]
2025-09-04 18:32:05,026 - gui.main_window - INFO - Updated display to: Positions: (1692, 745), (1693, 743), (1697, 742) (3/3)
2025-09-04 18:32:05,042 - gui.region_selector - INFO - Region overlay created at (1670, 665) - Border only
2025-09-04 18:32:05,042 - gui.main_window - INFO - Persistent overlay created at (1670, 665) - 124x43
2025-09-04 18:32:05,043 - gui.region_selector - INFO - Region overlay created at (1418, 207) - Border only
2025-09-04 18:32:05,043 - gui.main_window - INFO - Rune persistent overlay created at (1418, 207) - 150x371
2025-09-04 18:32:05,043 - automation.workflow_manager - INFO - Registered callback for health_monitor
2025-09-04 18:32:05,043 - gui.main_window - INFO - Main window initialized
2025-09-04 18:32:05,043 - cyclops - INFO - Application started successfully
2025-09-04 18:32:12,870 - gui.main_window - INFO - Testing window focus for: 'Lucas  2'
2025-09-04 18:32:12,872 - core.window_focus - WARNING - No window found matching 'Lucas  2'
2025-09-04 18:32:20,422 - gui.main_window - INFO - Testing window focus for: 'Lucas 2'
2025-09-04 18:32:20,424 - core.window_focus - INFO - Found partial match: 'Lucas 2 - VMware Workstation' (searching for 'Lucas 2')
2025-09-04 18:32:20,424 - core.window_focus - INFO - Bringing window to foreground: 'Lucas 2 - VMware Workstation'
2025-09-04 18:32:20,630 - core.window_focus - INFO - Successfully brought 'Lucas 2 - VMware Workstation' to foreground
2025-09-04 18:32:26,683 - gui.main_window - INFO - Starting rune position recording...
2025-09-04 18:32:26,686 - gui.region_selector - INFO - Started recording 3 rune target positions
2025-09-04 18:32:28,120 - gui.region_selector - INFO - Recorded rune target position 1 at (1215, 774)
2025-09-04 18:32:28,928 - gui.region_selector - INFO - Recorded rune target position 2 at (1207, 775)
2025-09-04 18:32:29,514 - gui.region_selector - INFO - Recorded final rune target position 3 at (1219, 775)
2025-09-04 18:32:30,135 - gui.region_selector - INFO - Recorded final rune target position 3 at (1209, 776)
2025-09-04 18:32:31,045 - gui.main_window - INFO - Rune position recording callback received: [(1215, 774), (1207, 775), (1219, 775), (1209, 776)]
2025-09-04 18:32:31,045 - automation.rune_creation - INFO - Cleared all rune positions
2025-09-04 18:32:31,049 - gui.main_window - INFO - Adding rune position 1: (1215, 774)
2025-09-04 18:32:31,053 - automation.rune_creation - INFO - Added rune position: (1215, 774)
2025-09-04 18:32:31,055 - gui.main_window - INFO - Successfully added rune position 1: (1215, 774)
2025-09-04 18:32:31,056 - gui.main_window - INFO - Adding rune position 2: (1207, 775)
2025-09-04 18:32:31,060 - automation.rune_creation - INFO - Added rune position: (1207, 775)
2025-09-04 18:32:31,063 - gui.main_window - INFO - Successfully added rune position 2: (1207, 775)
2025-09-04 18:32:31,066 - gui.main_window - INFO - Adding rune position 3: (1219, 775)
2025-09-04 18:32:31,070 - automation.rune_creation - INFO - Added rune position: (1219, 775)
2025-09-04 18:32:31,073 - gui.main_window - INFO - Successfully added rune position 3: (1219, 775)
2025-09-04 18:32:31,076 - gui.main_window - INFO - Adding rune position 4: (1209, 776)
2025-09-04 18:32:31,078 - automation.rune_creation - WARNING - Maximum of 3 rune positions allowed
2025-09-04 18:32:31,081 - gui.main_window - WARNING - Failed to add rune position 4: (1209, 776)
2025-09-04 18:32:31,083 - gui.main_window - INFO - Updating rune positions display. Current positions: [(1215, 774), (1207, 775), (1219, 775)]
2025-09-04 18:32:31,085 - gui.main_window - INFO - Updated display to: Positions: (1215, 774), (1207, 775), (1219, 775) (3/3)
2025-09-04 18:32:42,166 - automation.rune_creation - INFO - Cleared all rune positions
2025-09-04 18:32:42,166 - gui.main_window - INFO - Updating rune positions display. Current positions: []
2025-09-04 18:32:42,168 - gui.main_window - INFO - Updated display to: No positions configured (0/3)
2025-09-04 18:32:44,466 - gui.main_window - INFO - Starting rune position recording...
2025-09-04 18:32:44,469 - gui.region_selector - INFO - Started recording 3 rune target positions
2025-09-04 18:32:49,080 - gui.region_selector - INFO - Recorded rune target position 1 at (1636, 381)
2025-09-04 18:32:49,403 - gui.region_selector - INFO - Recorded rune target position 2 at (1636, 381)
2025-09-04 18:32:49,801 - gui.region_selector - INFO - Recorded final rune target position 3 at (1641, 380)
2025-09-04 18:32:51,323 - gui.main_window - INFO - Rune position recording callback received: [(1636, 381), (1636, 381), (1641, 380)]
2025-09-04 18:32:51,323 - automation.rune_creation - INFO - Cleared all rune positions
2025-09-04 18:32:51,326 - gui.main_window - INFO - Adding rune position 1: (1636, 381)
2025-09-04 18:32:51,326 - automation.rune_creation - INFO - Added rune position: (1636, 381)
2025-09-04 18:32:51,330 - gui.main_window - INFO - Successfully added rune position 1: (1636, 381)
2025-09-04 18:32:51,333 - gui.main_window - INFO - Adding rune position 2: (1636, 381)
2025-09-04 18:32:51,336 - automation.rune_creation - INFO - Added rune position: (1636, 381)
2025-09-04 18:32:51,338 - gui.main_window - INFO - Successfully added rune position 2: (1636, 381)
2025-09-04 18:32:51,340 - gui.main_window - INFO - Adding rune position 3: (1641, 380)
2025-09-04 18:32:51,343 - automation.rune_creation - INFO - Added rune position: (1641, 380)
2025-09-04 18:32:51,345 - gui.main_window - INFO - Successfully added rune position 3: (1641, 380)
2025-09-04 18:32:51,347 - gui.main_window - INFO - Updating rune positions display. Current positions: [(1636, 381), (1636, 381), (1641, 380)]
2025-09-04 18:32:51,350 - gui.main_window - INFO - Updated display to: Positions: (1636, 381), (1636, 381), (1641, 380) (3/3)
2025-09-04 18:32:53,925 - gui.region_selector - INFO - Region selector initialized
2025-09-04 18:32:55,016 - gui.region_selector - INFO - Region selected: X:1449, Y:259, W:58, H:62
2025-09-04 18:32:56,965 - gui.main_window - INFO - Rune search region selected: (1449, 259) - 58x62
2025-09-04 18:32:56,965 - gui.main_window - INFO - Updated rune search region display: Region: (1449, 259) - 58x62
2025-09-04 18:32:56,981 - gui.region_selector - INFO - Region overlay destroyed
2025-09-04 18:32:56,982 - gui.region_selector - INFO - Region overlay created at (1449, 259) - Border only
2025-09-04 18:32:56,983 - gui.main_window - INFO - Rune persistent overlay created at (1449, 259) - 58x62
2025-09-04 18:32:58,572 - gui.main_window - INFO - Testing blank rune detection...
2025-09-04 18:32:58,612 - automation.rune_creation - INFO - Blank rune found at relative position Point(x=np.int64(29), y=np.int64(40)), absolute: (1478, 299)
2025-09-04 18:32:58,612 - automation.rune_creation - INFO - Search region: (1449, 259) - 58x62
2025-09-04 18:32:58,613 - gui.main_window - INFO - SUCCESS: BLANK IMAGE FOUND at (1478, 299)
2025-09-04 18:33:03,875 - gui.main_window - INFO - Testing rune creation logic with 3 positions...
2025-09-04 18:33:03,875 - automation.rune_creation - INFO - Starting rune creation sequence...
2025-09-04 18:33:03,876 - automation.rune_creation - INFO - Searching for blank rune on screen...
2025-09-04 18:33:03,896 - automation.rune_creation - INFO - Blank rune found at relative position Point(x=np.int64(29), y=np.int64(40)), absolute: (1478, 299)
2025-09-04 18:33:03,896 - automation.rune_creation - INFO - Search region: (1449, 259) - 58x62
2025-09-04 18:33:03,897 - automation.rune_creation - INFO - Found blank rune at (1478, 299)
2025-09-04 18:33:03,897 - automation.rune_creation - INFO - Selected target position: (1636, 381)
2025-09-04 18:33:03,897 - automation.rune_creation - INFO - Clicking on blank rune at (1478, 299) to ensure VM window focus
2025-09-04 18:33:04,857 - automation.rune_creation - INFO - VM focus click result: True
2025-09-04 18:33:05,157 - automation.rune_creation - INFO - VM focus delay completed, proceeding with drag operation
2025-09-04 18:33:05,157 - automation.rune_creation - INFO - Performing drag and drop from (1478, 299) to (1636, 381)...
2025-09-04 18:33:08,533 - automation.rune_creation - INFO - Pressing hotkey: f6
2025-09-04 18:33:09,735 - automation.rune_creation - INFO - Rune creation sequence completed successfully
2025-09-04 18:33:09,735 - gui.main_window - INFO - Rune creation test completed successfully
2025-09-04 18:33:27,615 - gui.main_window - INFO - Updated health_monitoring.enabled = False
2025-09-04 18:33:28,441 - gui.main_window - INFO - Updated rune_creation.enabled = True
2025-09-04 18:33:31,845 - gui.main_window - INFO - Starting automations: ['rune_creation']
2025-09-04 18:33:31,845 - automation.workflow_manager - INFO - Created custom workflow: custom_automation
2025-09-04 18:33:31,846 - automation.workflow_manager - INFO - Starting workflow: custom_automation
2025-09-04 18:33:31,846 - automation.workflow_manager - INFO - Running automation: rune_creation
2025-09-04 18:33:31,846 - automation.workflow_manager - INFO - Started automation: rune_creation
2025-09-04 18:33:31,847 - automation.rune_creation - INFO - Starting rune creation automation
2025-09-04 18:33:31,847 - automation.workflow_manager - INFO - Workflow 'custom_automation' started successfully
2025-09-04 18:33:31,847 - automation.rune_creation - INFO - Next rune creation scheduled in 3.3 minutes
2025-09-04 18:36:49,919 - automation.rune_creation - INFO - Starting rune creation sequence...
2025-09-04 18:36:49,919 - automation.rune_creation - INFO - Searching for blank rune on screen...
2025-09-04 18:36:49,954 - automation.rune_creation - INFO - Blank rune found at relative position Point(x=np.int64(29), y=np.int64(40)), absolute: (1478, 299)
2025-09-04 18:36:49,954 - automation.rune_creation - INFO - Search region: (1449, 259) - 58x62
2025-09-04 18:36:49,955 - automation.rune_creation - INFO - Found blank rune at (1478, 299)
2025-09-04 18:36:49,955 - automation.rune_creation - INFO - Selected target position: (1636, 381)
2025-09-04 18:36:49,955 - automation.rune_creation - INFO - Clicking on blank rune at (1478, 299) to ensure VM window focus
2025-09-04 18:36:50,915 - automation.rune_creation - INFO - VM focus click result: True
2025-09-04 18:36:51,216 - automation.rune_creation - INFO - VM focus delay completed, proceeding with drag operation
2025-09-04 18:36:51,216 - automation.rune_creation - INFO - Performing drag and drop from (1478, 299) to (1636, 381)...
2025-09-04 18:36:54,595 - automation.rune_creation - INFO - Pressing hotkey: f6
2025-09-04 18:36:55,797 - automation.rune_creation - INFO - Rune creation sequence completed successfully
2025-09-04 18:36:55,797 - automation.rune_creation - INFO - Rune created successfully (total: 1)
2025-09-04 18:36:55,798 - automation.rune_creation - INFO - Next rune creation scheduled in 2.2 minutes
2025-09-04 18:38:55,126 - cyclops - INFO - Starting Cyclops Desktop Automation Application
2025-09-04 18:38:55,294 - utils.config_manager - INFO - Configuration loaded from C:\Users\Lucas\Desktop\workspace\personal\cyclops\config\default_config.json
2025-09-04 18:38:55,294 - utils.config_manager - INFO - Configuration manager initialized with: C:\Users\Lucas\Desktop\workspace\personal\cyclops\config\default_config.json
2025-09-04 18:38:55,294 - core.screen_capture - INFO - Screen resolution: 1920x1080
2025-09-04 18:38:55,294 - core.ocr_engine - INFO - Tesseract path set to: C:\Program Files\Tesseract-OCR\tesseract.exe
2025-09-04 18:38:55,294 - core.ocr_engine - INFO - OCR Engine initialized with language: eng
2025-09-04 18:38:55,294 - core.computer_vision - INFO - Computer Vision engine initialized
2025-09-04 18:38:55,295 - core.window_focus - INFO - Window Focus Handler initialized
2025-09-04 18:38:55,295 - core.input_simulator - INFO - Input Simulator initialized
2025-09-04 18:38:55,295 - core.state_monitor - INFO - State Monitor initialized
2025-09-04 18:38:55,295 - core.computer_vision - INFO - Computer Vision engine initialized
2025-09-04 18:38:55,295 - automation.rune_creation - INFO - Loaded 3 rune positions from configuration
2025-09-04 18:38:55,295 - automation.rune_creation - INFO - Rune Creation Automation initialized
2025-09-04 18:38:55,295 - automation.rune_creation - INFO - Rune positions: 3 configured
2025-09-04 18:38:55,295 - automation.rune_creation - INFO - Delay range: 2.0-5.0 minutes
2025-09-04 18:38:55,295 - automation.rune_creation - INFO - Blank rune image: C:\Users\Lucas\Desktop\workspace\personal\cyclops\blank.png
2025-09-04 18:38:55,295 - automation.food_eating - INFO - Food Eating Automation initialized
2025-09-04 18:38:55,295 - automation.food_eating - INFO - Food positions: 3 configured
2025-09-04 18:38:55,295 - automation.food_eating - INFO - Click range: 3-6
2025-09-04 18:38:55,295 - automation.food_eating - INFO - Delay range: 4.0-8.0 minutes
2025-09-04 18:38:55,295 - automation.health_monitor - INFO - Health Monitor Automation initialized
2025-09-04 18:38:55,295 - automation.workflow_manager - INFO - All automation modules initialized
2025-09-04 18:38:55,295 - automation.workflow_manager - INFO - Workflow Manager initialized
2025-09-04 18:38:55,304 - gui.main_window - INFO - Updating rune positions display. Current positions: [(1584, 437), (1591, 437), (1595, 441)]
2025-09-04 18:38:55,304 - gui.main_window - INFO - Updated display to: Positions: (1584, 437), (1591, 437), (1595, 441) (3/3)
2025-09-04 18:38:55,308 - gui.main_window - INFO - Updated rune search region display: Region: (1418, 207) - 150x371
2025-09-04 18:38:55,313 - gui.main_window - INFO - Refreshing window list...
2025-09-04 18:38:55,318 - gui.main_window - INFO - Loaded 25 windows
2025-09-04 18:38:55,319 - gui.main_window - INFO - Updating food positions display. Current positions: [[1692, 745], [1693, 743], [1697, 742]]
2025-09-04 18:38:55,319 - gui.main_window - INFO - Updated display to: Positions: (1692, 745), (1693, 743), (1697, 742) (3/3)
2025-09-04 18:38:55,331 - gui.region_selector - INFO - Region overlay created at (1670, 665) - Border only
2025-09-04 18:38:55,331 - gui.main_window - INFO - Persistent overlay created at (1670, 665) - 124x43
2025-09-04 18:38:55,331 - gui.region_selector - INFO - Region overlay created at (1418, 207) - Border only
2025-09-04 18:38:55,332 - gui.main_window - INFO - Rune persistent overlay created at (1418, 207) - 150x371
2025-09-04 18:38:55,332 - automation.workflow_manager - INFO - Registered callback for health_monitor
2025-09-04 18:38:55,332 - gui.main_window - INFO - Main window initialized
2025-09-04 18:38:55,332 - cyclops - INFO - Application started successfully
2025-09-04 18:39:07,611 - gui.main_window - INFO - Testing window focus for: 'Lucas 2'
2025-09-04 18:39:07,614 - core.window_focus - INFO - Found partial match: 'Lucas 2 - VMware Workstation' (searching for 'Lucas 2')
2025-09-04 18:39:07,614 - core.window_focus - INFO - Bringing window to foreground: 'Lucas 2 - VMware Workstation'
2025-09-04 18:39:07,822 - core.window_focus - INFO - Successfully brought 'Lucas 2 - VMware Workstation' to foreground
2025-09-04 18:39:12,571 - gui.main_window - INFO - Testing blank rune detection...
2025-09-04 18:39:12,607 - automation.rune_creation - INFO - Blank rune found at relative position Point(x=np.int64(60), y=np.int64(92)), absolute: (1478, 299)
2025-09-04 18:39:12,607 - automation.rune_creation - INFO - Search region: (1418, 207) - 150x371
2025-09-04 18:39:12,607 - gui.main_window - INFO - SUCCESS: BLANK IMAGE FOUND at (1478, 299)
2025-09-04 18:39:14,959 - gui.main_window - INFO - Testing rune creation logic with 3 positions...
2025-09-04 18:39:14,959 - automation.rune_creation - INFO - Starting rune creation sequence...
2025-09-04 18:39:14,960 - automation.rune_creation - INFO - Ensuring target window focus: 'VMware Workstation'
2025-09-04 18:39:14,960 - core.input_simulator - INFO - Ensuring target window focus: 'VMware Workstation'
2025-09-04 18:39:14,962 - core.window_focus - INFO - Found partial match: 'Lucas 2 - VMware Workstation' (searching for 'VMware Workstation')
2025-09-04 18:39:14,962 - core.window_focus - INFO - Bringing window to foreground: 'Lucas 2 - VMware Workstation'
2025-09-04 18:39:15,170 - core.window_focus - INFO - Successfully brought 'Lucas 2 - VMware Workstation' to foreground
2025-09-04 18:39:15,670 - core.input_simulator - INFO - Target window focused successfully
2025-09-04 18:39:15,670 - automation.rune_creation - INFO - Target window focused successfully
2025-09-04 18:39:15,671 - automation.rune_creation - INFO - Searching for blank rune on screen...
2025-09-04 18:39:15,699 - automation.rune_creation - INFO - Blank rune found at relative position Point(x=np.int64(60), y=np.int64(92)), absolute: (1478, 299)
2025-09-04 18:39:15,699 - automation.rune_creation - INFO - Search region: (1418, 207) - 150x371
2025-09-04 18:39:15,700 - automation.rune_creation - INFO - Found blank rune at (1478, 299)
2025-09-04 18:39:15,701 - automation.rune_creation - INFO - Selected target position: (1595, 441)
2025-09-04 18:39:15,701 - automation.rune_creation - INFO - Clicking on blank rune at (1478, 299) to ensure VM window focus
2025-09-04 18:39:16,656 - automation.rune_creation - INFO - VM focus click result: True
2025-09-04 18:39:16,957 - automation.rune_creation - INFO - VM focus delay completed, proceeding with drag operation
2025-09-04 18:39:16,957 - automation.rune_creation - INFO - Performing drag and drop from (1478, 299) to (1595, 441)...
2025-09-04 18:39:20,329 - automation.rune_creation - INFO - Pressing hotkey: f6
2025-09-04 18:39:21,531 - automation.rune_creation - INFO - Rune creation sequence completed successfully
2025-09-04 18:39:21,531 - gui.main_window - INFO - Rune creation test completed successfully
2025-09-04 18:39:25,977 - gui.main_window - INFO - Testing rune creation logic with 3 positions...
2025-09-04 18:39:25,977 - automation.rune_creation - INFO - Starting rune creation sequence...
2025-09-04 18:39:25,978 - automation.rune_creation - INFO - Ensuring target window focus: 'VMware Workstation'
2025-09-04 18:39:25,978 - core.input_simulator - INFO - Ensuring target window focus: 'VMware Workstation'
2025-09-04 18:39:25,979 - core.window_focus - INFO - Found partial match: 'Lucas 2 - VMware Workstation' (searching for 'VMware Workstation')
2025-09-04 18:39:25,979 - core.window_focus - INFO - Bringing window to foreground: 'Lucas 2 - VMware Workstation'
2025-09-04 18:39:26,184 - core.window_focus - INFO - Successfully brought 'Lucas 2 - VMware Workstation' to foreground
2025-09-04 18:39:26,684 - core.input_simulator - INFO - Target window focused successfully
2025-09-04 18:39:26,684 - automation.rune_creation - INFO - Target window focused successfully
2025-09-04 18:39:26,685 - automation.rune_creation - INFO - Searching for blank rune on screen...
2025-09-04 18:39:26,712 - automation.rune_creation - INFO - Blank rune found at relative position Point(x=np.int64(60), y=np.int64(92)), absolute: (1478, 299)
2025-09-04 18:39:26,712 - automation.rune_creation - INFO - Search region: (1418, 207) - 150x371
2025-09-04 18:39:26,713 - automation.rune_creation - INFO - Found blank rune at (1478, 299)
2025-09-04 18:39:26,713 - automation.rune_creation - INFO - Selected target position: (1595, 441)
2025-09-04 18:39:26,713 - automation.rune_creation - INFO - Clicking on blank rune at (1478, 299) to ensure VM window focus
2025-09-04 18:39:27,671 - automation.rune_creation - INFO - VM focus click result: True
2025-09-04 18:39:27,972 - automation.rune_creation - INFO - VM focus delay completed, proceeding with drag operation
2025-09-04 18:39:27,972 - automation.rune_creation - INFO - Performing drag and drop from (1478, 299) to (1595, 441)...
2025-09-04 18:39:31,347 - automation.rune_creation - INFO - Pressing hotkey: f6
2025-09-04 18:39:32,549 - automation.rune_creation - INFO - Rune creation sequence completed successfully
2025-09-04 18:39:32,549 - gui.main_window - INFO - Rune creation test completed successfully
2025-09-04 18:39:38,248 - gui.main_window - INFO - Testing rune creation logic with 3 positions...
2025-09-04 18:39:38,248 - automation.rune_creation - INFO - Starting rune creation sequence...
2025-09-04 18:39:38,249 - automation.rune_creation - INFO - Ensuring target window focus: 'VMware Workstation'
2025-09-04 18:39:38,249 - core.input_simulator - INFO - Ensuring target window focus: 'VMware Workstation'
2025-09-04 18:39:38,251 - core.window_focus - INFO - Found partial match: 'Lucas 2 - VMware Workstation' (searching for 'VMware Workstation')
2025-09-04 18:39:38,251 - core.window_focus - INFO - Bringing window to foreground: 'Lucas 2 - VMware Workstation'
2025-09-04 18:39:38,455 - core.window_focus - INFO - Successfully brought 'Lucas 2 - VMware Workstation' to foreground
2025-09-04 18:39:38,956 - core.input_simulator - INFO - Target window focused successfully
2025-09-04 18:39:38,956 - automation.rune_creation - INFO - Target window focused successfully
2025-09-04 18:39:38,957 - automation.rune_creation - INFO - Searching for blank rune on screen...
2025-09-04 18:39:38,984 - automation.rune_creation - INFO - Blank rune found at relative position Point(x=np.int64(60), y=np.int64(92)), absolute: (1478, 299)
2025-09-04 18:39:38,984 - automation.rune_creation - INFO - Search region: (1418, 207) - 150x371
2025-09-04 18:39:38,985 - automation.rune_creation - INFO - Found blank rune at (1478, 299)
2025-09-04 18:39:38,985 - automation.rune_creation - INFO - Selected target position: (1584, 437)
2025-09-04 18:39:38,985 - automation.rune_creation - INFO - Clicking on blank rune at (1478, 299) to ensure VM window focus
2025-09-04 18:39:39,944 - automation.rune_creation - INFO - VM focus click result: True
2025-09-04 18:39:40,245 - automation.rune_creation - INFO - VM focus delay completed, proceeding with drag operation
2025-09-04 18:39:40,245 - automation.rune_creation - INFO - Performing drag and drop from (1478, 299) to (1584, 437)...
2025-09-04 18:39:43,628 - automation.rune_creation - INFO - Pressing hotkey: f6
2025-09-04 18:39:44,829 - automation.rune_creation - INFO - Rune creation sequence completed successfully
2025-09-04 18:39:44,829 - gui.main_window - INFO - Rune creation test completed successfully
2025-09-04 18:39:51,480 - gui.main_window - INFO - Testing rune creation logic with 3 positions...
2025-09-04 18:39:51,480 - automation.rune_creation - INFO - Starting rune creation sequence...
2025-09-04 18:39:51,481 - automation.rune_creation - INFO - Ensuring target window focus: 'VMware Workstation'
2025-09-04 18:39:51,481 - core.input_simulator - INFO - Ensuring target window focus: 'VMware Workstation'
2025-09-04 18:39:51,483 - core.window_focus - INFO - Found partial match: 'Lucas 2 - VMware Workstation' (searching for 'VMware Workstation')
2025-09-04 18:39:51,483 - core.window_focus - INFO - Bringing window to foreground: 'Lucas 2 - VMware Workstation'
2025-09-04 18:39:51,689 - core.window_focus - INFO - Successfully brought 'Lucas 2 - VMware Workstation' to foreground
2025-09-04 18:39:52,189 - core.input_simulator - INFO - Target window focused successfully
2025-09-04 18:39:52,189 - automation.rune_creation - INFO - Target window focused successfully
2025-09-04 18:39:52,190 - automation.rune_creation - INFO - Searching for blank rune on screen...
2025-09-04 18:39:52,216 - automation.rune_creation - INFO - Blank rune found at relative position Point(x=np.int64(60), y=np.int64(92)), absolute: (1478, 299)
2025-09-04 18:39:52,216 - automation.rune_creation - INFO - Search region: (1418, 207) - 150x371
2025-09-04 18:39:52,216 - automation.rune_creation - INFO - Found blank rune at (1478, 299)
2025-09-04 18:39:52,216 - automation.rune_creation - INFO - Selected target position: (1595, 441)
2025-09-04 18:39:52,216 - automation.rune_creation - INFO - Clicking on blank rune at (1478, 299) to ensure VM window focus
2025-09-04 18:39:53,175 - automation.rune_creation - INFO - VM focus click result: True
2025-09-04 18:39:53,475 - automation.rune_creation - INFO - VM focus delay completed, proceeding with drag operation
2025-09-04 18:39:53,475 - automation.rune_creation - INFO - Performing drag and drop from (1478, 299) to (1595, 441)...
2025-09-04 18:39:56,850 - automation.rune_creation - INFO - Pressing hotkey: f6
2025-09-04 18:39:58,052 - automation.rune_creation - INFO - Rune creation sequence completed successfully
2025-09-04 18:39:58,052 - gui.main_window - INFO - Rune creation test completed successfully
2025-09-04 18:47:19,835 - cyclops - INFO - Starting Cyclops Desktop Automation Application
2025-09-04 18:47:20,000 - utils.config_manager - INFO - Configuration loaded from C:\Users\Lucas\Desktop\workspace\personal\cyclops\config\default_config.json
2025-09-04 18:47:20,000 - utils.config_manager - INFO - Configuration manager initialized with: C:\Users\Lucas\Desktop\workspace\personal\cyclops\config\default_config.json
2025-09-04 18:47:20,001 - core.screen_capture - INFO - Screen resolution: 1920x1080
2025-09-04 18:47:20,001 - core.ocr_engine - INFO - Tesseract path set to: C:\Program Files\Tesseract-OCR\tesseract.exe
2025-09-04 18:47:20,001 - core.ocr_engine - INFO - OCR Engine initialized with language: eng
2025-09-04 18:47:20,001 - core.computer_vision - INFO - Computer Vision engine initialized
2025-09-04 18:47:20,001 - core.window_focus - INFO - Window Focus Handler initialized
2025-09-04 18:47:20,001 - core.input_simulator - INFO - Input Simulator initialized
2025-09-04 18:47:20,001 - core.state_monitor - INFO - State Monitor initialized
2025-09-04 18:47:20,001 - core.computer_vision - INFO - Computer Vision engine initialized
2025-09-04 18:47:20,001 - automation.rune_creation - INFO - Loaded 3 rune positions from configuration
2025-09-04 18:47:20,001 - automation.rune_creation - INFO - Rune Creation Automation initialized
2025-09-04 18:47:20,001 - automation.rune_creation - INFO - Rune positions: 3 configured
2025-09-04 18:47:20,001 - automation.rune_creation - INFO - Delay range: 2.0-5.0 minutes
2025-09-04 18:47:20,002 - automation.rune_creation - INFO - Blank rune image: C:\Users\Lucas\Desktop\workspace\personal\cyclops\blank.png
2025-09-04 18:47:20,002 - automation.food_eating - INFO - Food Eating Automation initialized
2025-09-04 18:47:20,002 - automation.food_eating - INFO - Food positions: 3 configured
2025-09-04 18:47:20,002 - automation.food_eating - INFO - Click range: 3-6
2025-09-04 18:47:20,002 - automation.food_eating - INFO - Delay range: 4.0-8.0 minutes
2025-09-04 18:47:20,002 - automation.health_monitor - INFO - Health Monitor Automation initialized
2025-09-04 18:47:20,002 - automation.workflow_manager - INFO - All automation modules initialized
2025-09-04 18:47:20,002 - automation.workflow_manager - INFO - Workflow Manager initialized
2025-09-04 18:47:20,010 - gui.main_window - INFO - Updating rune positions display. Current positions: [(1584, 437), (1591, 437), (1595, 441)]
2025-09-04 18:47:20,010 - gui.main_window - INFO - Updated display to: Positions: (1584, 437), (1591, 437), (1595, 441) (3/3)
2025-09-04 18:47:20,015 - gui.main_window - INFO - Updated rune search region display: Region: (1418, 207) - 150x371
2025-09-04 18:47:20,020 - gui.main_window - INFO - Refreshing window list...
2025-09-04 18:47:20,024 - gui.main_window - INFO - Loaded 25 windows
2025-09-04 18:47:20,024 - gui.main_window - INFO - Updating food positions display. Current positions: [[1692, 745], [1693, 743], [1697, 742]]
2025-09-04 18:47:20,024 - gui.main_window - INFO - Updated display to: Positions: (1692, 745), (1693, 743), (1697, 742) (3/3)
2025-09-04 18:47:20,039 - gui.region_selector - INFO - Region overlay created at (1670, 665) - Border only
2025-09-04 18:47:20,039 - gui.main_window - INFO - Persistent overlay created at (1670, 665) - 124x43
2025-09-04 18:47:20,040 - gui.region_selector - INFO - Region overlay created at (1418, 207) - Border only
2025-09-04 18:47:20,040 - gui.main_window - INFO - Rune persistent overlay created at (1418, 207) - 150x371
2025-09-04 18:47:20,040 - automation.workflow_manager - INFO - Registered callback for health_monitor
2025-09-04 18:47:20,040 - gui.main_window - INFO - Main window initialized
2025-09-04 18:47:20,040 - cyclops - INFO - Application started successfully
2025-09-04 18:47:24,224 - gui.main_window - INFO - Updated rune_creation.enabled = True
2025-09-04 18:47:35,041 - gui.main_window - INFO - Testing rune creation logic with 3 positions...
2025-09-04 18:47:35,041 - automation.rune_creation - INFO - Starting rune creation sequence...
2025-09-04 18:47:35,041 - automation.rune_creation - INFO - Ensuring target window focus: 'VMware Workstation'
2025-09-04 18:47:35,041 - core.input_simulator - INFO - Ensuring target window focus: 'VMware Workstation'
2025-09-04 18:47:35,043 - core.window_focus - INFO - Found partial match: 'Lucas 2 - VMware Workstation' (searching for 'VMware Workstation')
2025-09-04 18:47:35,043 - core.window_focus - INFO - Bringing window to foreground: 'Lucas 2 - VMware Workstation'
2025-09-04 18:47:35,248 - core.window_focus - INFO - Successfully brought 'Lucas 2 - VMware Workstation' to foreground
2025-09-04 18:47:35,748 - core.input_simulator - INFO - Target window focused successfully
2025-09-04 18:47:35,748 - automation.rune_creation - INFO - Target window focused successfully
2025-09-04 18:47:35,749 - automation.rune_creation - INFO - Searching for blank rune on screen...
2025-09-04 18:47:35,796 - automation.rune_creation - INFO - Blank rune found at relative position Point(x=np.int64(60), y=np.int64(92)), absolute: (1478, 299)
2025-09-04 18:47:35,796 - automation.rune_creation - INFO - Search region: (1418, 207) - 150x371
2025-09-04 18:47:35,798 - automation.rune_creation - INFO - Found blank rune at (1478, 299)
2025-09-04 18:47:35,798 - automation.rune_creation - INFO - Selected target position: (1584, 437)
2025-09-04 18:47:35,798 - automation.rune_creation - INFO - Clicking on blank rune at (1478, 299) to ensure VM window focus
2025-09-04 18:47:36,755 - automation.rune_creation - INFO - VM focus click result: True
2025-09-04 18:47:37,055 - automation.rune_creation - INFO - VM focus delay completed, proceeding with drag operation
2025-09-04 18:47:37,055 - automation.rune_creation - INFO - Performing drag and drop from (1478, 299) to (1584, 437)...
2025-09-04 18:47:40,439 - automation.rune_creation - INFO - Pressing hotkey: f6
2025-09-04 18:47:41,640 - automation.rune_creation - INFO - Rune creation sequence completed successfully
2025-09-04 18:47:41,640 - gui.main_window - INFO - Rune creation test completed successfully
2025-09-04 18:48:08,523 - gui.main_window - INFO - Starting rune position recording...
2025-09-04 18:48:08,525 - gui.region_selector - INFO - Started recording 3 rune target positions
2025-09-04 18:48:09,569 - gui.region_selector - INFO - Recorded rune target position 1 at (1639, 383)
2025-09-04 18:48:09,823 - gui.region_selector - INFO - Recorded rune target position 2 at (1634, 370)
2025-09-04 18:48:10,218 - gui.region_selector - INFO - Recorded final rune target position 3 at (1640, 373)
2025-09-04 18:48:11,741 - gui.main_window - INFO - Rune position recording callback received: [(1639, 383), (1634, 370), (1640, 373)]
2025-09-04 18:48:11,741 - automation.rune_creation - INFO - Cleared all rune positions
2025-09-04 18:48:11,744 - gui.main_window - INFO - Adding rune position 1: (1639, 383)
2025-09-04 18:48:11,745 - automation.rune_creation - INFO - Added rune position: (1639, 383)
2025-09-04 18:48:11,748 - gui.main_window - INFO - Successfully added rune position 1: (1639, 383)
2025-09-04 18:48:11,750 - gui.main_window - INFO - Adding rune position 2: (1634, 370)
2025-09-04 18:48:11,752 - automation.rune_creation - INFO - Added rune position: (1634, 370)
2025-09-04 18:48:11,755 - gui.main_window - INFO - Successfully added rune position 2: (1634, 370)
2025-09-04 18:48:11,758 - gui.main_window - INFO - Adding rune position 3: (1640, 373)
2025-09-04 18:48:11,758 - automation.rune_creation - INFO - Added rune position: (1640, 373)
2025-09-04 18:48:11,758 - gui.main_window - INFO - Successfully added rune position 3: (1640, 373)
2025-09-04 18:48:11,758 - gui.main_window - INFO - Updating rune positions display. Current positions: [(1639, 383), (1634, 370), (1640, 373)]
2025-09-04 18:48:11,759 - gui.main_window - INFO - Updated display to: Positions: (1639, 383), (1634, 370), (1640, 373) (3/3)
2025-09-04 18:48:13,519 - gui.main_window - INFO - Testing rune creation logic with 3 positions...
2025-09-04 18:48:13,519 - automation.rune_creation - INFO - Starting rune creation sequence...
2025-09-04 18:48:13,519 - automation.rune_creation - INFO - Ensuring target window focus: 'VMware Workstation'
2025-09-04 18:48:13,519 - core.input_simulator - INFO - Ensuring target window focus: 'VMware Workstation'
2025-09-04 18:48:13,521 - core.window_focus - INFO - Found partial match: 'Lucas 2 - VMware Workstation' (searching for 'VMware Workstation')
2025-09-04 18:48:13,521 - core.window_focus - INFO - Bringing window to foreground: 'Lucas 2 - VMware Workstation'
2025-09-04 18:48:13,726 - core.window_focus - INFO - Successfully brought 'Lucas 2 - VMware Workstation' to foreground
2025-09-04 18:48:14,227 - core.input_simulator - INFO - Target window focused successfully
2025-09-04 18:48:14,227 - automation.rune_creation - INFO - Target window focused successfully
2025-09-04 18:48:14,227 - automation.rune_creation - INFO - Searching for blank rune on screen...
2025-09-04 18:48:14,251 - automation.rune_creation - INFO - Blank rune found at relative position Point(x=np.int64(60), y=np.int64(92)), absolute: (1478, 299)
2025-09-04 18:48:14,251 - automation.rune_creation - INFO - Search region: (1418, 207) - 150x371
2025-09-04 18:48:14,252 - automation.rune_creation - INFO - Found blank rune at (1478, 299)
2025-09-04 18:48:14,252 - automation.rune_creation - INFO - Selected target position: (1640, 373)
2025-09-04 18:48:14,252 - automation.rune_creation - INFO - Clicking on blank rune at (1478, 299) to ensure VM window focus
2025-09-04 18:48:15,210 - automation.rune_creation - INFO - VM focus click result: True
2025-09-04 18:48:15,511 - automation.rune_creation - INFO - VM focus delay completed, proceeding with drag operation
2025-09-04 18:48:15,511 - automation.rune_creation - INFO - Performing drag and drop from (1478, 299) to (1640, 373)...
2025-09-04 18:48:18,891 - automation.rune_creation - INFO - Pressing hotkey: f6
2025-09-04 18:48:20,092 - automation.rune_creation - INFO - Rune creation sequence completed successfully
2025-09-04 18:48:20,092 - gui.main_window - INFO - Rune creation test completed successfully
2025-09-04 18:54:07,032 - cyclops - INFO - Starting Cyclops Desktop Automation Application
2025-09-04 18:54:07,210 - utils.config_manager - INFO - Configuration loaded from C:\Users\Lucas\Desktop\workspace\personal\cyclops\config\default_config.json
2025-09-04 18:54:07,211 - utils.config_manager - INFO - Configuration manager initialized with: C:\Users\Lucas\Desktop\workspace\personal\cyclops\config\default_config.json
2025-09-04 18:54:07,211 - core.screen_capture - INFO - Screen resolution: 1920x1080
2025-09-04 18:54:07,211 - core.ocr_engine - INFO - Tesseract path set to: C:\Program Files\Tesseract-OCR\tesseract.exe
2025-09-04 18:54:07,211 - core.ocr_engine - INFO - OCR Engine initialized with language: eng
2025-09-04 18:54:07,211 - core.computer_vision - INFO - Computer Vision engine initialized
2025-09-04 18:54:07,211 - core.window_focus - INFO - Window Focus Handler initialized
2025-09-04 18:54:07,211 - core.input_simulator - INFO - Input Simulator initialized
2025-09-04 18:54:07,211 - core.state_monitor - INFO - State Monitor initialized
2025-09-04 18:54:07,211 - core.computer_vision - INFO - Computer Vision engine initialized
2025-09-04 18:54:07,211 - automation.rune_creation - INFO - Loaded 3 rune positions from configuration
2025-09-04 18:54:07,211 - automation.rune_creation - INFO - Rune Creation Automation initialized
2025-09-04 18:54:07,211 - automation.rune_creation - INFO - Rune positions: 3 configured
2025-09-04 18:54:07,212 - automation.rune_creation - INFO - Delay range: 2.0-5.0 minutes
2025-09-04 18:54:07,212 - automation.rune_creation - INFO - Blank rune image: C:\Users\Lucas\Desktop\workspace\personal\cyclops\blank.png
2025-09-04 18:54:07,212 - automation.food_eating - INFO - Food Eating Automation initialized
2025-09-04 18:54:07,212 - automation.food_eating - INFO - Food positions: 3 configured
2025-09-04 18:54:07,212 - automation.food_eating - INFO - Click range: 3-6
2025-09-04 18:54:07,212 - automation.food_eating - INFO - Delay range: 4.0-8.0 minutes
2025-09-04 18:54:07,212 - automation.health_monitor - INFO - Health Monitor Automation initialized
2025-09-04 18:54:07,212 - automation.workflow_manager - INFO - All automation modules initialized
2025-09-04 18:54:07,212 - automation.workflow_manager - INFO - Workflow Manager initialized
2025-09-04 18:54:07,212 - core.global_hotkeys - INFO - Global Hotkey Manager initialized
2025-09-04 18:54:07,267 - core.global_hotkeys - INFO - Registered global hotkey: f2 - Test Rune Creation
2025-09-04 18:54:07,268 - core.global_hotkeys - INFO - Registered global hotkey: f3 - Test Food Eating
2025-09-04 18:54:07,268 - core.global_hotkeys - INFO - Registered global hotkey: page down - Test Image Search
2025-09-04 18:54:07,268 - core.global_hotkeys - INFO - Registered global hotkey: page up - Test Rune Detection
2025-09-04 18:54:07,268 - core.global_hotkeys - INFO - Global hotkey manager started
2025-09-04 18:54:07,268 - gui.main_window - INFO - Global hotkeys registered and started
2025-09-04 18:54:07,277 - gui.main_window - INFO - Updating rune positions display. Current positions: [(1584, 437), (1591, 437), (1595, 441)]
2025-09-04 18:54:07,277 - gui.main_window - INFO - Updated display to: Positions: (1584, 437), (1591, 437), (1595, 441) (3/3)
2025-09-04 18:54:07,284 - gui.main_window - INFO - Updated rune search region display: Region: (1418, 207) - 150x371
2025-09-04 18:54:07,290 - gui.main_window - INFO - Refreshing window list...
2025-09-04 18:54:07,294 - gui.main_window - INFO - Loaded 25 windows
2025-09-04 18:54:07,295 - gui.main_window - INFO - Updating food positions display. Current positions: [[1692, 745], [1693, 743], [1697, 742]]
2025-09-04 18:54:07,295 - gui.main_window - INFO - Updated display to: Positions: (1692, 745), (1693, 743), (1697, 742) (3/3)
2025-09-04 18:54:07,309 - gui.region_selector - INFO - Region overlay created at (1670, 665) - Border only
2025-09-04 18:54:07,309 - gui.main_window - INFO - Persistent overlay created at (1670, 665) - 124x43
2025-09-04 18:54:07,309 - gui.region_selector - INFO - Region overlay created at (1418, 207) - Border only
2025-09-04 18:54:07,309 - gui.main_window - INFO - Rune persistent overlay created at (1418, 207) - 150x371
2025-09-04 18:54:07,309 - automation.workflow_manager - INFO - Registered callback for health_monitor
2025-09-04 18:54:07,310 - gui.main_window - INFO - Main window initialized
2025-09-04 18:54:07,310 - cyclops - INFO - Application started successfully
2025-09-04 18:54:16,430 - gui.main_window - INFO - Starting rune position recording...
2025-09-04 18:54:16,433 - gui.region_selector - INFO - Started recording 3 rune target positions
2025-09-04 18:54:17,410 - gui.region_selector - INFO - Recorded rune target position 1 at (1640, 379)
2025-09-04 18:54:17,882 - gui.region_selector - INFO - Recorded rune target position 2 at (1640, 379)
2025-09-04 18:54:18,316 - gui.region_selector - INFO - Recorded final rune target position 3 at (1647, 381)
2025-09-04 18:54:19,841 - gui.main_window - INFO - Rune position recording callback received: [(1640, 379), (1640, 379), (1647, 381)]
2025-09-04 18:54:19,841 - automation.rune_creation - INFO - Cleared all rune positions
2025-09-04 18:54:19,843 - gui.main_window - INFO - Adding rune position 1: (1640, 379)
2025-09-04 18:54:19,845 - automation.rune_creation - INFO - Added rune position: (1640, 379)
2025-09-04 18:54:19,847 - gui.main_window - INFO - Successfully added rune position 1: (1640, 379)
2025-09-04 18:54:19,849 - gui.main_window - INFO - Adding rune position 2: (1640, 379)
2025-09-04 18:54:19,851 - automation.rune_creation - INFO - Added rune position: (1640, 379)
2025-09-04 18:54:19,854 - gui.main_window - INFO - Successfully added rune position 2: (1640, 379)
2025-09-04 18:54:19,856 - gui.main_window - INFO - Adding rune position 3: (1647, 381)
2025-09-04 18:54:19,859 - automation.rune_creation - INFO - Added rune position: (1647, 381)
2025-09-04 18:54:19,861 - gui.main_window - INFO - Successfully added rune position 3: (1647, 381)
2025-09-04 18:54:19,863 - gui.main_window - INFO - Updating rune positions display. Current positions: [(1640, 379), (1640, 379), (1647, 381)]
2025-09-04 18:54:19,865 - gui.main_window - INFO - Updated display to: Positions: (1640, 379), (1640, 379), (1647, 381) (3/3)
2025-09-04 18:54:22,933 - gui.main_window - INFO - Testing blank rune detection...
2025-09-04 18:54:22,978 - automation.rune_creation - INFO - Blank rune found at relative position Point(x=np.int64(60), y=np.int64(92)), absolute: (1478, 299)
2025-09-04 18:54:22,978 - automation.rune_creation - INFO - Search region: (1418, 207) - 150x371
2025-09-04 18:54:22,978 - gui.main_window - INFO - SUCCESS: BLANK IMAGE FOUND at (1478, 299)
2025-09-04 18:54:34,371 - core.global_hotkeys - INFO - Global hotkey pressed: f2
2025-09-04 18:54:34,373 - gui.main_window - INFO - Testing rune creation logic with 3 positions...
2025-09-04 18:54:34,373 - gui.main_window - INFO - Testing rune creation logic with 3 positions...
2025-09-04 18:54:34,373 - automation.rune_creation - INFO - Starting rune creation sequence...
2025-09-04 18:54:34,374 - automation.rune_creation - INFO - Starting rune creation sequence...
2025-09-04 18:54:34,374 - automation.rune_creation - INFO - Ensuring target window focus: 'VMware Workstation'
2025-09-04 18:54:34,374 - automation.rune_creation - INFO - Ensuring target window focus: 'VMware Workstation'
2025-09-04 18:54:34,374 - core.input_simulator - INFO - Ensuring target window focus: 'VMware Workstation'
2025-09-04 18:54:34,374 - core.input_simulator - INFO - Ensuring target window focus: 'VMware Workstation'
2025-09-04 18:54:34,376 - core.window_focus - INFO - Found partial match: 'Lucas 2 - VMware Workstation' (searching for 'VMware Workstation')
2025-09-04 18:54:34,376 - core.window_focus - INFO - Bringing window to foreground: 'Lucas 2 - VMware Workstation'
2025-09-04 18:54:34,581 - core.window_focus - INFO - Successfully brought 'Lucas 2 - VMware Workstation' to foreground
2025-09-04 18:54:35,081 - core.input_simulator - INFO - Target window focused successfully
2025-09-04 18:54:35,081 - automation.rune_creation - INFO - Target window focused successfully
2025-09-04 18:54:35,082 - automation.rune_creation - INFO - Searching for blank rune on screen...
2025-09-04 18:54:35,082 - automation.rune_creation - INFO - Blank rune image path: C:\Users\Lucas\Desktop\workspace\personal\cyclops\blank.png
2025-09-04 18:54:35,082 - automation.rune_creation - INFO - Blank rune image exists: True
2025-09-04 18:54:35,111 - automation.rune_creation - INFO - Blank rune found at relative position Point(x=np.int64(60), y=np.int64(92)), absolute: (1478, 299)
2025-09-04 18:54:35,111 - automation.rune_creation - INFO - Search region: (1418, 207) - 150x371
2025-09-04 18:54:35,111 - automation.rune_creation - INFO - Found blank rune at (1478, 299)
2025-09-04 18:54:35,111 - automation.rune_creation - INFO - Selected target position: (1640, 379)
2025-09-04 18:54:35,112 - automation.rune_creation - INFO - Clicking on blank rune at (1478, 299) to ensure VM window focus
2025-09-04 18:54:36,070 - automation.rune_creation - INFO - VM focus click result: True
2025-09-04 18:54:36,371 - automation.rune_creation - INFO - VM focus delay completed, proceeding with drag operation
2025-09-04 18:54:36,371 - automation.rune_creation - INFO - Performing drag and drop from (1478, 299) to (1640, 379)...
2025-09-04 18:54:39,745 - automation.rune_creation - INFO - Pressing hotkey: f6
2025-09-04 18:54:40,947 - automation.rune_creation - INFO - Rune creation sequence completed successfully
2025-09-04 18:54:40,947 - gui.main_window - INFO - Rune creation test completed successfully
2025-09-04 18:54:40,956 - core.window_focus - INFO - Found partial match: 'Lucas 2 - VMware Workstation' (searching for 'VMware Workstation')
2025-09-04 18:54:40,956 - core.window_focus - INFO - Bringing window to foreground: 'Lucas 2 - VMware Workstation'
2025-09-04 18:54:41,158 - core.window_focus - INFO - Successfully brought 'Lucas 2 - VMware Workstation' to foreground
2025-09-04 18:54:41,659 - core.input_simulator - INFO - Target window focused successfully
2025-09-04 18:54:41,659 - automation.rune_creation - INFO - Target window focused successfully
2025-09-04 18:54:41,659 - automation.rune_creation - INFO - Searching for blank rune on screen...
2025-09-04 18:54:41,659 - automation.rune_creation - INFO - Blank rune image path: C:\Users\Lucas\Desktop\workspace\personal\cyclops\blank.png
2025-09-04 18:54:41,660 - automation.rune_creation - INFO - Blank rune image exists: True
2025-09-04 18:54:41,685 - automation.rune_creation - INFO - Blank rune found at relative position Point(x=np.int64(60), y=np.int64(92)), absolute: (1478, 299)
2025-09-04 18:54:41,685 - automation.rune_creation - INFO - Search region: (1418, 207) - 150x371
2025-09-04 18:54:41,685 - automation.rune_creation - INFO - Found blank rune at (1478, 299)
2025-09-04 18:54:41,686 - automation.rune_creation - INFO - Selected target position: (1647, 381)
2025-09-04 18:54:41,686 - automation.rune_creation - INFO - Clicking on blank rune at (1478, 299) to ensure VM window focus
2025-09-04 18:54:42,642 - automation.rune_creation - INFO - VM focus click result: True
2025-09-04 18:54:42,943 - automation.rune_creation - INFO - VM focus delay completed, proceeding with drag operation
2025-09-04 18:54:42,943 - automation.rune_creation - INFO - Performing drag and drop from (1478, 299) to (1647, 381)...
2025-09-04 18:54:46,313 - automation.rune_creation - INFO - Pressing hotkey: f6
2025-09-04 18:54:47,515 - automation.rune_creation - INFO - Rune creation sequence completed successfully
2025-09-04 18:54:47,515 - gui.main_window - INFO - Rune creation test completed successfully
2025-09-04 19:01:15,646 - cyclops - INFO - Starting Cyclops Desktop Automation Application
2025-09-04 19:01:15,819 - utils.config_manager - INFO - Configuration loaded from C:\Users\Lucas\Desktop\workspace\personal\cyclops\config\default_config.json
2025-09-04 19:01:15,819 - utils.config_manager - INFO - Configuration manager initialized with: C:\Users\Lucas\Desktop\workspace\personal\cyclops\config\default_config.json
2025-09-04 19:01:15,820 - core.screen_capture - INFO - Screen resolution: 1920x1080
2025-09-04 19:01:15,820 - core.ocr_engine - INFO - Tesseract path set to: C:\Program Files\Tesseract-OCR\tesseract.exe
2025-09-04 19:01:15,820 - core.ocr_engine - INFO - OCR Engine initialized with language: eng
2025-09-04 19:01:15,820 - core.computer_vision - INFO - Computer Vision engine initialized
2025-09-04 19:01:15,820 - core.window_focus - INFO - Window Focus Handler initialized
2025-09-04 19:01:15,820 - core.input_simulator - INFO - Input Simulator initialized
2025-09-04 19:01:15,820 - core.state_monitor - INFO - State Monitor initialized
2025-09-04 19:01:15,820 - core.computer_vision - INFO - Computer Vision engine initialized
2025-09-04 19:01:15,820 - automation.workflow_manager - ERROR - Failed to initialize automations: name 'config' is not defined
2025-09-04 19:01:15,820 - automation.workflow_manager - INFO - Workflow Manager initialized
2025-09-04 19:01:15,821 - core.global_hotkeys - INFO - Global Hotkey Manager initialized
2025-09-04 19:01:15,881 - core.global_hotkeys - INFO - Registered global hotkey: f2 - Test Rune Creation
2025-09-04 19:01:15,881 - core.global_hotkeys - INFO - Registered global hotkey: f3 - Test Food Eating
2025-09-04 19:01:15,881 - core.global_hotkeys - INFO - Registered global hotkey: page down - Test Image Search
2025-09-04 19:01:15,881 - core.global_hotkeys - INFO - Registered global hotkey: page up - Test Rune Detection
2025-09-04 19:01:15,881 - core.global_hotkeys - INFO - Global hotkey manager started
2025-09-04 19:01:15,881 - gui.main_window - INFO - Global hotkeys registered and started
2025-09-04 19:01:15,891 - gui.main_window - WARNING - Rune automation not available for display update
2025-09-04 19:01:15,895 - gui.main_window - INFO - Updated rune search region display: Region: (1418, 207) - 150x371
2025-09-04 19:01:15,900 - gui.main_window - INFO - Refreshing window list...
2025-09-04 19:01:15,904 - gui.main_window - INFO - Loaded 25 windows
2025-09-04 19:01:15,905 - gui.main_window - WARNING - Food automation not available for display update
2025-09-04 19:01:15,920 - gui.region_selector - INFO - Region overlay created at (1670, 665) - Border only
2025-09-04 19:01:15,921 - gui.main_window - INFO - Persistent overlay created at (1670, 665) - 124x43
2025-09-04 19:01:15,921 - gui.region_selector - INFO - Region overlay created at (1418, 207) - Border only
2025-09-04 19:01:15,921 - gui.main_window - INFO - Rune persistent overlay created at (1418, 207) - 150x371
2025-09-04 19:01:15,921 - automation.workflow_manager - INFO - Registered callback for health_monitor
2025-09-04 19:01:15,921 - gui.main_window - INFO - Main window initialized
2025-09-04 19:01:15,921 - cyclops - INFO - Application started successfully
2025-09-04 19:01:26,341 - gui.main_window - INFO - Testing blank rune detection...
2025-09-04 19:01:26,341 - gui.main_window - ERROR - Rune creation automation not available
2025-09-04 19:01:28,342 - gui.main_window - INFO - Testing blank rune detection...
2025-09-04 19:01:28,342 - gui.main_window - ERROR - Rune creation automation not available
2025-09-04 19:01:38,067 - gui.main_window - INFO - Updated rune_creation.enabled = True
2025-09-04 19:01:39,361 - gui.main_window - INFO - Updated food_eating.enabled = True
2025-09-04 19:01:41,691 - gui.main_window - INFO - Testing blank rune detection...
2025-09-04 19:01:41,691 - gui.main_window - ERROR - Rune creation automation not available
2025-09-04 19:01:49,816 - gui.main_window - INFO - Testing blank rune detection...
2025-09-04 19:01:49,816 - gui.main_window - ERROR - Rune creation automation not available
2025-09-04 19:01:55,729 - gui.region_selector - INFO - Region selector initialized
2025-09-04 19:01:57,541 - gui.region_selector - INFO - Region selected: X:1429, Y:230, W:186, H:161
2025-09-04 19:01:58,357 - gui.main_window - INFO - Rune search region selected: (1429, 230) - 186x161
2025-09-04 19:01:58,357 - gui.main_window - INFO - Updated rune search region display: Region: (1429, 230) - 186x161
2025-09-04 19:01:58,377 - gui.region_selector - INFO - Region overlay destroyed
2025-09-04 19:01:58,380 - gui.region_selector - INFO - Region overlay created at (1429, 230) - Border only
2025-09-04 19:01:58,381 - gui.main_window - INFO - Rune persistent overlay created at (1429, 230) - 186x161
2025-09-04 19:02:00,485 - gui.main_window - INFO - Testing blank rune detection...
2025-09-04 19:02:00,485 - gui.main_window - ERROR - Rune creation automation not available
2025-09-04 19:02:01,184 - gui.main_window - INFO - Testing blank rune detection...
2025-09-04 19:02:01,184 - gui.main_window - ERROR - Rune creation automation not available
2025-09-04 19:02:01,607 - gui.main_window - INFO - Testing blank rune detection...
2025-09-04 19:02:01,607 - gui.main_window - ERROR - Rune creation automation not available
2025-09-04 19:02:02,496 - gui.main_window - INFO - Testing blank rune detection...
2025-09-04 19:02:02,496 - gui.main_window - ERROR - Rune creation automation not available
2025-09-04 19:02:05,988 - gui.main_window - INFO - Testing blank rune detection...
2025-09-04 19:02:05,988 - gui.main_window - ERROR - Rune creation automation not available
2025-09-04 19:02:12,877 - core.global_hotkeys - INFO - Global hotkey pressed: f2
2025-09-04 19:02:12,878 - gui.main_window - ERROR - Rune creation automation not available
2025-09-04 19:02:12,878 - gui.main_window - ERROR - Rune creation automation not available
2025-09-04 19:02:13,396 - core.global_hotkeys - INFO - Global hotkey pressed: f2
2025-09-04 19:02:13,397 - gui.main_window - ERROR - Rune creation automation not available
2025-09-04 19:02:13,397 - gui.main_window - ERROR - Rune creation automation not available
2025-09-04 19:02:14,487 - core.global_hotkeys - INFO - Global hotkey pressed: f2
2025-09-04 19:02:14,489 - gui.main_window - ERROR - Rune creation automation not available
2025-09-04 19:02:14,489 - gui.main_window - ERROR - Rune creation automation not available
2025-09-04 19:02:15,122 - core.global_hotkeys - INFO - Global hotkey pressed: f2
2025-09-04 19:02:15,123 - gui.main_window - ERROR - Rune creation automation not available
2025-09-04 19:02:15,124 - gui.main_window - ERROR - Rune creation automation not available
2025-09-04 19:04:02,713 - cyclops - INFO - Starting Cyclops Desktop Automation Application
2025-09-04 19:04:02,880 - utils.config_manager - INFO - Configuration loaded from C:\Users\Lucas\Desktop\workspace\personal\cyclops\config\default_config.json
2025-09-04 19:04:02,880 - utils.config_manager - INFO - Configuration manager initialized with: C:\Users\Lucas\Desktop\workspace\personal\cyclops\config\default_config.json
2025-09-04 19:04:02,880 - core.screen_capture - INFO - Screen resolution: 1920x1080
2025-09-04 19:04:02,881 - core.ocr_engine - INFO - Tesseract path set to: C:\Program Files\Tesseract-OCR\tesseract.exe
2025-09-04 19:04:02,881 - core.ocr_engine - INFO - OCR Engine initialized with language: eng
2025-09-04 19:04:02,881 - core.computer_vision - INFO - Computer Vision engine initialized
2025-09-04 19:04:02,881 - core.window_focus - INFO - Window Focus Handler initialized
2025-09-04 19:04:02,881 - core.input_simulator - INFO - Input Simulator initialized
2025-09-04 19:04:02,881 - core.state_monitor - INFO - State Monitor initialized
2025-09-04 19:04:02,881 - core.computer_vision - INFO - Computer Vision engine initialized
2025-09-04 19:04:02,881 - core.vmware_input_simulator - INFO - VMware Input Simulator initialized
2025-09-04 19:04:02,881 - core.vmware_input_simulator - INFO - VMware mode: True
2025-09-04 19:04:02,881 - core.vmware_input_simulator - INFO - Input delay: 0.2s
2025-09-04 19:04:02,882 - core.vmware_input_simulator - INFO - Movement duration: 1.0s
2025-09-04 19:04:02,882 - automation.rune_creation - INFO - Loaded 3 rune positions from configuration
2025-09-04 19:04:02,882 - automation.rune_creation - INFO - Rune Creation Automation initialized
2025-09-04 19:04:02,882 - automation.rune_creation - INFO - Rune positions: 3 configured
2025-09-04 19:04:02,882 - automation.rune_creation - INFO - Delay range: 2.0-5.0 minutes
2025-09-04 19:04:02,882 - automation.rune_creation - INFO - Blank rune image: C:\Users\Lucas\Desktop\workspace\personal\cyclops\blank.png
2025-09-04 19:04:02,882 - automation.food_eating - INFO - Food Eating Automation initialized
2025-09-04 19:04:02,882 - automation.food_eating - INFO - Food positions: 3 configured
2025-09-04 19:04:02,883 - automation.food_eating - INFO - Click range: 3-6
2025-09-04 19:04:02,883 - automation.food_eating - INFO - Delay range: 4.0-8.0 minutes
2025-09-04 19:04:02,883 - automation.health_monitor - INFO - Health Monitor Automation initialized
2025-09-04 19:04:02,883 - automation.workflow_manager - INFO - All automation modules initialized
2025-09-04 19:04:02,883 - automation.workflow_manager - INFO - Workflow Manager initialized
2025-09-04 19:04:02,883 - core.global_hotkeys - INFO - Global Hotkey Manager initialized
2025-09-04 19:04:02,942 - core.global_hotkeys - INFO - Registered global hotkey: f2 - Test Rune Creation
2025-09-04 19:04:02,942 - core.global_hotkeys - INFO - Registered global hotkey: f3 - Test Food Eating
2025-09-04 19:04:02,943 - core.global_hotkeys - INFO - Registered global hotkey: page down - Test Image Search
2025-09-04 19:04:02,943 - core.global_hotkeys - INFO - Registered global hotkey: page up - Test Rune Detection
2025-09-04 19:04:02,943 - core.global_hotkeys - INFO - Global hotkey manager started
2025-09-04 19:04:02,943 - gui.main_window - INFO - Global hotkeys registered and started
2025-09-04 19:04:02,954 - gui.main_window - INFO - Updating rune positions display. Current positions: [(1584, 437), (1591, 437), (1595, 441)]
2025-09-04 19:04:02,954 - gui.main_window - INFO - Updated display to: Positions: (1584, 437), (1591, 437), (1595, 441) (3/3)
2025-09-04 19:04:02,959 - gui.main_window - INFO - Updated rune search region display: Region: (1418, 207) - 150x371
2025-09-04 19:04:02,966 - gui.main_window - INFO - Refreshing window list...
2025-09-04 19:04:02,970 - gui.main_window - INFO - Loaded 34 windows
2025-09-04 19:04:02,972 - gui.main_window - INFO - Updating food positions display. Current positions: [[1692, 745], [1693, 743], [1697, 742]]
2025-09-04 19:04:02,972 - gui.main_window - INFO - Updated display to: Positions: (1692, 745), (1693, 743), (1697, 742) (3/3)
2025-09-04 19:04:02,988 - gui.region_selector - INFO - Region overlay created at (1670, 665) - Border only
2025-09-04 19:04:02,988 - gui.main_window - INFO - Persistent overlay created at (1670, 665) - 124x43
2025-09-04 19:04:02,988 - gui.region_selector - INFO - Region overlay created at (1418, 207) - Border only
2025-09-04 19:04:02,988 - gui.main_window - INFO - Rune persistent overlay created at (1418, 207) - 150x371
2025-09-04 19:04:02,988 - automation.workflow_manager - INFO - Registered callback for health_monitor
2025-09-04 19:04:02,988 - gui.main_window - INFO - Main window initialized
2025-09-04 19:04:02,989 - cyclops - INFO - Application started successfully
2025-09-04 19:04:46,146 - cyclops - INFO - Starting Cyclops Desktop Automation Application
2025-09-04 19:04:46,328 - utils.config_manager - INFO - Configuration loaded from C:\Users\Lucas\Desktop\workspace\personal\cyclops\config\default_config.json
2025-09-04 19:04:46,328 - utils.config_manager - INFO - Configuration manager initialized with: C:\Users\Lucas\Desktop\workspace\personal\cyclops\config\default_config.json
2025-09-04 19:04:46,328 - core.screen_capture - INFO - Screen resolution: 1920x1080
2025-09-04 19:04:46,328 - core.ocr_engine - INFO - Tesseract path set to: C:\Program Files\Tesseract-OCR\tesseract.exe
2025-09-04 19:04:46,328 - core.ocr_engine - INFO - OCR Engine initialized with language: eng
2025-09-04 19:04:46,329 - core.computer_vision - INFO - Computer Vision engine initialized
2025-09-04 19:04:46,329 - core.window_focus - INFO - Window Focus Handler initialized
2025-09-04 19:04:46,329 - core.input_simulator - INFO - Input Simulator initialized
2025-09-04 19:04:46,329 - core.state_monitor - INFO - State Monitor initialized
2025-09-04 19:04:46,329 - core.computer_vision - INFO - Computer Vision engine initialized
2025-09-04 19:04:46,329 - core.vmware_input_simulator - INFO - VMware Input Simulator initialized
2025-09-04 19:04:46,329 - core.vmware_input_simulator - INFO - VMware mode: True
2025-09-04 19:04:46,329 - core.vmware_input_simulator - INFO - Input delay: 0.2s
2025-09-04 19:04:46,329 - core.vmware_input_simulator - INFO - Movement duration: 1.0s
2025-09-04 19:04:46,329 - automation.rune_creation - INFO - Loaded 3 rune positions from configuration
2025-09-04 19:04:46,329 - automation.rune_creation - INFO - Rune Creation Automation initialized
2025-09-04 19:04:46,329 - automation.rune_creation - INFO - Rune positions: 3 configured
2025-09-04 19:04:46,329 - automation.rune_creation - INFO - Delay range: 2.0-5.0 minutes
2025-09-04 19:04:46,329 - automation.rune_creation - INFO - Blank rune image: C:\Users\Lucas\Desktop\workspace\personal\cyclops\blank.png
2025-09-04 19:04:46,330 - automation.food_eating - INFO - Food Eating Automation initialized
2025-09-04 19:04:46,330 - automation.food_eating - INFO - Food positions: 3 configured
2025-09-04 19:04:46,330 - automation.food_eating - INFO - Click range: 3-6
2025-09-04 19:04:46,330 - automation.food_eating - INFO - Delay range: 4.0-8.0 minutes
2025-09-04 19:04:46,330 - automation.health_monitor - INFO - Health Monitor Automation initialized
2025-09-04 19:04:46,330 - automation.workflow_manager - INFO - All automation modules initialized
2025-09-04 19:04:46,330 - automation.workflow_manager - INFO - Workflow Manager initialized
2025-09-04 19:04:46,330 - core.global_hotkeys - INFO - Global Hotkey Manager initialized
2025-09-04 19:04:46,390 - core.global_hotkeys - INFO - Registered global hotkey: f2 - Test Rune Creation
2025-09-04 19:04:46,390 - core.global_hotkeys - INFO - Registered global hotkey: f3 - Test Food Eating
2025-09-04 19:04:46,390 - core.global_hotkeys - INFO - Registered global hotkey: page down - Test Image Search
2025-09-04 19:04:46,390 - core.global_hotkeys - INFO - Registered global hotkey: page up - Test Rune Detection
2025-09-04 19:04:46,391 - core.global_hotkeys - INFO - Global hotkey manager started
2025-09-04 19:04:46,391 - gui.main_window - INFO - Global hotkeys registered and started
2025-09-04 19:04:46,403 - gui.main_window - INFO - Updating rune positions display. Current positions: [(1584, 437), (1591, 437), (1595, 441)]
2025-09-04 19:04:46,403 - gui.main_window - INFO - Updated display to: Positions: (1584, 437), (1591, 437), (1595, 441) (3/3)
2025-09-04 19:04:46,408 - gui.main_window - INFO - Updated rune search region display: Region: (1418, 207) - 150x371
2025-09-04 19:04:46,416 - gui.main_window - INFO - Refreshing window list...
2025-09-04 19:04:46,420 - gui.main_window - INFO - Loaded 35 windows
2025-09-04 19:04:46,422 - gui.main_window - INFO - Updating food positions display. Current positions: [[1692, 745], [1693, 743], [1697, 742]]
2025-09-04 19:04:46,422 - gui.main_window - INFO - Updated display to: Positions: (1692, 745), (1693, 743), (1697, 742) (3/3)
2025-09-04 19:04:46,436 - gui.region_selector - INFO - Region overlay created at (1670, 665) - Border only
2025-09-04 19:04:46,437 - gui.main_window - INFO - Persistent overlay created at (1670, 665) - 124x43
2025-09-04 19:04:46,437 - gui.region_selector - INFO - Region overlay created at (1418, 207) - Border only
2025-09-04 19:04:46,437 - gui.main_window - INFO - Rune persistent overlay created at (1418, 207) - 150x371
2025-09-04 19:04:46,437 - automation.workflow_manager - INFO - Registered callback for health_monitor
2025-09-04 19:04:46,438 - gui.main_window - INFO - Main window initialized
2025-09-04 19:04:46,438 - cyclops - INFO - Application started successfully
2025-09-04 19:04:52,469 - cyclops - INFO - Starting Cyclops Desktop Automation Application
2025-09-04 19:04:52,637 - utils.config_manager - INFO - Configuration loaded from C:\Users\Lucas\Desktop\workspace\personal\cyclops\config\default_config.json
2025-09-04 19:04:52,637 - utils.config_manager - INFO - Configuration manager initialized with: C:\Users\Lucas\Desktop\workspace\personal\cyclops\config\default_config.json
2025-09-04 19:04:52,637 - core.screen_capture - INFO - Screen resolution: 1920x1080
2025-09-04 19:04:52,637 - core.ocr_engine - INFO - Tesseract path set to: C:\Program Files\Tesseract-OCR\tesseract.exe
2025-09-04 19:04:52,637 - core.ocr_engine - INFO - OCR Engine initialized with language: eng
2025-09-04 19:04:52,637 - core.computer_vision - INFO - Computer Vision engine initialized
2025-09-04 19:04:52,638 - core.window_focus - INFO - Window Focus Handler initialized
2025-09-04 19:04:52,638 - core.input_simulator - INFO - Input Simulator initialized
2025-09-04 19:04:52,638 - core.state_monitor - INFO - State Monitor initialized
2025-09-04 19:04:52,638 - core.computer_vision - INFO - Computer Vision engine initialized
2025-09-04 19:04:52,638 - core.vmware_input_simulator - INFO - VMware Input Simulator initialized
2025-09-04 19:04:52,638 - core.vmware_input_simulator - INFO - VMware mode: True
2025-09-04 19:04:52,638 - core.vmware_input_simulator - INFO - Input delay: 0.2s
2025-09-04 19:04:52,638 - core.vmware_input_simulator - INFO - Movement duration: 1.0s
2025-09-04 19:04:52,638 - automation.rune_creation - INFO - Loaded 3 rune positions from configuration
2025-09-04 19:04:52,638 - automation.rune_creation - INFO - Rune Creation Automation initialized
2025-09-04 19:04:52,639 - automation.rune_creation - INFO - Rune positions: 3 configured
2025-09-04 19:04:52,639 - automation.rune_creation - INFO - Delay range: 2.0-5.0 minutes
2025-09-04 19:04:52,639 - automation.rune_creation - INFO - Blank rune image: C:\Users\Lucas\Desktop\workspace\personal\cyclops\blank.png
2025-09-04 19:04:52,639 - automation.food_eating - INFO - Food Eating Automation initialized
2025-09-04 19:04:52,639 - automation.food_eating - INFO - Food positions: 3 configured
2025-09-04 19:04:52,639 - automation.food_eating - INFO - Click range: 3-6
2025-09-04 19:04:52,639 - automation.food_eating - INFO - Delay range: 4.0-8.0 minutes
2025-09-04 19:04:52,639 - automation.health_monitor - INFO - Health Monitor Automation initialized
2025-09-04 19:04:52,639 - automation.workflow_manager - INFO - All automation modules initialized
2025-09-04 19:04:52,639 - automation.workflow_manager - INFO - Workflow Manager initialized
2025-09-04 19:04:52,639 - core.global_hotkeys - INFO - Global Hotkey Manager initialized
2025-09-04 19:04:52,698 - core.global_hotkeys - INFO - Registered global hotkey: f2 - Test Rune Creation
2025-09-04 19:04:52,698 - core.global_hotkeys - INFO - Registered global hotkey: f3 - Test Food Eating
2025-09-04 19:04:52,699 - core.global_hotkeys - INFO - Registered global hotkey: page down - Test Image Search
2025-09-04 19:04:52,699 - core.global_hotkeys - INFO - Registered global hotkey: page up - Test Rune Detection
2025-09-04 19:04:52,700 - core.global_hotkeys - INFO - Global hotkey manager started
2025-09-04 19:04:52,700 - gui.main_window - INFO - Global hotkeys registered and started
2025-09-04 19:04:52,711 - gui.main_window - INFO - Updating rune positions display. Current positions: [(1584, 437), (1591, 437), (1595, 441)]
2025-09-04 19:04:52,711 - gui.main_window - INFO - Updated display to: Positions: (1584, 437), (1591, 437), (1595, 441) (3/3)
2025-09-04 19:04:52,715 - gui.main_window - INFO - Updated rune search region display: Region: (1418, 207) - 150x371
2025-09-04 19:04:52,720 - gui.main_window - INFO - Refreshing window list...
2025-09-04 19:04:52,724 - gui.main_window - INFO - Loaded 25 windows
2025-09-04 19:04:52,725 - gui.main_window - INFO - Updating food positions display. Current positions: [[1692, 745], [1693, 743], [1697, 742]]
2025-09-04 19:04:52,726 - gui.main_window - INFO - Updated display to: Positions: (1692, 745), (1693, 743), (1697, 742) (3/3)
2025-09-04 19:04:52,738 - gui.region_selector - INFO - Region overlay created at (1670, 665) - Border only
2025-09-04 19:04:52,738 - gui.main_window - INFO - Persistent overlay created at (1670, 665) - 124x43
2025-09-04 19:04:52,738 - gui.region_selector - INFO - Region overlay created at (1418, 207) - Border only
2025-09-04 19:04:52,739 - gui.main_window - INFO - Rune persistent overlay created at (1418, 207) - 150x371
2025-09-04 19:04:52,739 - automation.workflow_manager - INFO - Registered callback for health_monitor
2025-09-04 19:04:52,739 - gui.main_window - INFO - Main window initialized
2025-09-04 19:04:52,740 - cyclops - INFO - Application started successfully
2025-09-04 19:04:57,170 - gui.main_window - INFO - Testing blank rune detection...
2025-09-04 19:04:57,211 - automation.rune_creation - INFO - Blank rune found at relative position Point(x=np.int64(60), y=np.int64(92)), absolute: (1478, 299)
2025-09-04 19:04:57,211 - automation.rune_creation - INFO - Search region: (1418, 207) - 150x371
2025-09-04 19:04:57,212 - gui.main_window - INFO - SUCCESS: BLANK IMAGE FOUND at (1478, 299)
2025-09-04 19:05:02,175 - gui.main_window - INFO - Starting rune position recording...
2025-09-04 19:05:02,178 - gui.region_selector - INFO - Started recording 3 rune target positions
2025-09-04 19:05:03,034 - gui.region_selector - INFO - Recorded rune target position 1 at (1633, 383)
2025-09-04 19:05:03,278 - gui.region_selector - INFO - Recorded rune target position 2 at (1633, 383)
2025-09-04 19:05:03,589 - gui.region_selector - INFO - Recorded final rune target position 3 at (1639, 379)
2025-09-04 19:05:05,112 - gui.main_window - INFO - Rune position recording callback received: [(1633, 383), (1633, 383), (1639, 379)]
2025-09-04 19:05:05,112 - automation.rune_creation - INFO - Cleared all rune positions
2025-09-04 19:05:05,114 - gui.main_window - INFO - Adding rune position 1: (1633, 383)
2025-09-04 19:05:05,117 - automation.rune_creation - INFO - Added rune position: (1633, 383)
2025-09-04 19:05:05,118 - gui.main_window - INFO - Successfully added rune position 1: (1633, 383)
2025-09-04 19:05:05,120 - gui.main_window - INFO - Adding rune position 2: (1633, 383)
2025-09-04 19:05:05,122 - automation.rune_creation - INFO - Added rune position: (1633, 383)
2025-09-04 19:05:05,124 - gui.main_window - INFO - Successfully added rune position 2: (1633, 383)
2025-09-04 19:05:05,125 - gui.main_window - INFO - Adding rune position 3: (1639, 379)
2025-09-04 19:05:05,128 - automation.rune_creation - INFO - Added rune position: (1639, 379)
2025-09-04 19:05:05,128 - gui.main_window - INFO - Successfully added rune position 3: (1639, 379)
2025-09-04 19:05:05,129 - gui.main_window - INFO - Updating rune positions display. Current positions: [(1633, 383), (1633, 383), (1639, 379)]
2025-09-04 19:05:05,130 - gui.main_window - INFO - Updated display to: Positions: (1633, 383), (1633, 383), (1639, 379) (3/3)
2025-09-04 19:05:06,575 - core.global_hotkeys - INFO - Global hotkey pressed: f2
2025-09-04 19:05:06,576 - gui.main_window - INFO - Testing rune creation logic with 3 positions...
2025-09-04 19:05:06,576 - gui.main_window - INFO - Testing rune creation logic with 3 positions...
2025-09-04 19:05:06,576 - automation.rune_creation - INFO - Starting rune creation sequence...
2025-09-04 19:05:06,576 - automation.rune_creation - INFO - Starting rune creation sequence...
2025-09-04 19:05:06,576 - automation.rune_creation - INFO - Ensuring target window focus: 'VMware Workstation'
2025-09-04 19:05:06,576 - automation.rune_creation - INFO - Ensuring target window focus: 'VMware Workstation'
2025-09-04 19:05:06,577 - core.input_simulator - INFO - Ensuring target window focus: 'VMware Workstation'
2025-09-04 19:05:06,577 - core.input_simulator - INFO - Ensuring target window focus: 'VMware Workstation'
2025-09-04 19:05:06,579 - core.window_focus - INFO - Found partial match: 'Lucas 2 - VMware Workstation' (searching for 'VMware Workstation')
2025-09-04 19:05:06,579 - core.window_focus - INFO - Bringing window to foreground: 'Lucas 2 - VMware Workstation'
2025-09-04 19:05:06,785 - core.window_focus - INFO - Successfully brought 'Lucas 2 - VMware Workstation' to foreground
2025-09-04 19:05:07,285 - core.input_simulator - INFO - Target window focused successfully
2025-09-04 19:05:07,285 - automation.rune_creation - INFO - Target window focused successfully
2025-09-04 19:05:07,286 - automation.rune_creation - INFO - Searching for blank rune on screen...
2025-09-04 19:05:07,286 - automation.rune_creation - INFO - Blank rune image path: C:\Users\Lucas\Desktop\workspace\personal\cyclops\blank.png
2025-09-04 19:05:07,286 - automation.rune_creation - INFO - Blank rune image exists: True
2025-09-04 19:05:07,311 - automation.rune_creation - INFO - Blank rune found at relative position Point(x=np.int64(60), y=np.int64(92)), absolute: (1478, 299)
2025-09-04 19:05:07,311 - automation.rune_creation - INFO - Search region: (1418, 207) - 150x371
2025-09-04 19:05:07,311 - automation.rune_creation - INFO - Found blank rune at (1478, 299)
2025-09-04 19:05:07,311 - automation.rune_creation - INFO - Selected target position: (1639, 379)
2025-09-04 19:05:07,311 - automation.rune_creation - INFO - Clicking on blank rune at (1478, 299) to ensure VM window focus
2025-09-04 19:05:07,313 - core.vmware_input_simulator - INFO - VMware click at (1478, 299) with left button, 1 clicks
2025-09-04 19:05:08,874 - core.vmware_input_simulator - INFO - pyautogui click successful
2025-09-04 19:05:08,874 - automation.rune_creation - INFO - VM focus click result: True
2025-09-04 19:05:09,175 - automation.rune_creation - INFO - VM focus delay completed, proceeding with drag operation
2025-09-04 19:05:09,175 - automation.rune_creation - INFO - Performing VMware drag and drop from (1478, 299) to (1639, 379)...
2025-09-04 19:05:09,177 - core.vmware_input_simulator - INFO - VMware drag from (1478, 299) to (1639, 379)
2025-09-04 19:05:12,500 - core.vmware_input_simulator - INFO - VMware drag successful
2025-09-04 19:05:14,268 - automation.rune_creation - INFO - Pressing hotkey: f6
2025-09-04 19:05:15,570 - automation.rune_creation - INFO - Rune creation sequence completed successfully
2025-09-04 19:05:15,570 - gui.main_window - INFO - Rune creation test completed successfully
2025-09-04 19:05:15,585 - core.window_focus - INFO - Found partial match: 'Lucas 2 - VMware Workstation' (searching for 'VMware Workstation')
2025-09-04 19:05:15,585 - core.window_focus - INFO - Bringing window to foreground: 'Lucas 2 - VMware Workstation'
2025-09-04 19:05:15,787 - core.window_focus - INFO - Successfully brought 'Lucas 2 - VMware Workstation' to foreground
2025-09-04 19:05:16,288 - core.input_simulator - INFO - Target window focused successfully
2025-09-04 19:05:16,288 - automation.rune_creation - INFO - Target window focused successfully
2025-09-04 19:05:16,288 - automation.rune_creation - INFO - Searching for blank rune on screen...
2025-09-04 19:05:16,288 - automation.rune_creation - INFO - Blank rune image path: C:\Users\Lucas\Desktop\workspace\personal\cyclops\blank.png
2025-09-04 19:05:16,289 - automation.rune_creation - INFO - Blank rune image exists: True
2025-09-04 19:05:16,319 - automation.rune_creation - INFO - Blank rune found at relative position Point(x=np.int64(60), y=np.int64(92)), absolute: (1478, 299)
2025-09-04 19:05:16,319 - automation.rune_creation - INFO - Search region: (1418, 207) - 150x371
2025-09-04 19:05:16,319 - automation.rune_creation - INFO - Found blank rune at (1478, 299)
2025-09-04 19:05:16,320 - automation.rune_creation - INFO - Selected target position: (1633, 383)
2025-09-04 19:05:16,320 - automation.rune_creation - INFO - Clicking on blank rune at (1478, 299) to ensure VM window focus
2025-09-04 19:05:16,320 - core.vmware_input_simulator - INFO - VMware click at (1478, 299) with left button, 1 clicks
2025-09-04 19:05:17,896 - core.vmware_input_simulator - INFO - pyautogui click successful
2025-09-04 19:05:17,896 - automation.rune_creation - INFO - VM focus click result: True
2025-09-04 19:05:18,198 - automation.rune_creation - INFO - VM focus delay completed, proceeding with drag operation
2025-09-04 19:05:18,198 - automation.rune_creation - INFO - Performing VMware drag and drop from (1478, 299) to (1633, 383)...
2025-09-04 19:05:18,198 - core.vmware_input_simulator - INFO - VMware drag from (1478, 299) to (1633, 383)
2025-09-04 19:05:21,542 - core.vmware_input_simulator - INFO - VMware drag successful
2025-09-04 19:05:23,307 - automation.rune_creation - INFO - Pressing hotkey: f6
2025-09-04 19:05:24,609 - automation.rune_creation - INFO - Rune creation sequence completed successfully
2025-09-04 19:05:24,609 - gui.main_window - INFO - Rune creation test completed successfully
2025-09-04 19:44:40,865 - cyclops - INFO - Starting Cyclops Desktop Automation Application
2025-09-04 19:44:41,061 - utils.config_manager - INFO - Configuration loaded from C:\Users\Lucas\Desktop\workspace\personal\cyclops\config\default_config.json
2025-09-04 19:44:41,061 - utils.config_manager - INFO - Configuration manager initialized with: C:\Users\Lucas\Desktop\workspace\personal\cyclops\config\default_config.json
2025-09-04 19:44:41,061 - core.screen_capture - INFO - Screen resolution: 1920x1080
2025-09-04 19:44:41,061 - core.ocr_engine - INFO - Tesseract path set to: C:\Program Files\Tesseract-OCR\tesseract.exe
2025-09-04 19:44:41,061 - core.ocr_engine - INFO - OCR Engine initialized with language: eng
2025-09-04 19:44:41,061 - core.computer_vision - INFO - Computer Vision engine initialized
2025-09-04 19:44:41,062 - core.window_focus - INFO - Window Focus Handler initialized
2025-09-04 19:44:41,062 - core.input_simulator - INFO - Input Simulator initialized
2025-09-04 19:44:41,062 - core.state_monitor - INFO - State Monitor initialized
2025-09-04 19:44:41,062 - core.computer_vision - INFO - Computer Vision engine initialized
2025-09-04 19:44:41,062 - core.vmware_input_simulator - INFO - VMware Input Simulator initialized
2025-09-04 19:44:41,062 - core.vmware_input_simulator - INFO - VMware mode: True
2025-09-04 19:44:41,062 - core.vmware_input_simulator - INFO - Input delay: 0.2s
2025-09-04 19:44:41,062 - core.vmware_input_simulator - INFO - Movement duration: 1.0s
2025-09-04 19:44:41,062 - automation.rune_creation - INFO - Loaded 3 rune positions from configuration
2025-09-04 19:44:41,062 - automation.rune_creation - INFO - Rune Creation Automation initialized
2025-09-04 19:44:41,062 - automation.rune_creation - INFO - Rune positions: 3 configured
2025-09-04 19:44:41,062 - automation.rune_creation - INFO - Delay range: 2.0-5.0 minutes
2025-09-04 19:44:41,062 - automation.rune_creation - INFO - Blank rune image: C:\Users\Lucas\Desktop\workspace\personal\cyclops\blank.png
2025-09-04 19:44:41,062 - automation.food_eating - INFO - Food Eating Automation initialized
2025-09-04 19:44:41,062 - automation.food_eating - INFO - Food positions: 3 configured
2025-09-04 19:44:41,062 - automation.food_eating - INFO - Click range: 3-6
2025-09-04 19:44:41,062 - automation.food_eating - INFO - Delay range: 4.0-8.0 minutes
2025-09-04 19:44:41,062 - automation.health_monitor - INFO - Health Monitor Automation initialized
2025-09-04 19:44:41,063 - automation.workflow_manager - INFO - All automation modules initialized
2025-09-04 19:44:41,063 - automation.workflow_manager - INFO - Workflow Manager initialized
2025-09-04 19:44:41,063 - core.global_hotkeys - INFO - Global Hotkey Manager initialized
2025-09-04 19:44:41,119 - core.global_hotkeys - INFO - Registered global hotkey: f2 - Test Rune Creation
2025-09-04 19:44:41,119 - core.global_hotkeys - INFO - Registered global hotkey: f3 - Test Food Eating
2025-09-04 19:44:41,120 - core.global_hotkeys - INFO - Registered global hotkey: page down - Test Image Search
2025-09-04 19:44:41,120 - core.global_hotkeys - INFO - Registered global hotkey: page up - Test Rune Detection
2025-09-04 19:44:41,120 - core.global_hotkeys - INFO - Global hotkey manager started
2025-09-04 19:44:41,120 - gui.main_window - INFO - Global hotkeys registered and started
2025-09-04 19:44:41,129 - gui.main_window - INFO - Updating rune positions display. Current positions: [(1584, 437), (1591, 437), (1595, 441)]
2025-09-04 19:44:41,129 - gui.main_window - INFO - Updated display to: Positions: (1584, 437), (1591, 437), (1595, 441) (3/3)
2025-09-04 19:44:41,133 - gui.main_window - INFO - Updated rune search region display: Region: (1418, 207) - 150x371
2025-09-04 19:44:41,140 - gui.main_window - INFO - Refreshing window list...
2025-09-04 19:44:41,143 - gui.main_window - INFO - Loaded 26 windows
2025-09-04 19:44:41,144 - gui.main_window - INFO - Updating food positions display. Current positions: [[1692, 745], [1693, 743], [1697, 742]]
2025-09-04 19:44:41,144 - gui.main_window - INFO - Updated display to: Positions: (1692, 745), (1693, 743), (1697, 742) (3/3)
2025-09-04 19:44:41,158 - gui.region_selector - INFO - Region overlay created at (1670, 665) - Border only
2025-09-04 19:44:41,159 - gui.main_window - INFO - Persistent overlay created at (1670, 665) - 124x43
2025-09-04 19:44:41,159 - gui.region_selector - INFO - Region overlay created at (1418, 207) - Border only
2025-09-04 19:44:41,159 - gui.main_window - INFO - Rune persistent overlay created at (1418, 207) - 150x371
2025-09-04 19:44:41,159 - automation.workflow_manager - INFO - Registered callback for health_monitor
2025-09-04 19:44:41,160 - gui.main_window - INFO - Main window initialized
2025-09-04 19:44:41,160 - cyclops - INFO - Application started successfully
2025-09-04 19:44:52,180 - gui.main_window - INFO - Starting rune position recording...
2025-09-04 19:44:52,183 - gui.region_selector - INFO - Started recording 3 rune target positions
2025-09-04 19:44:53,045 - gui.region_selector - INFO - Recorded rune target position 1 at (1706, 284)
2025-09-04 19:44:53,287 - gui.region_selector - INFO - Recorded rune target position 2 at (1709, 283)
2025-09-04 19:44:53,549 - gui.region_selector - INFO - Recorded final rune target position 3 at (1712, 280)
2025-09-04 19:44:55,072 - gui.main_window - INFO - Rune position recording callback received: [(1706, 284), (1709, 283), (1712, 280)]
2025-09-04 19:44:55,072 - automation.rune_creation - INFO - Cleared all rune positions
2025-09-04 19:44:55,075 - gui.main_window - INFO - Adding rune position 1: (1706, 284)
2025-09-04 19:44:55,077 - automation.rune_creation - INFO - Added rune position: (1706, 284)
2025-09-04 19:44:55,080 - gui.main_window - INFO - Successfully added rune position 1: (1706, 284)
2025-09-04 19:44:55,082 - gui.main_window - INFO - Adding rune position 2: (1709, 283)
2025-09-04 19:44:55,084 - automation.rune_creation - INFO - Added rune position: (1709, 283)
2025-09-04 19:44:55,086 - gui.main_window - INFO - Successfully added rune position 2: (1709, 283)
2025-09-04 19:44:55,089 - gui.main_window - INFO - Adding rune position 3: (1712, 280)
2025-09-04 19:44:55,094 - automation.rune_creation - INFO - Added rune position: (1712, 280)
2025-09-04 19:44:55,096 - gui.main_window - INFO - Successfully added rune position 3: (1712, 280)
2025-09-04 19:44:55,098 - gui.main_window - INFO - Updating rune positions display. Current positions: [(1706, 284), (1709, 283), (1712, 280)]
2025-09-04 19:44:55,100 - gui.main_window - INFO - Updated display to: Positions: (1706, 284), (1709, 283), (1712, 280) (3/3)
2025-09-04 19:44:59,812 - gui.region_selector - INFO - Region selector initialized
2025-09-04 19:45:01,179 - gui.region_selector - INFO - Region selected: X:1549, Y:185, W:70, H:59
2025-09-04 19:45:02,459 - gui.main_window - INFO - Rune search region selected: (1549, 185) - 70x59
2025-09-04 19:45:02,460 - gui.main_window - INFO - Updated rune search region display: Region: (1549, 185) - 70x59
2025-09-04 19:45:02,477 - gui.region_selector - INFO - Region overlay destroyed
2025-09-04 19:45:02,478 - gui.region_selector - INFO - Region overlay created at (1549, 185) - Border only
2025-09-04 19:45:02,479 - gui.main_window - INFO - Rune persistent overlay created at (1549, 185) - 70x59
2025-09-04 19:45:04,307 - gui.main_window - INFO - Testing blank rune detection...
2025-09-04 19:45:04,346 - automation.rune_creation - INFO - Blank rune found at relative position Point(x=np.int64(33), y=np.int64(32)), absolute: (1582, 217)
2025-09-04 19:45:04,346 - automation.rune_creation - INFO - Search region: (1549, 185) - 70x59
2025-09-04 19:45:04,346 - gui.main_window - INFO - SUCCESS: BLANK IMAGE FOUND at (1582, 217)
2025-09-04 19:45:08,531 - core.global_hotkeys - INFO - Global hotkey pressed: f2
2025-09-04 19:45:08,533 - gui.main_window - INFO - Testing rune creation logic with 3 positions...
2025-09-04 19:45:08,534 - automation.rune_creation - INFO - Starting rune creation sequence...
2025-09-04 19:45:08,534 - gui.main_window - INFO - Testing rune creation logic with 3 positions...
2025-09-04 19:45:08,534 - automation.rune_creation - INFO - Ensuring target window focus: 'VMware Workstation'
2025-09-04 19:45:08,535 - automation.rune_creation - INFO - Starting rune creation sequence...
2025-09-04 19:45:08,535 - core.input_simulator - INFO - Ensuring target window focus: 'VMware Workstation'
2025-09-04 19:45:08,535 - automation.rune_creation - INFO - Ensuring target window focus: 'VMware Workstation'
2025-09-04 19:45:08,536 - core.input_simulator - INFO - Ensuring target window focus: 'VMware Workstation'
2025-09-04 19:45:08,538 - core.window_focus - INFO - Found partial match: 'Lucas 2 - VMware Workstation' (searching for 'VMware Workstation')
2025-09-04 19:45:08,539 - core.window_focus - INFO - Bringing window to foreground: 'Lucas 2 - VMware Workstation'
2025-09-04 19:45:08,555 - core.window_focus - INFO - Found partial match: 'Lucas 2 - VMware Workstation' (searching for 'VMware Workstation')
2025-09-04 19:45:08,556 - core.window_focus - INFO - Bringing window to foreground: 'Lucas 2 - VMware Workstation'
2025-09-04 19:45:08,759 - core.window_focus - INFO - Successfully brought 'Lucas 2 - VMware Workstation' to foreground
2025-09-04 19:45:08,995 - core.window_focus - INFO - Successfully brought 'Lucas 2 - VMware Workstation' to foreground
2025-09-04 19:45:09,260 - core.input_simulator - INFO - Target window focused successfully
2025-09-04 19:45:09,260 - automation.rune_creation - INFO - Target window focused successfully
2025-09-04 19:45:09,260 - automation.rune_creation - INFO - Searching for blank rune on screen...
2025-09-04 19:45:09,260 - automation.rune_creation - INFO - Blank rune image path: C:\Users\Lucas\Desktop\workspace\personal\cyclops\blank.png
2025-09-04 19:45:09,260 - automation.rune_creation - INFO - Blank rune image exists: True
2025-09-04 19:45:09,282 - automation.rune_creation - WARNING - Could not find blank rune on screen
2025-09-04 19:45:09,283 - automation.rune_creation - WARNING - This is why the F2 test stops after window focus!
2025-09-04 19:45:09,283 - automation.rune_creation - WARNING - Check if:
2025-09-04 19:45:09,283 - automation.rune_creation - WARNING - 1. The blank rune image file exists
2025-09-04 19:45:09,283 - automation.rune_creation - WARNING - 2. The search region is correct
2025-09-04 19:45:09,284 - automation.rune_creation - WARNING - 3. The blank rune is visible in the search region
2025-09-04 19:45:09,284 - gui.main_window - ERROR - Rune creation test failed - sequence returned False
2025-09-04 19:45:09,496 - core.input_simulator - INFO - Target window focused successfully
2025-09-04 19:45:09,496 - automation.rune_creation - INFO - Target window focused successfully
2025-09-04 19:45:09,496 - automation.rune_creation - INFO - Searching for blank rune on screen...
2025-09-04 19:45:09,497 - automation.rune_creation - INFO - Blank rune image path: C:\Users\Lucas\Desktop\workspace\personal\cyclops\blank.png
2025-09-04 19:45:09,497 - automation.rune_creation - INFO - Blank rune image exists: True
2025-09-04 19:45:09,516 - automation.rune_creation - WARNING - Could not find blank rune on screen
2025-09-04 19:45:09,516 - automation.rune_creation - WARNING - This is why the F2 test stops after window focus!
2025-09-04 19:45:09,516 - automation.rune_creation - WARNING - Check if:
2025-09-04 19:45:09,516 - automation.rune_creation - WARNING - 1. The blank rune image file exists
2025-09-04 19:45:09,517 - automation.rune_creation - WARNING - 2. The search region is correct
2025-09-04 19:45:09,517 - automation.rune_creation - WARNING - 3. The blank rune is visible in the search region
2025-09-04 19:45:09,517 - gui.main_window - ERROR - Rune creation test failed - sequence returned False
2025-09-04 19:45:17,674 - gui.main_window - INFO - Testing window focus for: 'ec2'
2025-09-04 19:45:17,676 - core.window_focus - INFO - Found partial match: 'ec2-52-15-55-182.us-east-2.compute.amazonaws.com:1 (ec2amaz-u9o9663) - RealVNC Viewer' (searching for 'ec2')
2025-09-04 19:45:17,676 - core.window_focus - INFO - Bringing window to foreground: 'ec2-52-15-55-182.us-east-2.compute.amazonaws.com:1 (ec2amaz-u9o9663) - RealVNC Viewer'
2025-09-04 19:45:17,881 - core.window_focus - INFO - Successfully brought 'ec2-52-15-55-182.us-east-2.compute.amazonaws.com:1 (ec2amaz-u9o9663) - RealVNC Viewer' to foreground
2025-09-04 19:45:20,738 - gui.main_window - INFO - Testing blank rune detection...
2025-09-04 19:45:20,762 - automation.rune_creation - INFO - Blank rune found at relative position Point(x=np.int64(33), y=np.int64(32)), absolute: (1582, 217)
2025-09-04 19:45:20,763 - automation.rune_creation - INFO - Search region: (1549, 185) - 70x59
2025-09-04 19:45:20,763 - gui.main_window - INFO - SUCCESS: BLANK IMAGE FOUND at (1582, 217)
2025-09-04 19:45:22,873 - core.global_hotkeys - INFO - Global hotkey pressed: f2
2025-09-04 19:45:22,874 - gui.main_window - INFO - Testing rune creation logic with 3 positions...
2025-09-04 19:45:22,874 - automation.rune_creation - INFO - Starting rune creation sequence...
2025-09-04 19:45:22,874 - gui.main_window - INFO - Testing rune creation logic with 3 positions...
2025-09-04 19:45:22,874 - automation.rune_creation - INFO - Ensuring target window focus: 'VMware Workstation'
2025-09-04 19:45:22,874 - automation.rune_creation - INFO - Starting rune creation sequence...
2025-09-04 19:45:22,874 - core.input_simulator - INFO - Ensuring target window focus: 'VMware Workstation'
2025-09-04 19:45:22,875 - automation.rune_creation - INFO - Ensuring target window focus: 'VMware Workstation'
2025-09-04 19:45:22,876 - core.input_simulator - INFO - Ensuring target window focus: 'VMware Workstation'
2025-09-04 19:45:22,877 - core.window_focus - INFO - Found partial match: 'Lucas 2 - VMware Workstation' (searching for 'VMware Workstation')
2025-09-04 19:45:22,877 - core.window_focus - INFO - Bringing window to foreground: 'Lucas 2 - VMware Workstation'
2025-09-04 19:45:22,891 - core.window_focus - INFO - Found partial match: 'Lucas 2 - VMware Workstation' (searching for 'VMware Workstation')
2025-09-04 19:45:22,891 - core.window_focus - INFO - Bringing window to foreground: 'Lucas 2 - VMware Workstation'
2025-09-04 19:45:23,094 - core.window_focus - INFO - Successfully brought 'Lucas 2 - VMware Workstation' to foreground
2025-09-04 19:45:23,341 - core.window_focus - INFO - Successfully brought 'Lucas 2 - VMware Workstation' to foreground
2025-09-04 19:45:23,595 - core.input_simulator - INFO - Target window focused successfully
2025-09-04 19:45:23,595 - automation.rune_creation - INFO - Target window focused successfully
2025-09-04 19:45:23,596 - automation.rune_creation - INFO - Searching for blank rune on screen...
2025-09-04 19:45:23,596 - automation.rune_creation - INFO - Blank rune image path: C:\Users\Lucas\Desktop\workspace\personal\cyclops\blank.png
2025-09-04 19:45:23,596 - automation.rune_creation - INFO - Blank rune image exists: True
2025-09-04 19:45:23,618 - automation.rune_creation - WARNING - Could not find blank rune on screen
2025-09-04 19:45:23,619 - automation.rune_creation - WARNING - This is why the F2 test stops after window focus!
2025-09-04 19:45:23,619 - automation.rune_creation - WARNING - Check if:
2025-09-04 19:45:23,619 - automation.rune_creation - WARNING - 1. The blank rune image file exists
2025-09-04 19:45:23,619 - automation.rune_creation - WARNING - 2. The search region is correct
2025-09-04 19:45:23,619 - automation.rune_creation - WARNING - 3. The blank rune is visible in the search region
2025-09-04 19:45:23,619 - gui.main_window - ERROR - Rune creation test failed - sequence returned False
2025-09-04 19:45:23,841 - core.input_simulator - INFO - Target window focused successfully
2025-09-04 19:45:23,841 - automation.rune_creation - INFO - Target window focused successfully
2025-09-04 19:45:23,841 - automation.rune_creation - INFO - Searching for blank rune on screen...
2025-09-04 19:45:23,841 - automation.rune_creation - INFO - Blank rune image path: C:\Users\Lucas\Desktop\workspace\personal\cyclops\blank.png
2025-09-04 19:45:23,842 - automation.rune_creation - INFO - Blank rune image exists: True
2025-09-04 19:45:23,863 - automation.rune_creation - WARNING - Could not find blank rune on screen
2025-09-04 19:45:23,863 - automation.rune_creation - WARNING - This is why the F2 test stops after window focus!
2025-09-04 19:45:23,864 - automation.rune_creation - WARNING - Check if:
2025-09-04 19:45:23,864 - automation.rune_creation - WARNING - 1. The blank rune image file exists
2025-09-04 19:45:23,864 - automation.rune_creation - WARNING - 2. The search region is correct
2025-09-04 19:45:23,865 - automation.rune_creation - WARNING - 3. The blank rune is visible in the search region
2025-09-04 19:45:23,865 - gui.main_window - ERROR - Rune creation test failed - sequence returned False
2025-09-04 19:45:30,550 - gui.main_window - INFO - Selected window: ec2-52-15-55-182.us-east-2.compute.amazonaws.com:1
2025-09-04 19:45:32,985 - gui.main_window - INFO - Refreshing window list...
2025-09-04 19:45:32,987 - gui.main_window - INFO - Loaded 35 windows
2025-09-04 19:45:35,060 - gui.main_window - INFO - Testing window focus for: 'ec2-52-15-55-182.us-east-2.compute.amazonaws.com:1'
2025-09-04 19:45:35,061 - core.window_focus - INFO - Found partial match: 'ec2-52-15-55-182.us-east-2.compute.amazonaws.com:1 (ec2amaz-u9o9663) - RealVNC Viewer' (searching for 'ec2-52-15-55-182.us-east-2.compute.amazonaws.com:1')
2025-09-04 19:45:35,061 - core.window_focus - INFO - Bringing window to foreground: 'ec2-52-15-55-182.us-east-2.compute.amazonaws.com:1 (ec2amaz-u9o9663) - RealVNC Viewer'
2025-09-04 19:45:35,268 - core.window_focus - INFO - Successfully brought 'ec2-52-15-55-182.us-east-2.compute.amazonaws.com:1 (ec2amaz-u9o9663) - RealVNC Viewer' to foreground
2025-09-04 19:45:38,086 - core.global_hotkeys - INFO - Global hotkey pressed: f2
2025-09-04 19:45:38,087 - gui.main_window - INFO - Testing rune creation logic with 3 positions...
2025-09-04 19:45:38,087 - automation.rune_creation - INFO - Starting rune creation sequence...
2025-09-04 19:45:38,087 - gui.main_window - INFO - Testing rune creation logic with 3 positions...
2025-09-04 19:45:38,087 - automation.rune_creation - INFO - Ensuring target window focus: 'VMware Workstation'
2025-09-04 19:45:38,088 - automation.rune_creation - INFO - Starting rune creation sequence...
2025-09-04 19:45:38,088 - core.input_simulator - INFO - Ensuring target window focus: 'VMware Workstation'
2025-09-04 19:45:38,088 - automation.rune_creation - INFO - Ensuring target window focus: 'VMware Workstation'
2025-09-04 19:45:38,089 - core.input_simulator - INFO - Ensuring target window focus: 'VMware Workstation'
2025-09-04 19:45:38,091 - core.window_focus - INFO - Found partial match: 'Lucas 2 - VMware Workstation' (searching for 'VMware Workstation')
2025-09-04 19:45:38,091 - core.window_focus - INFO - Bringing window to foreground: 'Lucas 2 - VMware Workstation'
2025-09-04 19:45:38,104 - core.window_focus - INFO - Found partial match: 'Lucas 2 - VMware Workstation' (searching for 'VMware Workstation')
2025-09-04 19:45:38,105 - core.window_focus - INFO - Bringing window to foreground: 'Lucas 2 - VMware Workstation'
2025-09-04 19:45:38,306 - core.window_focus - INFO - Successfully brought 'Lucas 2 - VMware Workstation' to foreground
2025-09-04 19:45:38,542 - core.window_focus - INFO - Successfully brought 'Lucas 2 - VMware Workstation' to foreground
2025-09-04 19:45:38,807 - core.input_simulator - INFO - Target window focused successfully
2025-09-04 19:45:38,807 - automation.rune_creation - INFO - Target window focused successfully
2025-09-04 19:45:38,807 - automation.rune_creation - INFO - Searching for blank rune on screen...
2025-09-04 19:45:38,807 - automation.rune_creation - INFO - Blank rune image path: C:\Users\Lucas\Desktop\workspace\personal\cyclops\blank.png
2025-09-04 19:45:38,808 - automation.rune_creation - INFO - Blank rune image exists: True
2025-09-04 19:45:38,832 - automation.rune_creation - WARNING - Could not find blank rune on screen
2025-09-04 19:45:38,833 - automation.rune_creation - WARNING - This is why the F2 test stops after window focus!
2025-09-04 19:45:38,833 - automation.rune_creation - WARNING - Check if:
2025-09-04 19:45:38,833 - automation.rune_creation - WARNING - 1. The blank rune image file exists
2025-09-04 19:45:38,833 - automation.rune_creation - WARNING - 2. The search region is correct
2025-09-04 19:45:38,833 - automation.rune_creation - WARNING - 3. The blank rune is visible in the search region
2025-09-04 19:45:38,833 - gui.main_window - ERROR - Rune creation test failed - sequence returned False
2025-09-04 19:45:39,043 - core.input_simulator - INFO - Target window focused successfully
2025-09-04 19:45:39,043 - automation.rune_creation - INFO - Target window focused successfully
2025-09-04 19:45:39,044 - automation.rune_creation - INFO - Searching for blank rune on screen...
2025-09-04 19:45:39,044 - automation.rune_creation - INFO - Blank rune image path: C:\Users\Lucas\Desktop\workspace\personal\cyclops\blank.png
2025-09-04 19:45:39,044 - automation.rune_creation - INFO - Blank rune image exists: True
2025-09-04 19:45:39,066 - automation.rune_creation - WARNING - Could not find blank rune on screen
2025-09-04 19:45:39,066 - automation.rune_creation - WARNING - This is why the F2 test stops after window focus!
2025-09-04 19:45:39,066 - automation.rune_creation - WARNING - Check if:
2025-09-04 19:45:39,066 - automation.rune_creation - WARNING - 1. The blank rune image file exists
2025-09-04 19:45:39,066 - automation.rune_creation - WARNING - 2. The search region is correct
2025-09-04 19:45:39,067 - automation.rune_creation - WARNING - 3. The blank rune is visible in the search region
2025-09-04 19:45:39,067 - gui.main_window - ERROR - Rune creation test failed - sequence returned False
2025-09-04 19:51:12,786 - cyclops - INFO - Starting Cyclops Desktop Automation Application
2025-09-04 19:51:13,023 - utils.config_manager - INFO - Configuration loaded from C:\Users\Lucas\Desktop\workspace\personal\cyclops\config\default_config.json
2025-09-04 19:51:13,024 - utils.config_manager - INFO - Configuration manager initialized with: C:\Users\Lucas\Desktop\workspace\personal\cyclops\config\default_config.json
2025-09-04 19:51:13,024 - core.screen_capture - INFO - Screen resolution: 1920x1080
2025-09-04 19:51:13,024 - core.ocr_engine - INFO - Tesseract path set to: C:\Program Files\Tesseract-OCR\tesseract.exe
2025-09-04 19:51:13,024 - core.ocr_engine - INFO - OCR Engine initialized with language: eng
2025-09-04 19:51:13,025 - core.computer_vision - INFO - Computer Vision engine initialized
2025-09-04 19:51:13,025 - core.window_focus - INFO - Window Focus Handler initialized
2025-09-04 19:51:13,025 - core.input_simulator - INFO - Input Simulator initialized
2025-09-04 19:51:13,025 - core.state_monitor - INFO - State Monitor initialized
2025-09-04 19:51:13,025 - core.computer_vision - INFO - Computer Vision engine initialized
2025-09-04 19:51:13,025 - core.vmware_input_simulator - INFO - VMware Input Simulator initialized
2025-09-04 19:51:13,025 - core.vmware_input_simulator - INFO - VMware mode: True
2025-09-04 19:51:13,025 - core.vmware_input_simulator - INFO - Input delay: 0.2s
2025-09-04 19:51:13,025 - core.vmware_input_simulator - INFO - Movement duration: 1.0s
2025-09-04 19:51:13,025 - automation.rune_creation - INFO - Loaded 3 rune positions from configuration
2025-09-04 19:51:13,025 - automation.rune_creation - INFO - Rune Creation Automation initialized
2025-09-04 19:51:13,025 - automation.rune_creation - INFO - Rune positions: 3 configured
2025-09-04 19:51:13,025 - automation.rune_creation - INFO - Delay range: 2.0-5.0 minutes
2025-09-04 19:51:13,025 - automation.rune_creation - INFO - Blank rune image: C:\Users\Lucas\Desktop\workspace\personal\cyclops\blank.png
2025-09-04 19:51:13,025 - automation.food_eating - INFO - Food Eating Automation initialized
2025-09-04 19:51:13,025 - automation.food_eating - INFO - Food positions: 3 configured
2025-09-04 19:51:13,025 - automation.food_eating - INFO - Click range: 3-6
2025-09-04 19:51:13,025 - automation.food_eating - INFO - Delay range: 4.0-8.0 minutes
2025-09-04 19:51:13,025 - automation.health_monitor - INFO - Health Monitor Automation initialized
2025-09-04 19:51:13,026 - automation.workflow_manager - INFO - All automation modules initialized
2025-09-04 19:51:13,026 - automation.workflow_manager - INFO - Workflow Manager initialized
2025-09-04 19:51:13,026 - core.global_hotkeys - INFO - Global Hotkey Manager initialized
2025-09-04 19:51:13,087 - core.global_hotkeys - INFO - Registered global hotkey: f2 - Test Rune Creation
2025-09-04 19:51:13,087 - core.global_hotkeys - INFO - Registered global hotkey: f3 - Test Food Eating
2025-09-04 19:51:13,088 - core.global_hotkeys - INFO - Registered global hotkey: page down - Test Image Search
2025-09-04 19:51:13,088 - core.global_hotkeys - INFO - Registered global hotkey: page up - Test Rune Detection
2025-09-04 19:51:13,089 - core.global_hotkeys - INFO - Global hotkey manager started
2025-09-04 19:51:13,089 - gui.main_window - INFO - Global hotkeys registered and started
2025-09-04 19:51:13,105 - gui.main_window - INFO - Updating rune positions display. Current positions: [(1584, 437), (1591, 437), (1595, 441)]
2025-09-04 19:51:13,105 - gui.main_window - INFO - Updated display to: Positions: (1584, 437), (1591, 437), (1595, 441) (3/3)
2025-09-04 19:51:13,113 - gui.main_window - INFO - Updated rune search region display: Region: (1418, 207) - 150x371
2025-09-04 19:51:13,118 - gui.main_window - INFO - Updating food positions display. Current positions: [[1692, 745], [1693, 743], [1697, 742]]
2025-09-04 19:51:13,118 - gui.main_window - INFO - Updated display to: Positions: (1692, 745), (1693, 743), (1697, 742) (3/3)
2025-09-04 19:51:13,138 - gui.region_selector - INFO - Region overlay created at (1670, 665) - Border only
2025-09-04 19:51:13,138 - gui.main_window - INFO - Persistent overlay created at (1670, 665) - 124x43
2025-09-04 19:51:13,138 - gui.region_selector - INFO - Region overlay created at (1418, 207) - Border only
2025-09-04 19:51:13,138 - gui.main_window - INFO - Rune persistent overlay created at (1418, 207) - 150x371
2025-09-04 19:51:13,138 - automation.workflow_manager - INFO - Registered callback for health_monitor
2025-09-04 19:51:13,139 - gui.main_window - INFO - Main window initialized
2025-09-04 19:51:13,139 - cyclops - INFO - Application started successfully
2025-09-04 19:51:21,643 - gui.region_selector - INFO - Region selector initialized
2025-09-04 19:51:23,301 - gui.region_selector - INFO - Region selected: X:1523, Y:184, W:132, H:68
2025-09-04 19:51:23,981 - gui.main_window - INFO - Rune search region selected: (1523, 184) - 132x68
2025-09-04 19:51:23,982 - gui.main_window - INFO - Updated rune search region display: Region: (1523, 184) - 132x68
2025-09-04 19:51:24,000 - gui.region_selector - INFO - Region overlay destroyed
2025-09-04 19:51:24,002 - gui.region_selector - INFO - Region overlay created at (1523, 184) - Border only
2025-09-04 19:51:24,003 - gui.main_window - INFO - Rune persistent overlay created at (1523, 184) - 132x68
2025-09-04 19:51:30,544 - gui.main_window - INFO - Testing blank rune detection...
2025-09-04 19:51:30,581 - automation.rune_creation - INFO - Blank rune found at relative position Point(x=np.int64(59), y=np.int64(33)), absolute: (1582, 217)
2025-09-04 19:51:30,581 - automation.rune_creation - INFO - Search region: (1523, 184) - 132x68
2025-09-04 19:51:30,581 - gui.main_window - INFO - SUCCESS: BLANK IMAGE FOUND at (1582, 217)
2025-09-04 19:51:33,026 - core.global_hotkeys - INFO - Global hotkey pressed: f2
2025-09-04 19:51:33,027 - gui.main_window - INFO - Testing rune creation logic with 3 positions...
2025-09-04 19:51:33,027 - automation.rune_creation - INFO - Starting rune creation sequence...
2025-09-04 19:51:33,027 - gui.main_window - INFO - Testing rune creation logic with 3 positions...
2025-09-04 19:51:33,027 - automation.rune_creation - INFO - Searching for blank rune on screen...
2025-09-04 19:51:33,028 - automation.rune_creation - INFO - Starting rune creation sequence...
2025-09-04 19:51:33,028 - automation.rune_creation - INFO - Blank rune image path: C:\Users\Lucas\Desktop\workspace\personal\cyclops\blank.png
2025-09-04 19:51:33,028 - automation.rune_creation - INFO - Searching for blank rune on screen...
2025-09-04 19:51:33,028 - automation.rune_creation - INFO - Blank rune image exists: True
2025-09-04 19:51:33,028 - automation.rune_creation - INFO - Blank rune image path: C:\Users\Lucas\Desktop\workspace\personal\cyclops\blank.png
2025-09-04 19:51:33,042 - automation.rune_creation - INFO - Blank rune image exists: True
2025-09-04 19:51:33,061 - automation.rune_creation - INFO - Blank rune found at relative position Point(x=np.int64(59), y=np.int64(33)), absolute: (1582, 217)
2025-09-04 19:51:33,062 - automation.rune_creation - INFO - Search region: (1523, 184) - 132x68
2025-09-04 19:51:33,062 - automation.rune_creation - INFO - Found blank rune at (1582, 217)
2025-09-04 19:51:33,062 - automation.rune_creation - INFO - Selected target position: (1591, 437)
2025-09-04 19:51:33,062 - automation.rune_creation - INFO - Performing VMware drag and drop from (1582, 217) to (1591, 437)...
2025-09-04 19:51:33,063 - core.vmware_input_simulator - INFO - VMware drag from (1582, 217) to (1591, 437)
2025-09-04 19:51:33,063 - automation.rune_creation - INFO - Blank rune found at relative position Point(x=np.int64(59), y=np.int64(33)), absolute: (1582, 217)
2025-09-04 19:51:33,063 - automation.rune_creation - INFO - Search region: (1523, 184) - 132x68
2025-09-04 19:51:33,064 - automation.rune_creation - INFO - Found blank rune at (1582, 217)
2025-09-04 19:51:33,064 - automation.rune_creation - INFO - Selected target position: (1584, 437)
2025-09-04 19:51:33,064 - automation.rune_creation - INFO - Performing VMware drag and drop from (1582, 217) to (1584, 437)...
2025-09-04 19:51:33,064 - core.vmware_input_simulator - INFO - VMware drag from (1582, 217) to (1584, 437)
2025-09-04 19:51:36,387 - core.vmware_input_simulator - INFO - VMware drag successful
2025-09-04 19:51:36,390 - core.vmware_input_simulator - INFO - VMware drag successful
2025-09-04 19:51:36,888 - automation.rune_creation - INFO - Pressing hotkey: f6
2025-09-04 19:51:36,890 - automation.rune_creation - INFO - Pressing hotkey: f6
2025-09-04 19:51:38,190 - automation.rune_creation - INFO - Rune creation sequence completed successfully
2025-09-04 19:51:38,190 - gui.main_window - INFO - Rune creation test completed successfully
2025-09-04 19:51:38,193 - automation.rune_creation - INFO - Rune creation sequence completed successfully
2025-09-04 19:51:38,193 - gui.main_window - INFO - Rune creation test completed successfully
2025-09-04 19:51:52,249 - gui.main_window - INFO - Starting rune position recording...
2025-09-04 19:51:52,252 - gui.region_selector - INFO - Started recording 3 rune target positions
2025-09-04 19:51:53,069 - gui.region_selector - INFO - Recorded rune target position 1 at (1709, 282)
2025-09-04 19:51:53,410 - gui.region_selector - INFO - Recorded rune target position 2 at (1714, 280)
2025-09-04 19:51:53,670 - gui.region_selector - INFO - Recorded final rune target position 3 at (1714, 280)
2025-09-04 19:51:55,189 - gui.main_window - INFO - Rune position recording callback received: [(1709, 282), (1714, 280), (1714, 280)]
2025-09-04 19:51:55,189 - automation.rune_creation - INFO - Cleared all rune positions
2025-09-04 19:51:55,190 - gui.main_window - INFO - Adding rune position 1: (1709, 282)
2025-09-04 19:51:55,192 - automation.rune_creation - INFO - Added rune position: (1709, 282)
2025-09-04 19:51:55,195 - gui.main_window - INFO - Successfully added rune position 1: (1709, 282)
2025-09-04 19:51:55,197 - gui.main_window - INFO - Adding rune position 2: (1714, 280)
2025-09-04 19:51:55,200 - automation.rune_creation - INFO - Added rune position: (1714, 280)
2025-09-04 19:51:55,202 - gui.main_window - INFO - Successfully added rune position 2: (1714, 280)
2025-09-04 19:51:55,203 - gui.main_window - INFO - Adding rune position 3: (1714, 280)
2025-09-04 19:51:55,206 - automation.rune_creation - INFO - Added rune position: (1714, 280)
2025-09-04 19:51:55,209 - gui.main_window - INFO - Successfully added rune position 3: (1714, 280)
2025-09-04 19:51:55,212 - gui.main_window - INFO - Updating rune positions display. Current positions: [(1709, 282), (1714, 280), (1714, 280)]
2025-09-04 19:51:55,214 - gui.main_window - INFO - Updated display to: Positions: (1709, 282), (1714, 280), (1714, 280) (3/3)
2025-09-04 19:51:58,001 - core.global_hotkeys - INFO - Global hotkey pressed: f2
2025-09-04 19:51:58,001 - gui.main_window - INFO - Testing rune creation logic with 3 positions...
2025-09-04 19:51:58,002 - automation.rune_creation - INFO - Starting rune creation sequence...
2025-09-04 19:51:58,002 - gui.main_window - INFO - Testing rune creation logic with 3 positions...
2025-09-04 19:51:58,002 - automation.rune_creation - INFO - Searching for blank rune on screen...
2025-09-04 19:51:58,002 - automation.rune_creation - INFO - Starting rune creation sequence...
2025-09-04 19:51:58,002 - automation.rune_creation - INFO - Blank rune image path: C:\Users\Lucas\Desktop\workspace\personal\cyclops\blank.png
2025-09-04 19:51:58,002 - automation.rune_creation - INFO - Searching for blank rune on screen...
2025-09-04 19:51:58,003 - automation.rune_creation - INFO - Blank rune image exists: True
2025-09-04 19:51:58,003 - automation.rune_creation - INFO - Blank rune image path: C:\Users\Lucas\Desktop\workspace\personal\cyclops\blank.png
2025-09-04 19:51:58,022 - automation.rune_creation - INFO - Blank rune image exists: True
2025-09-04 19:51:58,040 - automation.rune_creation - INFO - Blank rune found at relative position Point(x=np.int64(59), y=np.int64(33)), absolute: (1582, 217)
2025-09-04 19:51:58,040 - automation.rune_creation - INFO - Search region: (1523, 184) - 132x68
2025-09-04 19:51:58,040 - automation.rune_creation - INFO - Found blank rune at (1582, 217)
2025-09-04 19:51:58,040 - automation.rune_creation - INFO - Selected target position: (1709, 282)
2025-09-04 19:51:58,041 - automation.rune_creation - INFO - Performing VMware drag and drop from (1582, 217) to (1709, 282)...
2025-09-04 19:51:58,041 - core.vmware_input_simulator - INFO - VMware drag from (1582, 217) to (1709, 282)
2025-09-04 19:51:58,042 - automation.rune_creation - INFO - Blank rune found at relative position Point(x=np.int64(59), y=np.int64(33)), absolute: (1582, 217)
2025-09-04 19:51:58,042 - automation.rune_creation - INFO - Search region: (1523, 184) - 132x68
2025-09-04 19:51:58,043 - automation.rune_creation - INFO - Found blank rune at (1582, 217)
2025-09-04 19:51:58,043 - automation.rune_creation - INFO - Selected target position: (1714, 280)
2025-09-04 19:51:58,043 - automation.rune_creation - INFO - Performing VMware drag and drop from (1582, 217) to (1714, 280)...
2025-09-04 19:51:58,043 - core.vmware_input_simulator - INFO - VMware drag from (1582, 217) to (1714, 280)
2025-09-04 19:52:01,370 - core.vmware_input_simulator - INFO - VMware drag successful
2025-09-04 19:52:01,370 - core.vmware_input_simulator - INFO - VMware drag successful
2025-09-04 19:52:01,871 - automation.rune_creation - INFO - Pressing hotkey: f6
2025-09-04 19:52:01,872 - automation.rune_creation - INFO - Pressing hotkey: f6
2025-09-04 19:52:03,173 - automation.rune_creation - INFO - Rune creation sequence completed successfully
2025-09-04 19:52:03,173 - gui.main_window - INFO - Rune creation test completed successfully
2025-09-04 19:52:03,176 - automation.rune_creation - INFO - Rune creation sequence completed successfully
2025-09-04 19:52:03,176 - gui.main_window - INFO - Rune creation test completed successfully
2025-09-04 19:52:11,691 - core.global_hotkeys - INFO - Global hotkey pressed: f2
2025-09-04 19:52:11,692 - gui.main_window - INFO - Testing rune creation logic with 3 positions...
2025-09-04 19:52:11,693 - automation.rune_creation - INFO - Starting rune creation sequence...
2025-09-04 19:52:11,693 - gui.main_window - INFO - Testing rune creation logic with 3 positions...
2025-09-04 19:52:11,693 - automation.rune_creation - INFO - Searching for blank rune on screen...
2025-09-04 19:52:11,693 - automation.rune_creation - INFO - Starting rune creation sequence...
2025-09-04 19:52:11,693 - automation.rune_creation - INFO - Blank rune image path: C:\Users\Lucas\Desktop\workspace\personal\cyclops\blank.png
2025-09-04 19:52:11,693 - automation.rune_creation - INFO - Searching for blank rune on screen...
2025-09-04 19:52:11,694 - automation.rune_creation - INFO - Blank rune image exists: True
2025-09-04 19:52:11,694 - automation.rune_creation - INFO - Blank rune image path: C:\Users\Lucas\Desktop\workspace\personal\cyclops\blank.png
2025-09-04 19:52:11,711 - automation.rune_creation - INFO - Blank rune image exists: True
2025-09-04 19:52:11,730 - automation.rune_creation - WARNING - Could not find blank rune on screen
2025-09-04 19:52:11,730 - automation.rune_creation - WARNING - This is why the F2 test stops after window focus!
2025-09-04 19:52:11,731 - automation.rune_creation - WARNING - Check if:
2025-09-04 19:52:11,732 - automation.rune_creation - WARNING - 1. The blank rune image file exists
2025-09-04 19:52:11,732 - automation.rune_creation - WARNING - 2. The search region is correct
2025-09-04 19:52:11,732 - automation.rune_creation - WARNING - 3. The blank rune is visible in the search region
2025-09-04 19:52:11,732 - automation.rune_creation - WARNING - Could not find blank rune on screen
2025-09-04 19:52:11,732 - gui.main_window - ERROR - Rune creation test failed - sequence returned False
2025-09-04 19:52:11,733 - automation.rune_creation - WARNING - This is why the F2 test stops after window focus!
2025-09-04 19:52:11,733 - automation.rune_creation - WARNING - Check if:
2025-09-04 19:52:11,733 - automation.rune_creation - WARNING - 1. The blank rune image file exists
2025-09-04 19:52:11,734 - automation.rune_creation - WARNING - 2. The search region is correct
2025-09-04 19:52:11,734 - automation.rune_creation - WARNING - 3. The blank rune is visible in the search region
2025-09-04 19:52:11,734 - gui.main_window - ERROR - Rune creation test failed - sequence returned False
2025-09-04 19:52:17,118 - core.global_hotkeys - INFO - Global hotkey pressed: f2
2025-09-04 19:52:17,120 - gui.main_window - INFO - Testing rune creation logic with 3 positions...
2025-09-04 19:52:17,120 - automation.rune_creation - INFO - Starting rune creation sequence...
2025-09-04 19:52:17,120 - gui.main_window - INFO - Testing rune creation logic with 3 positions...
2025-09-04 19:52:17,121 - automation.rune_creation - INFO - Searching for blank rune on screen...
2025-09-04 19:52:17,121 - automation.rune_creation - INFO - Starting rune creation sequence...
2025-09-04 19:52:17,122 - automation.rune_creation - INFO - Blank rune image path: C:\Users\Lucas\Desktop\workspace\personal\cyclops\blank.png
2025-09-04 19:52:17,122 - automation.rune_creation - INFO - Searching for blank rune on screen...
2025-09-04 19:52:17,123 - automation.rune_creation - INFO - Blank rune image exists: True
2025-09-04 19:52:17,123 - automation.rune_creation - INFO - Blank rune image path: C:\Users\Lucas\Desktop\workspace\personal\cyclops\blank.png
2025-09-04 19:52:17,139 - automation.rune_creation - INFO - Blank rune image exists: True
2025-09-04 19:52:17,158 - automation.rune_creation - INFO - Blank rune found at relative position Point(x=np.int64(59), y=np.int64(33)), absolute: (1582, 217)
2025-09-04 19:52:17,159 - automation.rune_creation - INFO - Search region: (1523, 184) - 132x68
2025-09-04 19:52:17,160 - automation.rune_creation - INFO - Found blank rune at (1582, 217)
2025-09-04 19:52:17,160 - automation.rune_creation - INFO - Selected target position: (1709, 282)
2025-09-04 19:52:17,160 - automation.rune_creation - INFO - Performing VMware drag and drop from (1582, 217) to (1709, 282)...
2025-09-04 19:52:17,161 - core.vmware_input_simulator - INFO - VMware drag from (1582, 217) to (1709, 282)
2025-09-04 19:52:17,162 - automation.rune_creation - INFO - Blank rune found at relative position Point(x=np.int64(59), y=np.int64(33)), absolute: (1582, 217)
2025-09-04 19:52:17,162 - automation.rune_creation - INFO - Search region: (1523, 184) - 132x68
2025-09-04 19:52:17,162 - automation.rune_creation - INFO - Found blank rune at (1582, 217)
2025-09-04 19:52:17,162 - automation.rune_creation - INFO - Selected target position: (1709, 282)
2025-09-04 19:52:17,163 - automation.rune_creation - INFO - Performing VMware drag and drop from (1582, 217) to (1709, 282)...
2025-09-04 19:52:17,163 - core.vmware_input_simulator - INFO - VMware drag from (1582, 217) to (1709, 282)
2025-09-04 19:52:20,493 - core.vmware_input_simulator - INFO - VMware drag successful
2025-09-04 19:52:20,493 - core.vmware_input_simulator - INFO - VMware drag successful
2025-09-04 19:52:20,993 - automation.rune_creation - INFO - Pressing hotkey: f6
2025-09-04 19:52:20,994 - automation.rune_creation - INFO - Pressing hotkey: f6
2025-09-04 19:52:22,296 - automation.rune_creation - INFO - Rune creation sequence completed successfully
2025-09-04 19:52:22,296 - gui.main_window - INFO - Rune creation test completed successfully
2025-09-04 19:52:22,297 - automation.rune_creation - INFO - Rune creation sequence completed successfully
2025-09-04 19:52:22,297 - gui.main_window - INFO - Rune creation test completed successfully
2025-09-04 19:58:19,715 - cyclops - INFO - Starting Cyclops Desktop Automation Application
2025-09-04 19:58:19,882 - utils.config_manager - INFO - Configuration loaded from C:\Users\Lucas\Desktop\workspace\personal\cyclops\config\default_config.json
2025-09-04 19:58:19,883 - utils.config_manager - INFO - Configuration manager initialized with: C:\Users\Lucas\Desktop\workspace\personal\cyclops\config\default_config.json
2025-09-04 19:58:19,883 - core.screen_capture - INFO - Screen resolution: 1920x1080
2025-09-04 19:58:19,883 - core.ocr_engine - INFO - Tesseract path set to: C:\Program Files\Tesseract-OCR\tesseract.exe
2025-09-04 19:58:19,883 - core.ocr_engine - INFO - OCR Engine initialized with language: eng
2025-09-04 19:58:19,883 - core.computer_vision - INFO - Computer Vision engine initialized
2025-09-04 19:58:19,883 - core.window_focus - INFO - Window Focus Handler initialized
2025-09-04 19:58:19,884 - core.input_simulator - INFO - Input Simulator initialized
2025-09-04 19:58:19,884 - core.state_monitor - INFO - State Monitor initialized
2025-09-04 19:58:19,884 - core.computer_vision - INFO - Computer Vision engine initialized
2025-09-04 19:58:19,884 - core.vmware_input_simulator - INFO - VMware Input Simulator initialized
2025-09-04 19:58:19,884 - core.vmware_input_simulator - INFO - VMware mode: True
2025-09-04 19:58:19,884 - core.vmware_input_simulator - INFO - Input delay: 0.2s
2025-09-04 19:58:19,884 - core.vmware_input_simulator - INFO - Movement duration: 1.0s
2025-09-04 19:58:19,884 - automation.rune_creation - INFO - Loaded 3 rune positions from configuration
2025-09-04 19:58:19,885 - automation.rune_creation - INFO - Rune Creation Automation initialized
2025-09-04 19:58:19,885 - automation.rune_creation - INFO - Rune positions: 3 configured
2025-09-04 19:58:19,885 - automation.rune_creation - INFO - Delay range: 2.0-5.0 minutes
2025-09-04 19:58:19,885 - automation.rune_creation - INFO - Blank rune image: C:\Users\Lucas\Desktop\workspace\personal\cyclops\blank.png
2025-09-04 19:58:19,885 - automation.food_eating - INFO - Food Eating Automation initialized
2025-09-04 19:58:19,885 - automation.food_eating - INFO - Food positions: 3 configured
2025-09-04 19:58:19,885 - automation.food_eating - INFO - Click range: 3-6
2025-09-04 19:58:19,885 - automation.food_eating - INFO - Delay range: 4.0-8.0 minutes
2025-09-04 19:58:19,885 - automation.health_monitor - INFO - Health Monitor Automation initialized
2025-09-04 19:58:19,885 - automation.workflow_manager - INFO - All automation modules initialized
2025-09-04 19:58:19,885 - automation.workflow_manager - INFO - Workflow Manager initialized
2025-09-04 19:58:19,885 - core.global_hotkeys - INFO - Global Hotkey Manager initialized
2025-09-04 19:58:19,941 - core.global_hotkeys - INFO - Registered global hotkey: f2 - Test Rune Creation
2025-09-04 19:58:19,941 - core.global_hotkeys - INFO - Registered global hotkey: f3 - Test Food Eating
2025-09-04 19:58:19,941 - core.global_hotkeys - INFO - Registered global hotkey: page down - Test Image Search
2025-09-04 19:58:19,941 - core.global_hotkeys - INFO - Registered global hotkey: page up - Test Rune Detection
2025-09-04 19:58:19,941 - core.global_hotkeys - INFO - Global hotkey manager started
2025-09-04 19:58:19,942 - gui.main_window - INFO - Global hotkeys registered and started
2025-09-04 19:58:19,949 - gui.main_window - INFO - Updating rune positions display. Current positions: [(1584, 437), (1591, 437), (1595, 441)]
2025-09-04 19:58:19,950 - gui.main_window - INFO - Updated display to: Positions: (1584, 437), (1591, 437), (1595, 441) (3/3)
2025-09-04 19:58:19,953 - gui.main_window - INFO - Updated rune search region display: Region: (1418, 207) - 150x371
2025-09-04 19:58:19,957 - gui.main_window - INFO - Updating food positions display. Current positions: [[1692, 745], [1693, 743], [1697, 742]]
2025-09-04 19:58:19,957 - gui.main_window - INFO - Updated display to: Positions: (1692, 745), (1693, 743), (1697, 742) (3/3)
2025-09-04 19:58:19,971 - gui.region_selector - INFO - Region overlay created at (1670, 665) - Border only
2025-09-04 19:58:19,972 - gui.main_window - INFO - Persistent overlay created at (1670, 665) - 124x43
2025-09-04 19:58:19,972 - gui.region_selector - INFO - Region overlay created at (1418, 207) - Border only
2025-09-04 19:58:19,972 - gui.main_window - INFO - Rune persistent overlay created at (1418, 207) - 150x371
2025-09-04 19:58:19,972 - automation.workflow_manager - INFO - Registered callback for health_monitor
2025-09-04 19:58:19,974 - gui.main_window - INFO - Main window initialized
2025-09-04 19:58:19,974 - cyclops - INFO - Application started successfully
2025-09-04 19:58:30,247 - gui.region_selector - INFO - Region selector initialized
2025-09-04 19:58:31,632 - gui.region_selector - INFO - Region selected: X:1659, Y:562, W:151, H:71
2025-09-04 19:58:32,435 - gui.region_selector - INFO - Region overlay destroyed
2025-09-04 19:58:32,436 - gui.region_selector - INFO - Region overlay created at (1659, 562) - Border only
2025-09-04 19:58:32,437 - gui.main_window - INFO - Persistent overlay created at (1659, 562) - 151x71
2025-09-04 19:58:32,455 - gui.main_window - INFO - Health region selected: {'x': 1659, 'y': 562, 'width': 151, 'height': 71}
2025-09-04 19:58:34,786 - gui.main_window - INFO - Testing health reference detection...
2025-09-04 19:58:34,786 - gui.main_window - INFO - Searching for health reference in region: (1659, 562, 151, 71)
2025-09-04 19:58:34,786 - gui.main_window - INFO - Using health reference image: C:\Users\Lucas\Desktop\workspace\personal\cyclops\health_reference.png
2025-09-04 19:58:34,822 - gui.main_window - INFO - SUCCESS: HEALTH REFERENCE FOUND at (98, 36)
2025-09-04 20:01:07,534 - cyclops - INFO - Starting Cyclops Desktop Automation Application
2025-09-04 20:01:07,703 - utils.config_manager - INFO - Configuration loaded from C:\Users\Lucas\Desktop\workspace\personal\cyclops\config\default_config.json
2025-09-04 20:01:07,703 - utils.config_manager - INFO - Configuration manager initialized with: C:\Users\Lucas\Desktop\workspace\personal\cyclops\config\default_config.json
2025-09-04 20:01:07,704 - core.screen_capture - INFO - Screen resolution: 1920x1080
2025-09-04 20:01:07,704 - core.ocr_engine - INFO - Tesseract path set to: C:\Program Files\Tesseract-OCR\tesseract.exe
2025-09-04 20:01:07,704 - core.ocr_engine - INFO - OCR Engine initialized with language: eng
2025-09-04 20:01:07,704 - core.computer_vision - INFO - Computer Vision engine initialized
2025-09-04 20:01:07,704 - core.window_focus - INFO - Window Focus Handler initialized
2025-09-04 20:01:07,704 - core.input_simulator - INFO - Input Simulator initialized
2025-09-04 20:01:07,704 - core.state_monitor - INFO - State Monitor initialized
2025-09-04 20:01:07,704 - core.computer_vision - INFO - Computer Vision engine initialized
2025-09-04 20:01:07,704 - core.vmware_input_simulator - INFO - VMware Input Simulator initialized
2025-09-04 20:01:07,704 - core.vmware_input_simulator - INFO - VMware mode: True
2025-09-04 20:01:07,704 - core.vmware_input_simulator - INFO - Input delay: 0.2s
2025-09-04 20:01:07,704 - core.vmware_input_simulator - INFO - Movement duration: 1.0s
2025-09-04 20:01:07,704 - automation.rune_creation - INFO - Loaded 3 rune positions from configuration
2025-09-04 20:01:07,704 - automation.rune_creation - INFO - Rune Creation Automation initialized
2025-09-04 20:01:07,704 - automation.rune_creation - INFO - Rune positions: 3 configured
2025-09-04 20:01:07,705 - automation.rune_creation - INFO - Delay range: 2.0-5.0 minutes
2025-09-04 20:01:07,705 - automation.rune_creation - INFO - Blank rune image: C:\Users\Lucas\Desktop\workspace\personal\cyclops\blank.png
2025-09-04 20:01:07,705 - automation.food_eating - INFO - Food Eating Automation initialized
2025-09-04 20:01:07,705 - automation.food_eating - INFO - Food positions: 3 configured
2025-09-04 20:01:07,705 - automation.food_eating - INFO - Click range: 3-6
2025-09-04 20:01:07,705 - automation.food_eating - INFO - Delay range: 4.0-8.0 minutes
2025-09-04 20:01:07,705 - automation.health_monitor - INFO - Health Monitor Automation initialized
2025-09-04 20:01:07,705 - automation.workflow_manager - INFO - All automation modules initialized
2025-09-04 20:01:07,705 - automation.workflow_manager - INFO - Workflow Manager initialized
2025-09-04 20:01:07,705 - core.global_hotkeys - INFO - Global Hotkey Manager initialized
2025-09-04 20:01:07,765 - core.global_hotkeys - INFO - Registered global hotkey: f2 - Test Rune Creation
2025-09-04 20:01:07,765 - core.global_hotkeys - INFO - Registered global hotkey: f3 - Test Food Eating
2025-09-04 20:01:07,766 - core.global_hotkeys - INFO - Registered global hotkey: page down - Test Image Search
2025-09-04 20:01:07,766 - core.global_hotkeys - INFO - Registered global hotkey: page up - Test Rune Detection
2025-09-04 20:01:07,766 - core.global_hotkeys - INFO - Global hotkey manager started
2025-09-04 20:01:07,766 - gui.main_window - INFO - Global hotkeys registered and started
2025-09-04 20:01:07,778 - gui.main_window - INFO - Updating rune positions display. Current positions: [(1584, 437), (1591, 437), (1595, 441)]
2025-09-04 20:01:07,779 - gui.main_window - INFO - Updated display to: Positions: (1584, 437), (1591, 437), (1595, 441) (3/3)
2025-09-04 20:01:07,783 - gui.main_window - INFO - Updated rune search region display: Region: (1418, 207) - 150x371
2025-09-04 20:01:07,790 - gui.main_window - INFO - Updating food positions display. Current positions: [[1692, 745], [1693, 743], [1697, 742]]
2025-09-04 20:01:07,791 - gui.main_window - INFO - Updated display to: Positions: (1692, 745), (1693, 743), (1697, 742) (3/3)
2025-09-04 20:01:07,808 - gui.region_selector - INFO - Region overlay created at (1670, 665) - Border only
2025-09-04 20:01:07,808 - gui.main_window - INFO - Persistent overlay created at (1670, 665) - 124x43
2025-09-04 20:01:07,809 - gui.region_selector - INFO - Region overlay created at (1418, 207) - Border only
2025-09-04 20:01:07,809 - gui.main_window - INFO - Rune persistent overlay created at (1418, 207) - 150x371
2025-09-04 20:01:07,809 - automation.workflow_manager - INFO - Registered callback for health_monitor
2025-09-04 20:01:07,809 - gui.main_window - INFO - Main window initialized
2025-09-04 20:01:07,809 - cyclops - INFO - Application started successfully
2025-09-04 20:01:11,983 - cyclops - INFO - Starting Cyclops Desktop Automation Application
2025-09-04 20:01:12,144 - utils.config_manager - INFO - Configuration loaded from C:\Users\Lucas\Desktop\workspace\personal\cyclops\config\default_config.json
2025-09-04 20:01:12,144 - utils.config_manager - INFO - Configuration manager initialized with: C:\Users\Lucas\Desktop\workspace\personal\cyclops\config\default_config.json
2025-09-04 20:01:12,145 - core.screen_capture - INFO - Screen resolution: 1920x1080
2025-09-04 20:01:12,145 - core.ocr_engine - INFO - Tesseract path set to: C:\Program Files\Tesseract-OCR\tesseract.exe
2025-09-04 20:01:12,145 - core.ocr_engine - INFO - OCR Engine initialized with language: eng
2025-09-04 20:01:12,145 - core.computer_vision - INFO - Computer Vision engine initialized
2025-09-04 20:01:12,145 - core.window_focus - INFO - Window Focus Handler initialized
2025-09-04 20:01:12,145 - core.input_simulator - INFO - Input Simulator initialized
2025-09-04 20:01:12,145 - core.state_monitor - INFO - State Monitor initialized
2025-09-04 20:01:12,145 - core.computer_vision - INFO - Computer Vision engine initialized
2025-09-04 20:01:12,145 - core.vmware_input_simulator - INFO - VMware Input Simulator initialized
2025-09-04 20:01:12,145 - core.vmware_input_simulator - INFO - VMware mode: True
2025-09-04 20:01:12,145 - core.vmware_input_simulator - INFO - Input delay: 0.2s
2025-09-04 20:01:12,145 - core.vmware_input_simulator - INFO - Movement duration: 1.0s
2025-09-04 20:01:12,145 - automation.rune_creation - INFO - Loaded 3 rune positions from configuration
2025-09-04 20:01:12,145 - automation.rune_creation - INFO - Rune Creation Automation initialized
2025-09-04 20:01:12,145 - automation.rune_creation - INFO - Rune positions: 3 configured
2025-09-04 20:01:12,146 - automation.rune_creation - INFO - Delay range: 2.0-5.0 minutes
2025-09-04 20:01:12,146 - automation.rune_creation - INFO - Blank rune image: C:\Users\Lucas\Desktop\workspace\personal\cyclops\blank.png
2025-09-04 20:01:12,146 - automation.food_eating - INFO - Food Eating Automation initialized
2025-09-04 20:01:12,146 - automation.food_eating - INFO - Food positions: 3 configured
2025-09-04 20:01:12,146 - automation.food_eating - INFO - Click range: 3-6
2025-09-04 20:01:12,146 - automation.food_eating - INFO - Delay range: 4.0-8.0 minutes
2025-09-04 20:01:12,146 - automation.health_monitor - INFO - Health Monitor Automation initialized
2025-09-04 20:01:12,146 - automation.workflow_manager - INFO - All automation modules initialized
2025-09-04 20:01:12,147 - automation.workflow_manager - INFO - Workflow Manager initialized
2025-09-04 20:01:12,147 - core.global_hotkeys - INFO - Global Hotkey Manager initialized
2025-09-04 20:01:12,203 - core.global_hotkeys - INFO - Registered global hotkey: f2 - Test Rune Creation
2025-09-04 20:01:12,204 - core.global_hotkeys - INFO - Registered global hotkey: f3 - Test Food Eating
2025-09-04 20:01:12,204 - core.global_hotkeys - INFO - Registered global hotkey: page down - Test Image Search
2025-09-04 20:01:12,204 - core.global_hotkeys - INFO - Registered global hotkey: page up - Test Rune Detection
2025-09-04 20:01:12,204 - core.global_hotkeys - INFO - Global hotkey manager started
2025-09-04 20:01:12,204 - gui.main_window - INFO - Global hotkeys registered and started
2025-09-04 20:01:12,215 - gui.main_window - INFO - Updating rune positions display. Current positions: [(1584, 437), (1591, 437), (1595, 441)]
2025-09-04 20:01:12,215 - gui.main_window - INFO - Updated display to: Positions: (1584, 437), (1591, 437), (1595, 441) (3/3)
2025-09-04 20:01:12,220 - gui.main_window - INFO - Updated rune search region display: Region: (1418, 207) - 150x371
2025-09-04 20:01:12,222 - gui.main_window - INFO - Updating food positions display. Current positions: [[1692, 745], [1693, 743], [1697, 742]]
2025-09-04 20:01:12,223 - gui.main_window - INFO - Updated display to: Positions: (1692, 745), (1693, 743), (1697, 742) (3/3)
2025-09-04 20:01:12,238 - gui.region_selector - INFO - Region overlay created at (1670, 665) - Border only
2025-09-04 20:01:12,238 - gui.main_window - INFO - Persistent overlay created at (1670, 665) - 124x43
2025-09-04 20:01:12,239 - gui.region_selector - INFO - Region overlay created at (1418, 207) - Border only
2025-09-04 20:01:12,240 - gui.main_window - INFO - Rune persistent overlay created at (1418, 207) - 150x371
2025-09-04 20:01:12,240 - automation.workflow_manager - INFO - Registered callback for health_monitor
2025-09-04 20:01:12,240 - gui.main_window - INFO - Main window initialized
2025-09-04 20:01:12,240 - cyclops - INFO - Application started successfully
2025-09-04 20:01:26,873 - automation.rune_creation - INFO - Cleared all rune positions
2025-09-04 20:01:26,874 - gui.main_window - INFO - Updating rune positions display. Current positions: []
2025-09-04 20:01:26,875 - gui.main_window - INFO - Updated display to: No positions configured (0/3)
2025-09-04 20:01:29,297 - gui.main_window - INFO - Starting rune position recording...
2025-09-04 20:01:29,300 - gui.region_selector - INFO - Started recording 3 rune target positions
2025-09-04 20:01:30,214 - gui.region_selector - INFO - Recorded rune target position 1 at (1712, 291)
2025-09-04 20:01:30,483 - gui.region_selector - INFO - Recorded rune target position 2 at (1709, 283)
2025-09-04 20:01:30,815 - gui.region_selector - INFO - Recorded final rune target position 3 at (1713, 279)
2025-09-04 20:01:32,332 - gui.main_window - INFO - Rune position recording callback received: [(1712, 291), (1709, 283), (1713, 279)]
2025-09-04 20:01:32,333 - automation.rune_creation - INFO - Cleared all rune positions
2025-09-04 20:01:32,333 - gui.main_window - INFO - Adding rune position 1: (1712, 291)
2025-09-04 20:01:32,336 - automation.rune_creation - INFO - Added rune position: (1712, 291)
2025-09-04 20:01:32,339 - gui.main_window - INFO - Successfully added rune position 1: (1712, 291)
2025-09-04 20:01:32,339 - gui.main_window - INFO - Adding rune position 2: (1709, 283)
2025-09-04 20:01:32,339 - automation.rune_creation - INFO - Added rune position: (1709, 283)
2025-09-04 20:01:32,339 - gui.main_window - INFO - Successfully added rune position 2: (1709, 283)
2025-09-04 20:01:32,339 - gui.main_window - INFO - Adding rune position 3: (1713, 279)
2025-09-04 20:01:32,342 - automation.rune_creation - INFO - Added rune position: (1713, 279)
2025-09-04 20:01:32,344 - gui.main_window - INFO - Successfully added rune position 3: (1713, 279)
2025-09-04 20:01:32,347 - gui.main_window - INFO - Updating rune positions display. Current positions: [(1712, 291), (1709, 283), (1713, 279)]
2025-09-04 20:01:32,348 - gui.main_window - INFO - Updated display to: Positions: (1712, 291), (1709, 283), (1713, 279) (3/3)
2025-09-04 20:01:35,481 - gui.region_selector - INFO - Region selector initialized
2025-09-04 20:01:36,753 - gui.region_selector - INFO - Region selected: X:1539, Y:189, W:74, H:68
2025-09-04 20:01:37,626 - gui.main_window - INFO - Rune search region selected: (1539, 189) - 74x68
2025-09-04 20:01:37,627 - gui.main_window - INFO - Updated rune search region display: Region: (1539, 189) - 74x68
2025-09-04 20:01:37,643 - gui.region_selector - INFO - Region overlay destroyed
2025-09-04 20:01:37,644 - gui.region_selector - INFO - Region overlay created at (1539, 189) - Border only
2025-09-04 20:01:37,645 - gui.main_window - INFO - Rune persistent overlay created at (1539, 189) - 74x68
2025-09-04 20:01:54,501 - gui.region_selector - INFO - Region selector initialized
2025-09-04 20:01:55,902 - gui.region_selector - INFO - Region selected: X:1662, Y:554, W:152, H:95
2025-09-04 20:01:56,548 - gui.region_selector - INFO - Region overlay destroyed
2025-09-04 20:01:56,552 - gui.region_selector - INFO - Region overlay created at (1662, 554) - Border only
2025-09-04 20:01:56,554 - gui.main_window - INFO - Persistent overlay created at (1662, 554) - 152x95
2025-09-04 20:01:56,598 - gui.main_window - INFO - Health region selected: {'x': 1662, 'y': 554, 'width': 152, 'height': 95}
2025-09-04 20:02:00,930 - gui.main_window - INFO - Testing health reference detection...
2025-09-04 20:02:00,930 - gui.main_window - INFO - Searching for health reference in region: (1662, 554, 152, 95)
2025-09-04 20:02:00,931 - gui.main_window - INFO - Using health reference image: C:\Users\Lucas\Desktop\workspace\personal\cyclops\health_reference.png
2025-09-04 20:02:00,966 - gui.main_window - WARNING - ERROR: HEALTH REFERENCE NOT FOUND (confidence: 0.676, threshold: 0.8)
2025-09-04 20:02:15,045 - gui.main_window - INFO - Testing health reference detection...
2025-09-04 20:02:15,045 - gui.main_window - INFO - Searching for health reference in region: (1662, 554, 152, 95)
2025-09-04 20:02:15,046 - gui.main_window - INFO - Using health reference image: C:\Users\Lucas\Desktop\workspace\personal\cyclops\health_reference.png
2025-09-04 20:02:15,066 - gui.main_window - WARNING - ERROR: HEALTH REFERENCE NOT FOUND (confidence: 0.676, threshold: 0.8)
2025-09-04 20:02:37,538 - gui.main_window - INFO - Testing health reference detection...
2025-09-04 20:02:37,538 - gui.main_window - INFO - Searching for health reference in region: (1662, 554, 152, 95)
2025-09-04 20:02:37,539 - gui.main_window - INFO - Using health reference image: C:\Users\Lucas\Desktop\workspace\personal\cyclops\health_reference.png
2025-09-04 20:02:37,563 - gui.main_window - WARNING - ERROR: HEALTH REFERENCE NOT FOUND (confidence: 0.659, threshold: 0.8)
2025-09-04 20:02:50,346 - gui.main_window - INFO - Testing health reference detection...
2025-09-04 20:02:50,347 - gui.main_window - INFO - Searching for health reference in region: (1662, 554, 152, 95)
2025-09-04 20:02:50,348 - gui.main_window - INFO - Using health reference image: C:\Users\Lucas\Desktop\workspace\personal\cyclops\health_reference.png
2025-09-04 20:02:50,368 - gui.main_window - WARNING - ERROR: HEALTH REFERENCE NOT FOUND (confidence: 0.659, threshold: 0.8)
2025-09-04 20:02:58,208 - gui.region_selector - INFO - Region overlay destroyed
2025-09-04 20:02:58,210 - gui.region_selector - INFO - Region overlay created at (50, 50) - Border only
2025-09-04 20:02:58,210 - gui.main_window - INFO - Persistent overlay created at (50, 50) - 200x20
2025-09-04 20:02:58,210 - gui.main_window - INFO - Health region cleared and reset to default
2025-09-04 20:03:00,172 - gui.region_selector - INFO - Region selector initialized
2025-09-04 20:03:01,923 - gui.region_selector - INFO - Region selected: X:1678, Y:564, W:133, H:66
2025-09-04 20:03:02,931 - gui.region_selector - INFO - Region overlay destroyed
2025-09-04 20:03:02,935 - gui.region_selector - INFO - Region overlay created at (1678, 564) - Border only
2025-09-04 20:03:02,938 - gui.main_window - INFO - Persistent overlay created at (1678, 564) - 133x66
2025-09-04 20:03:02,998 - gui.main_window - INFO - Health region selected: {'x': 1678, 'y': 564, 'width': 133, 'height': 66}
2025-09-04 20:03:06,950 - gui.main_window - INFO - Testing health reference detection...
2025-09-04 20:03:06,950 - gui.main_window - INFO - Searching for health reference in region: (1678, 564, 133, 66)
2025-09-04 20:03:06,951 - gui.main_window - INFO - Using health reference image: C:\Users\Lucas\Desktop\workspace\personal\cyclops\health_reference.png
2025-09-04 20:03:06,970 - gui.main_window - WARNING - ERROR: HEALTH REFERENCE NOT FOUND (confidence: 0.659, threshold: 0.8)
